"Practice","RT","accuracy","adaptive_category","adaptive_change","adaptive_phase","alternation_detected","block","cond","condition","correct","correct_keyboard_response","correct_response","data_row_type","display_height","display_width","experiment_path","experimental_trial_count","exposure_HF","exposure_LF","exposure_Pseudo","exposure_Random","exposure_floor_reached","exposure_time_after","exposure_time_before","fixation_dur","history_HF","history_LF","history_Pseudo","history_Random","keyboard_backend","mouse_backend","outcome_history_after","outcome_history_before","response_keyboard_response","response_time_keyboard_response","response_was_timeout","scaled_font_size","step_HF","step_LF","step_Pseudo","step_Random","step_size_after","step_size_applied","step_size_before","stimulus","subject_nr","testing_trial_limit","time_Experimental","time_Practice","time_block_start","time_end_of_block_trigger","time_end_of_experiment","time_end_of_practice_block_trigger","time_experiment","time_experimental_block","time_experimental_sequence","time_feedback","time_fixation","time_fixation_duration","time_generalpreps","time_keyboard_response","time_main_instructions","time_new_block","time_new_block_trigger","time_new_sketchpad","time_practice_block","time_practice_block_trigger","time_practice_sequence_1","time_practice_start","time_presstostart","time_response_trigger","time_stimulus","time_stimulus_trigger","time_trial_sequence","title"
"No","910","1","LF","-50","experimental","0","1","LF","2","1","1","n","trial","1080","1920","/Users/justina/Downloads/lexical_decision","1","2000","1950","2000","2000","0","1950","2000","529","","1","","","legacy","xpyriment","1","","n","910","0","20","50","50","50","50","50","50","50","ventjes","12","200","11273","NA","11369","NA","NA","NA","2128","24831","11366","NA","24920","24919","2206","25454","2207","11367","24831","NA","NA","NA","NA","NA","23503","26365","25454","NA","24918","LexicalDecision"
"No","506","1","HF","-50","experimental","0","1","HF","1","1","1","n","trial","1080","1920","/Users/justina/Downloads/lexical_decision","2","1950","1950","2000","2000","0","1950","2000","489","1","1","","","legacy","xpyriment","1","","n","506","0","20","50","50","50","50","50","50","50","jongen","12","200","11273","NA","11369","NA","NA","NA","2128","24831","11366","NA","26498","26497","2206","26989","2207","11367","24831","NA","NA","NA","NA","NA","23503","27495","26989","NA","26497","LexicalDecision"
"No","429","1","HF","-50","experimental","0","1","HF","1","1","1","n","trial","1080","1920","/Users/justina/Downloads/lexical_decision","3","1900","1950","2000","2000","0","1900","1950","564","11","1","","","legacy","xpyriment","11","1","n","429","0","20","50","50","50","50","50","50","50","niveau","12","200","11273","NA","11369","NA","NA","NA","2128","24831","11366","NA","27613","27612","2206","28181","2207","11367","24831","NA","NA","NA","NA","NA","23503","28610","28181","NA","27611","LexicalDecision"
"No","529","1","Random","-50","experimental","0","1","Random","4","1","1","m","trial","1080","1920","/Users/justina/Downloads/lexical_decision","4","1900","1950","2000","1950","0","1950","2000","522","11","1","","1","legacy","xpyriment","1","","m","529","0","20","50","50","50","50","50","50","50","trsshi","12","200","11273","NA","11369","NA","NA","NA","2128","24831","11366","NA","28727","28726","2206","29252","2207","11367","24831","NA","NA","NA","NA","NA","23503","29782","29252","NA","28726","LexicalDecision"
"No","619","1","Random","-50","experimental","0","1","Random","4","1","1","m","trial","1080","1920","/Users/justina/Downloads/lexical_decision","5","1900","1950","2000","1900","0","1900","1950","523","11","1","","11","legacy","xpyriment","11","1","m","619","0","20","50","50","50","50","50","50","50","mjlisne","12","200","11273","NA","11369","NA","NA","NA","2128","24831","11366","NA","29900","29899","2206","30428","2207","11367","24831","NA","NA","NA","NA","NA","23503","31049","30428","NA","29899","LexicalDecision"
"No","466","1","Pseudo","-50","experimental","0","1","Pseudo","3","1","1","m","trial","1080","1920","/Users/justina/Downloads/lexical_decision","6","1900","1950","1950","1900","0","1950","2000","550","11","1","1","11","legacy","xpyriment","1","","m","466","0","20","50","50","50","50","50","50","50","distijfs","12","200","11273","NA","11369","NA","NA","NA","2128","24831","11366","NA","31167","31166","2206","31719","2207","11367","24831","NA","NA","NA","NA","NA","23503","32186","31719","NA","31166","LexicalDecision"
"No","467","1","Random","-50","experimental","0","1","Random","4","1","1","m","trial","1080","1920","/Users/justina/Downloads/lexical_decision","7","1900","1950","1950","1850","0","1850","1900","545","11","1","1","111","legacy","xpyriment","111","11","m","467","0","20","50","50","50","50","50","50","50","fjeiert","12","200","11273","NA","11369","NA","NA","NA","2128","24831","11366","NA","32303","32302","2206","32850","2207","11367","24831","NA","NA","NA","NA","NA","23503","33318","32850","NA","32302","LexicalDecision"
"No","685","1","Pseudo","-50","experimental","0","1","Pseudo","3","1","1","m","trial","1080","1920","/Users/justina/Downloads/lexical_decision","8","1900","1950","1900","1850","0","1900","1950","498","11","1","11","111","legacy","xpyriment","11","1","m","685","0","20","50","50","50","50","50","50","50","diedde","12","200","11273","NA","11369","NA","NA","NA","2128","24831","11366","NA","33435","33434","2206","33937","2207","11367","24831","NA","NA","NA","NA","NA","23503","34622","33937","NA","33434","LexicalDecision"
"No","476","1","Random","-50","experimental","0","1","Random","4","1","1","m","trial","1080","1920","/Users/justina/Downloads/lexical_decision","9","1900","1950","1900","1800","0","1800","1850","497","11","1","11","1111","legacy","xpyriment","1111","111","m","476","0","20","50","50","50","50","50","50","50","fetssoj","12","200","11273","NA","11369","NA","NA","NA","2128","24831","11366","NA","34741","34740","2206","35240","2207","11367","24831","NA","NA","NA","NA","NA","23503","35717","35240","NA","34740","LexicalDecision"
"No","545","0","Pseudo","50","experimental","0","1","Pseudo","3","0","0","m","trial","1080","1920","/Users/justina/Downloads/lexical_decision","10","1900","1950","1950","1800","0","1950","1900","439","11","1","110","1111","legacy","xpyriment","110","11","n","545","0","20","50","50","50","50","50","50","50","waarman","12","200","11273","NA","11369","NA","NA","NA","2128","24831","11366","36854","35837","35836","2206","36279","2207","11367","24831","NA","NA","NA","NA","NA","23503","36825","36279","NA","35836","LexicalDecision"
"No","676","0","HF","50","experimental","0","1","HF","1","0","0","n","trial","1080","1920","/Users/justina/Downloads/lexical_decision","11","1950","1950","1950","1800","0","1950","1900","531","110","1","110","1111","legacy","xpyriment","110","11","m","676","0","20","50","50","50","50","50","50","50","begrijp","12","200","11273","NA","11369","NA","NA","NA","2128","24831","11366","40237","38997","38996","2206","39530","2207","11367","24831","NA","NA","NA","NA","NA","23503","40207","39530","NA","38995","LexicalDecision"
"No","774","1","Pseudo","-50","experimental","0","1","Pseudo","3","1","1","m","trial","1080","1920","/Users/justina/Downloads/lexical_decision","12","1950","1950","1900","1800","0","1900","1950","402","110","1","1101","1111","legacy","xpyriment","1101","110","m","774","0","20","50","50","50","50","50","50","50","strag","12","200","11273","NA","11369","NA","NA","NA","2128","24831","11366","40237","42377","42376","2206","42781","2207","11367","24831","NA","NA","NA","NA","NA","23503","43556","42781","NA","42376","LexicalDecision"
"No","503","1","Random","-50","experimental","0","1","Random","4","1","1","m","trial","1080","1920","/Users/justina/Downloads/lexical_decision","13","1950","1950","1900","1750","0","1750","1800","533","110","1","1101","1111","legacy","xpyriment","1111","1111","m","503","0","20","50","50","50","50","50","50","50","oetjls","12","200","11273","NA","11369","NA","NA","NA","2128","24831","11366","40237","43674","43673","2206","44211","2207","11367","24831","NA","NA","NA","NA","NA","23503","44715","44210","NA","43673","LexicalDecision"
"No","643","0","Pseudo","25","experimental","1","1","Pseudo","3","0","0","m","trial","1080","1920","/Users/justina/Downloads/lexical_decision","14","1950","1950","1925","1750","0","1925","1900","520","110","1","","1111","legacy","xpyriment","","1101","n","643","0","20","50","50","25","50","25","25","50","aand","12","200","11273","NA","11369","NA","NA","NA","2128","24831","11366","46026","44830","44829","2206","45353","2207","11367","24831","NA","NA","NA","NA","NA","23503","45997","45353","NA","44829","LexicalDecision"
"No","718","1","Random","-50","experimental","0","1","Random","4","1","1","m","trial","1080","1920","/Users/justina/Downloads/lexical_decision","15","1950","1950","1925","1700","0","1700","1750","412","110","1","","1111","legacy","xpyriment","1111","1111","m","718","0","20","50","50","25","50","50","50","50","gdisje","12","200","11273","NA","11369","NA","NA","NA","2128","24831","11366","46026","48166","48165","2206","48580","2207","11367","24831","NA","NA","NA","NA","NA","23503","49299","48580","NA","48165","LexicalDecision"
"No","560","0","HF","50","experimental","0","1","HF","1","0","0","n","trial","1080","1920","/Users/justina/Downloads/lexical_decision","16","2000","1950","1925","1700","0","2000","1950","545","1100","1","","1111","legacy","xpyriment","1100","110","m","560","0","20","50","50","25","50","50","50","50","centrum","12","200","11273","NA","11369","NA","NA","NA","2128","24831","11366","50554","49415","49414","2206","49964","2207","11367","24831","NA","NA","NA","NA","NA","23503","50525","49964","NA","49414","LexicalDecision"
"No","606","1","Random","-50","experimental","0","1","Random","4","1","1","m","trial","1080","1920","/Users/justina/Downloads/lexical_decision","17","2000","1950","1925","1650","0","1650","1700","412","1100","1","","1111","legacy","xpyriment","1111","1111","m","606","0","20","50","50","25","50","50","50","50","sutilpor","12","200","11273","NA","11369","NA","NA","NA","2128","24831","11366","50554","52697","52696","2206","53112","2207","11367","24831","NA","NA","NA","NA","NA","23503","53719","53112","NA","52696","LexicalDecision"
"No","919","1","LF","-50","experimental","0","1","LF","2","1","1","n","trial","1080","1920","/Users/justina/Downloads/lexical_decision","18","2000","1900","1925","1650","0","1900","1950","504","1100","11","","1111","legacy","xpyriment","11","1","n","919","0","20","50","50","25","50","50","50","50","darmpje","12","200","11273","NA","11369","NA","NA","NA","2128","24831","11366","50554","53834","53833","2206","54343","2207","11367","24831","NA","NA","NA","NA","NA","23503","55263","54343","NA","53833","LexicalDecision"
"No","767","0","Random","50","experimental","0","1","Random","4","0","0","m","trial","1080","1920","/Users/justina/Downloads/lexical_decision","19","2000","1900","1925","1700","0","1700","1650","435","1100","11","","1110","legacy","xpyriment","1110","1111","n","767","0","20","50","50","25","50","50","50","50","keeewjs","12","200","11273","NA","11369","NA","NA","NA","2128","24831","11366","56612","55379","55378","2206","55817","2207","11367","24831","NA","NA","NA","NA","NA","23503","56584","55816","NA","55377","LexicalDecision"
"No","804","1","LF","-50","experimental","0","1","LF","2","1","1","n","trial","1080","1920","/Users/justina/Downloads/lexical_decision","20","2000","1850","1925","1700","0","1850","1900","592","1100","111","","1110","legacy","xpyriment","111","11","n","804","0","20","50","50","25","50","50","50","50","klapjes","12","200","11273","NA","11369","NA","NA","NA","2128","24831","11366","56612","58747","58746","2206","59342","2207","11367","24831","NA","NA","NA","NA","NA","23503","60147","59342","NA","58745","LexicalDecision"
"No","767","1","Pseudo","-25","experimental","0","1","Pseudo","3","1","1","m","trial","1080","1920","/Users/justina/Downloads/lexical_decision","21","2000","1850","1900","1700","0","1900","1925","419","1100","111","1","1110","legacy","xpyriment","1","","m","767","0","20","50","50","25","50","25","25","25","derken","12","200","11273","NA","11369","NA","NA","NA","2128","24831","11366","56612","60262","60261","2206","60682","2207","11367","24831","NA","NA","NA","NA","NA","23503","61450","60682","NA","60261","LexicalDecision"
"No","538","1","Pseudo","-25","experimental","0","1","Pseudo","3","1","1","m","trial","1080","1920","/Users/justina/Downloads/lexical_decision","22","2000","1850","1875","1700","0","1875","1900","400","1100","111","11","1110","legacy","xpyriment","11","1","m","538","0","20","50","50","25","50","25","25","25","bevacht","12","200","11273","NA","11369","NA","NA","NA","2128","24831","11366","56612","61566","61565","2206","61969","2207","11367","24831","NA","NA","NA","NA","NA","23503","62507","61969","NA","61565","LexicalDecision"
"No","608","1","LF","-50","experimental","0","1","LF","2","1","1","n","trial","1080","1920","/Users/justina/Downloads/lexical_decision","23","2000","1800","1875","1700","0","1800","1850","400","1100","1111","11","1110","legacy","xpyriment","1111","111","n","608","0","20","50","50","25","50","50","50","50","boffen","12","200","11273","NA","11369","NA","NA","NA","2128","24831","11366","56612","62623","62622","2206","63026","2207","11367","24831","NA","NA","NA","NA","NA","23503","63635","63026","NA","62622","LexicalDecision"
"No","712","1","Random","-50","experimental","0","1","Random","4","1","1","m","trial","1080","1920","/Users/justina/Downloads/lexical_decision","24","2000","1800","1875","1650","0","1650","1700","529","1100","1111","11","1101","legacy","xpyriment","1101","1110","m","712","0","20","50","50","25","50","50","50","50","utiiscsb","12","200","11273","NA","11369","NA","NA","NA","2128","24831","11366","56612","63752","63751","2206","64284","2207","11367","24831","NA","NA","NA","NA","NA","23503","64997","64284","NA","63751","LexicalDecision"
"No","775","1","LF","-50","experimental","0","1","LF","2","1","1","n","trial","1080","1920","/Users/justina/Downloads/lexical_decision","25","2000","1750","1875","1650","0","1750","1800","488","1100","1111","11","1101","legacy","xpyriment","1111","1111","n","775","0","20","50","50","25","50","50","50","50","dijkjes","12","200","11273","NA","11369","NA","NA","NA","2128","24831","11366","56612","65112","65111","2206","65603","2207","11367","24831","NA","NA","NA","NA","NA","23503","66378","65602","NA","65111","LexicalDecision"
"No","636","1","HF","-50","experimental","0","1","HF","1","1","1","n","trial","1080","1920","/Users/justina/Downloads/lexical_decision","26","1950","1750","1875","1650","0","1950","2000","414","1001","1111","11","1101","legacy","xpyriment","1001","1100","n","636","0","20","50","50","25","50","50","50","50","steek","12","200","11273","NA","11369","NA","NA","NA","2128","24831","11366","56612","66493","66492","2206","66909","2207","11367","24831","NA","NA","NA","NA","NA","23503","67546","66909","NA","66492","LexicalDecision"
"No","689","1","Pseudo","-25","experimental","0","1","Pseudo","3","1","1","m","trial","1080","1920","/Users/justina/Downloads/lexical_decision","27","1950","1750","1850","1650","0","1850","1875","411","1001","1111","111","1101","legacy","xpyriment","111","11","m","689","0","20","50","50","25","50","25","25","25","moofden","12","200","11273","NA","11369","NA","NA","NA","2128","24831","11366","56612","67662","67661","2206","68075","2207","11367","24831","NA","NA","NA","NA","NA","23503","68764","68075","NA","67661","LexicalDecision"
"No","1432","0","LF","50","experimental","0","1","LF","2","0","0","n","trial","1080","1920","/Users/justina/Downloads/lexical_decision","28","1950","1800","1850","1650","0","1800","1750","412","1001","1110","111","1101","legacy","xpyriment","1110","1111","m","1432","0","20","50","50","25","50","50","50","50","stunts","12","200","11273","NA","11369","NA","NA","NA","2128","24831","11366","70759","68881","68880","2206","69297","2207","11367","24831","NA","NA","NA","NA","NA","23503","70730","69296","NA","68880","LexicalDecision"
"No","1004","1","Pseudo","-25","experimental","0","1","Pseudo","3","1","1","m","trial","1080","1920","/Users/justina/Downloads/lexical_decision","29","1950","1800","1825","1650","0","1825","1850","458","1001","1110","1111","1101","legacy","xpyriment","1111","111","m","1004","0","20","50","50","25","50","25","25","25","duvo's","12","200","11273","NA","11369","NA","NA","NA","2128","24831","11366","70759","72896","72895","2206","73357","2207","11367","24831","NA","NA","NA","NA","NA","23503","74362","73357","NA","72895","LexicalDecision"
"No","579","1","Pseudo","-25","experimental","0","1","Pseudo","3","1","1","m","trial","1080","1920","/Users/justina/Downloads/lexical_decision","30","1950","1800","1800","1650","0","1800","1825","395","1001","1110","1111","1101","legacy","xpyriment","1111","1111","m","579","0","20","50","50","25","50","25","25","25","dize","12","200","11273","NA","11369","NA","NA","NA","2128","24831","11366","70759","74478","74478","2206","74875","2207","11367","24831","NA","NA","NA","NA","NA","23503","75454","74875","NA","74477","LexicalDecision"
"No","674","1","Pseudo","-25","experimental","0","1","Pseudo","3","1","1","m","trial","1080","1920","/Users/justina/Downloads/lexical_decision","31","1950","1800","1775","1650","0","1775","1800","548","1001","1110","1111","1101","legacy","xpyriment","1111","1111","m","674","0","20","50","50","25","50","25","25","25","roord","12","200","11273","NA","11369","NA","NA","NA","2128","24831","11366","70759","75570","75569","2206","76121","2207","11367","24831","NA","NA","NA","NA","NA","23503","76796","76121","NA","75568","LexicalDecision"
"No","685","1","HF","-50","experimental","0","1","HF","1","1","1","n","trial","1080","1920","/Users/justina/Downloads/lexical_decision","32","1900","1800","1775","1650","0","1900","1950","576","11","1110","1111","1101","legacy","xpyriment","0011","1001","n","685","0","20","50","50","25","50","50","50","50","geen","12","200","11273","NA","11369","NA","NA","NA","2128","24831","11366","70759","76911","76910","2206","77490","2207","11367","24831","NA","NA","NA","NA","NA","23503","78175","77490","NA","76910","LexicalDecision"
"No","745","1","LF","-50","experimental","0","1","LF","2","1","1","n","trial","1080","1920","/Users/justina/Downloads/lexical_decision","33","1900","1750","1775","1650","0","1750","1800","577","11","1101","1111","1101","legacy","xpyriment","1101","1110","n","745","0","20","50","50","25","50","50","50","50","trutten","12","200","11273","NA","11369","NA","NA","NA","2128","24831","11366","70759","78291","78290","2206","78872","2207","11367","24831","NA","NA","NA","NA","NA","23503","79618","78872","NA","78290","LexicalDecision"
"No","938","1","Pseudo","-25","experimental","0","1","Pseudo","3","1","1","m","trial","1080","1920","/Users/justina/Downloads/lexical_decision","34","1900","1750","1750","1650","0","1750","1775","560","11","1101","1111","1101","legacy","xpyriment","1111","1111","m","938","0","20","50","50","25","50","25","25","25","mevel","12","200","11273","NA","11369","NA","NA","NA","2128","24831","11366","70759","79734","79733","2206","80296","2207","11367","24831","NA","NA","NA","NA","NA","23503","81234","80295","NA","79733","LexicalDecision"
"No","658","1","LF","-50","experimental","0","1","LF","2","1","1","n","trial","1080","1920","/Users/justina/Downloads/lexical_decision","35","1900","1700","1750","1650","0","1700","1750","526","11","1011","1111","1101","legacy","xpyriment","1011","1101","n","658","0","20","50","50","25","50","50","50","50","griepje","12","200","11273","NA","11369","NA","NA","NA","2128","24831","11366","70759","81351","81350","2206","81879","2207","11367","24831","NA","NA","NA","NA","NA","23503","82537","81878","NA","81350","LexicalDecision"
"No","692","1","Random","-50","experimental","0","1","Random","4","1","1","m","trial","1080","1920","/Users/justina/Downloads/lexical_decision","36","1900","1700","1750","1600","0","1600","1650","501","11","1011","1111","1011","legacy","xpyriment","1011","1101","m","692","0","20","50","50","25","50","50","50","50","o'mpaes","12","200","11273","NA","11369","NA","NA","NA","2128","24831","11366","70759","82653","82652","2206","83157","2207","11367","24831","NA","NA","NA","NA","NA","23503","83849","83156","NA","82652","LexicalDecision"
"No","692","0","Pseudo","25","experimental","0","1","Pseudo","3","0","0","m","trial","1080","1920","/Users/justina/Downloads/lexical_decision","37","1900","1700","1775","1600","0","1775","1750","538","11","1011","1110","1011","legacy","xpyriment","1110","1111","n","692","0","20","50","50","25","50","25","25","25","belin","12","200","11273","NA","11369","NA","NA","NA","2128","24831","11366","85227","83965","83964","2206","84505","2207","11367","24831","NA","NA","NA","NA","NA","23503","85197","84505","NA","83964","LexicalDecision"
"No","711","1","HF","-50","experimental","0","1","HF","1","1","1","n","trial","1080","1920","/Users/justina/Downloads/lexical_decision","38","1850","1700","1775","1600","0","1850","1900","402","111","1011","1110","1011","legacy","xpyriment","111","11","n","711","0","20","50","50","25","50","50","50","50","drukte","12","200","11273","NA","11369","NA","NA","NA","2128","24831","11366","85227","87366","87365","2206","87771","2207","11367","24831","NA","NA","NA","NA","NA","23503","88483","87771","NA","87365","LexicalDecision"
"No","676","1","HF","-50","experimental","0","1","HF","1","1","1","n","trial","1080","1920","/Users/justina/Downloads/lexical_decision","39","1800","1700","1775","1600","0","1800","1850","484","1111","1011","1110","1011","legacy","xpyriment","1111","111","n","676","0","20","50","50","25","50","50","50","50","motor","12","200","11273","NA","11369","NA","NA","NA","2128","24831","11366","85227","88601","88600","2206","89088","2207","11367","24831","NA","NA","NA","NA","NA","23503","89765","89088","NA","88600","LexicalDecision"
"No","554","1","LF","-50","experimental","0","1","LF","2","1","1","n","trial","1080","1920","/Users/justina/Downloads/lexical_decision","40","1800","1650","1775","1600","0","1650","1700","428","1111","111","1110","1011","legacy","xpyriment","0111","1011","n","554","0","20","50","50","25","50","50","50","50","trippen","12","200","11273","NA","11369","NA","NA","NA","2128","24831","11366","85227","89882","89881","2206","90312","2207","11367","24831","NA","NA","NA","NA","NA","23503","90867","90312","NA","89881","LexicalDecision"
"No","646","0","Pseudo","25","experimental","0","1","Pseudo","3","0","0","m","trial","1080","1920","/Users/justina/Downloads/lexical_decision","41","1800","1650","1800","1600","0","1800","1775","593","1111","111","1100","1011","legacy","xpyriment","1100","1110","n","646","0","20","50","50","25","50","25","25","25","glijft","12","200","11273","NA","11369","NA","NA","NA","2128","24831","11366","92255","90983","90982","2206","91579","2207","11367","24831","NA","NA","NA","NA","NA","23503","92226","91579","NA","90982","LexicalDecision"
"No","674","1","Random","-50","experimental","0","1","Random","4","1","1","m","trial","1080","1920","/Users/justina/Downloads/lexical_decision","42","1800","1650","1800","1550","0","1550","1600","535","1111","111","1100","111","legacy","xpyriment","0111","1011","m","674","0","20","50","50","25","50","50","50","50","rgbuej","12","200","11273","NA","11369","NA","NA","NA","2128","24831","11366","92255","94390","94389","2206","94927","2207","11367","24831","NA","NA","NA","NA","NA","23503","95602","94927","NA","94389","LexicalDecision"
"No","755","1","LF","-50","experimental","0","1","LF","2","1","1","n","trial","1080","1920","/Users/justina/Downloads/lexical_decision","43","1800","1600","1800","1550","0","1600","1650","506","1111","1111","1100","111","legacy","xpyriment","1111","111","n","755","0","20","50","50","25","50","50","50","50","hendels","12","200","11273","NA","11369","NA","NA","NA","2128","24831","11366","92255","95718","95717","2206","96227","2207","11367","24831","NA","NA","NA","NA","NA","23503","96983","96227","NA","95717","LexicalDecision"
"No","650","1","HF","-50","experimental","0","1","HF","1","1","1","n","trial","1080","1920","/Users/justina/Downloads/lexical_decision","44","1750","1600","1800","1550","0","1750","1800","504","1111","1111","1100","111","legacy","xpyriment","1111","1111","n","650","0","20","50","50","25","50","50","50","50","trap","12","200","11273","NA","11369","NA","NA","NA","2128","24831","11366","92255","97098","97097","2206","97605","2207","11367","24831","NA","NA","NA","NA","NA","23503","98256","97605","NA","97097","LexicalDecision"
"No","744","0","Pseudo","25","experimental","0","1","Pseudo","3","0","0","m","trial","1080","1920","/Users/justina/Downloads/lexical_decision","45","1750","1600","1825","1550","0","1825","1800","418","1111","1111","1000","111","legacy","xpyriment","1000","1100","n","744","0","20","50","50","25","50","25","25","25","schilten","12","200","11273","NA","11369","NA","NA","NA","2128","24831","11366","99565","98372","98371","2206","98792","2207","11367","24831","NA","NA","NA","NA","NA","23503","99537","98792","NA","98371","LexicalDecision"
"No","909","1","Pseudo","-25","experimental","0","1","Pseudo","3","1","1","m","trial","1080","1920","/Users/justina/Downloads/lexical_decision","46","1750","1600","1800","1550","0","1800","1825","544","1111","1111","1","111","legacy","xpyriment","0001","1000","m","909","0","20","50","50","25","50","25","25","25","joms","12","200","11273","NA","11369","NA","NA","NA","2128","24831","11366","99565","101708","101707","2206","102254","2207","11367","24831","NA","NA","NA","NA","NA","23503","103164","102254","NA","101707","LexicalDecision"
"No","816","1","HF","-50","experimental","0","1","HF","1","1","1","n","trial","1080","1920","/Users/justina/Downloads/lexical_decision","47","1700","1600","1800","1550","0","1700","1750","515","1111","1111","1","111","legacy","xpyriment","1111","1111","n","816","0","20","50","50","25","50","50","50","50","brede","12","200","11273","NA","11369","NA","NA","NA","2128","24831","11366","99565","103281","103280","2206","103797","2207","11367","24831","NA","NA","NA","NA","NA","23503","104614","103797","NA","103280","LexicalDecision"
"No","985","1","Pseudo","-25","experimental","0","1","Pseudo","3","1","1","m","trial","1080","1920","/Users/justina/Downloads/lexical_decision","48","1700","1600","1775","1550","0","1775","1800","509","1111","1111","11","111","legacy","xpyriment","11","1","m","985","0","20","50","50","25","50","25","25","25","zellen","12","200","11273","NA","11369","NA","NA","NA","2128","24831","11366","99565","104734","104734","2206","105246","2207","11367","24831","NA","NA","NA","NA","NA","23503","106232","105246","NA","104733","LexicalDecision"
"No","1307","1","HF","-50","experimental","0","1","HF","1","1","1","n","trial","1080","1920","/Users/justina/Downloads/lexical_decision","49","1650","1600","1775","1550","0","1650","1700","592","1111","1111","11","111","legacy","xpyriment","1111","1111","n","1307","0","20","50","50","25","50","50","50","50","winnen","12","200","11273","NA","11369","NA","NA","NA","2128","24831","11366","99565","106349","106348","2206","106943","2207","11367","24831","NA","NA","NA","NA","NA","23503","108251","106943","NA","106348","LexicalDecision"
"No","567","1","HF","-50","experimental","0","1","HF","1","1","1","n","trial","1080","1920","/Users/justina/Downloads/lexical_decision","50","1600","1600","1775","1550","0","1600","1650","439","1111","1111","11","111","legacy","xpyriment","1111","1111","n","567","0","20","50","50","25","50","50","50","50","grond","12","200","11273","NA","11369","NA","NA","NA","2128","24831","11366","99565","108369","108368","2206","108809","2207","11367","24831","NA","NA","NA","NA","NA","23503","109377","108809","NA","108368","LexicalDecision"
"No","700","1","Pseudo","-25","experimental","0","1","Pseudo","3","1","1","m","trial","1080","1920","/Users/justina/Downloads/lexical_decision","51","1600","1600","1750","1550","0","1750","1775","427","1111","1111","111","111","legacy","xpyriment","111","11","m","700","0","20","50","50","25","50","25","25","25","schillig","12","200","11273","NA","11369","NA","NA","NA","2128","24831","11366","99565","109495","109494","2206","109925","2207","11367","24831","NA","NA","NA","NA","NA","23503","110626","109925","NA","109493","LexicalDecision"
"No","648","1","HF","-50","experimental","0","1","HF","1","1","1","n","trial","1080","1920","/Users/justina/Downloads/lexical_decision","52","1550","1600","1750","1550","0","1550","1600","446","1111","1111","111","111","legacy","xpyriment","1111","1111","n","648","0","20","50","50","25","50","50","50","50","stijf","12","200","11273","NA","11369","NA","NA","NA","2128","24831","11366","99565","110744","110743","2206","111193","2207","11367","24831","NA","NA","NA","NA","NA","23503","111841","111193","NA","110743","LexicalDecision"
"No","629","1","HF","-50","experimental","0","1","HF","1","1","1","n","trial","1080","1920","/Users/justina/Downloads/lexical_decision","53","1500","1600","1750","1550","0","1500","1550","593","1111","1111","111","111","legacy","xpyriment","1111","1111","n","629","0","20","50","50","25","50","50","50","50","behulp","12","200","11273","NA","11369","NA","NA","NA","2128","24831","11366","99565","111958","111957","2206","112554","2207","11367","24831","NA","NA","NA","NA","NA","23503","113184","112554","NA","111957","LexicalDecision"
"No","540","1","Random","-50","experimental","0","1","Random","4","1","1","m","trial","1080","1920","/Users/justina/Downloads/lexical_decision","54","1500","1600","1750","1500","0","1500","1550","486","1111","1111","111","1111","legacy","xpyriment","1111","111","m","540","0","20","50","50","25","50","50","50","50","oijnnt","12","200","11273","NA","11369","NA","NA","NA","2128","24831","11366","99565","113300","113299","2206","113789","2207","11367","24831","NA","NA","NA","NA","NA","23503","114329","113788","NA","113299","LexicalDecision"
"No","710","1","Random","-50","experimental","0","1","Random","4","1","1","m","trial","1080","1920","/Users/justina/Downloads/lexical_decision","55","1500","1600","1750","1450","0","1450","1500","461","1111","1111","111","1111","legacy","xpyriment","1111","1111","m","710","0","20","50","50","25","50","50","50","50","'gantos","12","200","11273","NA","11369","NA","NA","NA","2128","24831","11366","99565","114445","114444","2206","114908","2207","11367","24831","NA","NA","NA","NA","NA","23503","115619","114908","NA","114444","LexicalDecision"
"No","896","1","Pseudo","-25","experimental","0","1","Pseudo","3","1","1","m","trial","1080","1920","/Users/justina/Downloads/lexical_decision","56","1500","1600","1725","1450","0","1725","1750","509","1111","1111","1111","1111","legacy","xpyriment","1111","111","m","896","0","20","50","50","25","50","25","25","25","faarden","12","200","11273","NA","11369","NA","NA","NA","2128","24831","11366","99565","115736","115735","2206","116249","2207","11367","24831","NA","NA","NA","NA","NA","23503","117146","116248","NA","115735","LexicalDecision"
"No","668","0","HF","50","experimental","0","1","HF","1","0","0","n","trial","1080","1920","/Users/justina/Downloads/lexical_decision","57","1550","1600","1725","1450","0","1550","1500","528","1110","1111","1111","1111","legacy","xpyriment","1110","1111","m","668","0","20","50","50","25","50","50","50","50","stemmen","12","200","11273","NA","11369","NA","NA","NA","2128","24831","11366","118493","117264","117263","2206","117795","2207","11367","24831","NA","NA","NA","NA","NA","23503","118464","117795","NA","117263","LexicalDecision"
"No","1450","0","Random","50","experimental","0","1","Random","4","0","0","m","trial","1080","1920","/Users/justina/Downloads/lexical_decision","58","1550","1600","1725","1500","0","1500","1450","538","1110","1111","1111","1110","legacy","xpyriment","1110","1111","None","1450","1","20","50","50","25","50","50","50","50","trjeoo","12","200","11273","NA","11369","NA","NA","NA","2128","24831","11366","122654","120634","120633","2206","121174","2207","11367","24831","NA","NA","NA","NA","NA","23503","122624","121173","NA","120633","LexicalDecision"
"No","875","1","Pseudo","-25","experimental","0","1","Pseudo","3","1","1","m","trial","1080","1920","/Users/justina/Downloads/lexical_decision","59","1550","1600","1700","1500","0","1700","1725","481","1110","1111","1111","1110","legacy","xpyriment","1111","1111","m","875","0","20","50","50","25","50","25","25","25","ermen","12","200","11273","NA","11369","NA","NA","NA","2128","24831","11366","122654","124793","124792","2206","125277","2207","11367","24831","NA","NA","NA","NA","NA","23503","126153","125277","NA","124791","LexicalDecision"
"No","653","0","Pseudo","25","experimental","0","1","Pseudo","3","0","0","m","trial","1080","1920","/Users/justina/Downloads/lexical_decision","60","1550","1600","1725","1500","0","1725","1700","458","1110","1111","1110","1110","legacy","xpyriment","1110","1111","n","653","0","20","50","50","25","50","25","25","25","sloon","12","200","11273","NA","11369","NA","NA","NA","2128","24831","11366","127412","126269","126268","2206","126730","2207","11367","24831","NA","NA","NA","NA","NA","23503","127383","126730","NA","126268","LexicalDecision"
"No","785","1","Random","-50","experimental","0","1","Random","4","1","1","m","trial","1080","1920","/Users/justina/Downloads/lexical_decision","61","1550","1600","1725","1450","0","1450","1500","420","1110","1111","1110","1101","legacy","xpyriment","1101","1110","m","785","0","20","50","50","25","50","50","50","50","momlers","12","200","11273","NA","11369","NA","NA","NA","2128","24831","11366","127412","129551","129550","2206","129974","2207","11367","24831","NA","NA","NA","NA","NA","23503","130760","129974","NA","129550","LexicalDecision"
"No","633","1","HF","-50","experimental","0","1","HF","1","1","1","n","trial","1080","1920","/Users/justina/Downloads/lexical_decision","62","1500","1600","1725","1450","0","1500","1550","490","1101","1111","1110","1101","legacy","xpyriment","1101","1110","n","633","0","20","50","50","25","50","50","50","50","hoofd","12","200","11273","NA","11369","NA","NA","NA","2128","24831","11366","127412","130876","130875","2206","131369","2207","11367","24831","NA","NA","NA","NA","NA","23503","132002","131369","NA","130875","LexicalDecision"
"No","646","1","Pseudo","-25","experimental","0","1","Pseudo","3","1","1","m","trial","1080","1920","/Users/justina/Downloads/lexical_decision","63","1500","1600","1700","1450","0","1700","1725","438","1101","1111","1101","1101","legacy","xpyriment","1101","1110","m","646","0","20","50","50","25","50","25","25","25","zwafde","12","200","11273","NA","11369","NA","NA","NA","2128","24831","11366","127412","132119","132118","2206","132560","2207","11367","24831","NA","NA","NA","NA","NA","23503","133207","132560","NA","132118","LexicalDecision"
"No","444","0","HF","25","experimental","1","1","HF","1","0","0","n","trial","1080","1920","/Users/justina/Downloads/lexical_decision","64","1525","1600","1700","1450","0","1525","1500","516","","1111","1101","1101","legacy","xpyriment","","1101","m","444","0","20","25","50","25","50","25","25","50","feite","12","200","11273","NA","11369","NA","NA","NA","2128","24831","11366","134317","133322","133321","2206","133844","2207","11367","24831","NA","NA","NA","NA","NA","23503","134288","133843","NA","133321","LexicalDecision"
"No","624","1","Random","-50","experimental","0","1","Random","4","1","1","m","trial","1080","1920","/Users/justina/Downloads/lexical_decision","65","1525","1600","1700","1400","0","1400","1450","501","","1111","1101","1011","legacy","xpyriment","1011","1101","m","624","0","20","25","50","25","50","50","50","50","tntijere","12","200","11273","NA","11369","NA","NA","NA","2128","24831","11366","134317","136455","136454","2206","136958","2207","11367","24831","NA","NA","NA","NA","NA","23503","137583","136957","NA","136454","LexicalDecision"
"No","658","1","HF","-25","experimental","0","1","HF","1","1","1","n","trial","1080","1920","/Users/justina/Downloads/lexical_decision","66","1500","1600","1700","1400","0","1500","1525","537","1","1111","1101","1011","legacy","xpyriment","1","","n","658","0","20","25","50","25","50","25","25","25","besluit","12","200","11273","NA","11369","NA","NA","NA","2128","24831","11366","134317","137699","137698","2206","138239","2207","11367","24831","NA","NA","NA","NA","NA","23503","138898","138238","NA","137698","LexicalDecision"
"No","618","1","LF","-50","experimental","0","1","LF","2","1","1","n","trial","1080","1920","/Users/justina/Downloads/lexical_decision","67","1500","1550","1700","1400","0","1550","1600","432","1","1111","1101","1011","legacy","xpyriment","1111","1111","n","618","0","20","25","50","25","50","50","50","50","jokers","12","200","11273","NA","11369","NA","NA","NA","2128","24831","11366","134317","139014","139013","2206","139451","2207","11367","24831","NA","NA","NA","NA","NA","23503","140070","139451","NA","139013","LexicalDecision"
"No","663","1","Pseudo","-25","experimental","0","1","Pseudo","3","1","1","m","trial","1080","1920","/Users/justina/Downloads/lexical_decision","68","1500","1550","1675","1400","0","1675","1700","592","1","1111","1011","1011","legacy","xpyriment","1011","1101","m","663","0","20","25","50","25","50","25","25","25","slon","12","200","11273","NA","11369","NA","NA","NA","2128","24831","11366","134317","140187","140186","2206","140782","2207","11367","24831","NA","NA","NA","NA","NA","23503","141446","140781","NA","140185","LexicalDecision"
"No","985","0","LF","50","experimental","0","1","LF","2","0","0","n","trial","1080","1920","/Users/justina/Downloads/lexical_decision","69","1500","1600","1675","1400","0","1600","1550","467","1","1110","1011","1011","legacy","xpyriment","1110","1111","m","985","0","20","25","50","25","50","50","50","50","tango's","12","200","11273","NA","11369","NA","NA","NA","2128","24831","11366","143048","141562","141561","2206","142031","2207","11367","24831","NA","NA","NA","NA","NA","23503","143017","142031","NA","141561","LexicalDecision"
"No","558","1","HF","-25","experimental","0","1","HF","1","1","1","n","trial","1080","1920","/Users/justina/Downloads/lexical_decision","70","1475","1600","1675","1400","0","1475","1500","397","11","1110","1011","1011","legacy","xpyriment","11","1","n","558","0","20","25","50","25","50","25","25","25","want","12","200","11273","NA","11369","NA","NA","NA","2128","24831","11366","143048","145191","145190","2206","145591","2207","11367","24831","NA","NA","NA","NA","NA","23503","146150","145591","NA","145190","LexicalDecision"
"No","508","1","HF","-25","experimental","0","1","HF","1","1","1","n","trial","1080","1920","/Users/justina/Downloads/lexical_decision","71","1450","1600","1675","1400","0","1450","1475","519","111","1110","1011","1011","legacy","xpyriment","111","11","n","508","0","20","25","50","25","50","25","25","25","hart","12","200","11273","NA","11369","NA","NA","NA","2128","24831","11366","143048","146265","146264","2206","146787","2207","11367","24831","NA","NA","NA","NA","NA","23503","147296","146786","NA","146263","LexicalDecision"
"No","593","1","Random","-50","experimental","0","1","Random","4","1","1","m","trial","1080","1920","/Users/justina/Downloads/lexical_decision","72","1450","1600","1675","1350","0","1350","1400","587","111","1110","1011","111","legacy","xpyriment","0111","1011","m","593","0","20","25","50","25","50","50","50","50","ejsdfrui","12","200","11273","NA","11369","NA","NA","NA","2128","24831","11366","143048","147412","147411","2206","148000","2207","11367","24831","NA","NA","NA","NA","NA","23503","148594","148000","NA","147411","LexicalDecision"
"No","592","1","HF","-25","experimental","0","1","HF","1","1","1","n","trial","1080","1920","/Users/justina/Downloads/lexical_decision","73","1425","1600","1675","1350","0","1425","1450","408","1111","1110","1011","111","legacy","xpyriment","1111","111","n","592","0","20","25","50","25","50","25","25","25","bezat","12","200","11273","NA","11369","NA","NA","NA","2128","24831","11366","143048","148710","148709","2206","149122","2207","11367","24831","NA","NA","NA","NA","NA","23503","149714","149122","NA","148709","LexicalDecision"
"No","892","1","Pseudo","-25","experimental","0","1","Pseudo","3","1","1","m","trial","1080","1920","/Users/justina/Downloads/lexical_decision","74","1425","1600","1650","1350","0","1650","1675","418","1111","1110","111","111","legacy","xpyriment","0111","1011","m","892","0","20","25","50","25","50","25","25","25","meken","12","200","11273","NA","11369","NA","NA","NA","2128","24831","11366","143048","149832","149831","2206","150253","2207","11367","24831","NA","NA","NA","NA","NA","23503","151146","150253","NA","149831","LexicalDecision"
"No","615","1","LF","-50","experimental","0","1","LF","2","1","1","n","trial","1080","1920","/Users/justina/Downloads/lexical_decision","75","1425","1550","1650","1350","0","1550","1600","493","1111","1101","111","111","legacy","xpyriment","1101","1110","n","615","0","20","25","50","25","50","50","50","50","levers","12","200","11273","NA","11369","NA","NA","NA","2128","24831","11366","143048","151264","151263","2206","151760","2207","11367","24831","NA","NA","NA","NA","NA","23503","152376","151759","NA","151262","LexicalDecision"
"No","1101","0","Pseudo","25","experimental","0","1","Pseudo","3","0","0","m","trial","1080","1920","/Users/justina/Downloads/lexical_decision","76","1425","1550","1675","1350","0","1675","1650","560","1111","1101","1110","111","legacy","xpyriment","1110","111","n","1101","0","20","25","50","25","50","25","25","25","buimen","12","200","11273","NA","11369","NA","NA","NA","2128","24831","11366","154185","152492","152491","2206","153054","2207","11367","24831","NA","NA","NA","NA","NA","23503","154156","153053","NA","152491","LexicalDecision"
"No","1039","1","LF","-50","experimental","0","1","LF","2","1","1","n","trial","1080","1920","/Users/justina/Downloads/lexical_decision","77","1425","1500","1675","1350","0","1500","1550","436","1111","1011","1110","111","legacy","xpyriment","1011","1101","n","1039","0","20","25","50","25","50","50","50","50","prinsjes","12","200","11273","NA","11369","NA","NA","NA","2128","24831","11366","154185","156325","156324","2206","156764","2207","11367","24831","NA","NA","NA","NA","NA","23503","157804","156763","NA","156324","LexicalDecision"
"No","1303","1","HF","-25","experimental","0","1","HF","1","1","1","n","trial","1080","1920","/Users/justina/Downloads/lexical_decision","78","1400","1500","1675","1350","0","1400","1425","470","1111","1011","1110","111","legacy","xpyriment","1111","1111","n","1303","0","20","25","50","25","50","25","25","25","brood","12","200","11273","NA","11369","NA","NA","NA","2128","24831","11366","154185","157921","157920","2206","158394","2207","11367","24831","NA","NA","NA","NA","NA","23503","159698","158394","NA","157920","LexicalDecision"
"No","641","1","Random","-50","experimental","0","1","Random","4","1","1","m","trial","1080","1920","/Users/justina/Downloads/lexical_decision","79","1400","1500","1675","1300","0","1300","1350","493","1111","1011","1110","1111","legacy","xpyriment","1111","111","m","641","0","20","25","50","25","50","50","50","50","esborpod","12","200","11273","NA","11369","NA","NA","NA","2128","24831","11366","154185","159818","159817","2206","160314","2207","11367","24831","NA","NA","NA","NA","NA","23503","160955","160313","NA","159816","LexicalDecision"
"No","766","1","LF","-50","experimental","0","1","LF","2","1","1","n","trial","1080","1920","/Users/justina/Downloads/lexical_decision","80","1400","1450","1675","1300","0","1450","1500","564","1111","111","1110","1111","legacy","xpyriment","0111","1011","n","766","0","20","25","50","25","50","50","50","50","lentes","12","200","11273","NA","11369","NA","NA","NA","2128","24831","11366","154185","161073","161072","2206","161641","2207","11367","24831","NA","NA","NA","NA","NA","23503","162408","161641","NA","161072","LexicalDecision"
"No","867","1","HF","-25","experimental","0","1","HF","1","1","1","n","trial","1080","1920","/Users/justina/Downloads/lexical_decision","81","1375","1450","1675","1300","0","1375","1400","539","1111","111","1110","1111","legacy","xpyriment","1111","1111","n","867","0","20","25","50","25","50","25","25","25","velen","12","200","11273","NA","11369","NA","NA","NA","2128","24831","11366","154185","162526","162525","2206","163067","2207","11367","24831","NA","NA","NA","NA","NA","23503","163935","163066","NA","162524","LexicalDecision"
"No","620","1","LF","-50","experimental","0","1","LF","2","1","1","n","trial","1080","1920","/Users/justina/Downloads/lexical_decision","82","1375","1400","1675","1300","0","1400","1450","507","1111","1111","1110","1111","legacy","xpyriment","1111","111","n","620","0","20","25","50","25","50","50","50","50","vlaaien","12","200","11273","NA","11369","NA","NA","NA","2128","24831","11366","154185","164066","164065","2206","164577","2207","11367","24831","NA","NA","NA","NA","NA","23503","165198","164577","NA","164065","LexicalDecision"
"No","653","1","HF","-25","experimental","0","1","HF","1","1","1","n","trial","1080","1920","/Users/justina/Downloads/lexical_decision","83","1350","1400","1675","1300","0","1350","1375","424","1111","1111","1110","1111","legacy","xpyriment","1111","1111","n","653","0","20","25","50","25","50","25","25","25","gekleed","12","200","11273","NA","11369","NA","NA","NA","2128","24831","11366","154185","165316","165315","2206","165743","2207","11367","24831","NA","NA","NA","NA","NA","23503","166397","165742","NA","165314","LexicalDecision"
"No","582","0","Pseudo","25","experimental","0","1","Pseudo","3","0","0","m","trial","1080","1920","/Users/justina/Downloads/lexical_decision","84","1350","1400","1700","1300","0","1700","1675","531","1111","1111","1100","1111","legacy","xpyriment","1100","1110","n","582","0","20","25","50","25","50","25","25","25","herst","12","200","11273","NA","11369","NA","NA","NA","2128","24831","11366","167661","166515","166514","2206","167050","2207","11367","24831","NA","NA","NA","NA","NA","23503","167632","167050","NA","166514","LexicalDecision"
"No","663","1","HF","-25","experimental","0","1","HF","1","1","1","n","trial","1080","1920","/Users/justina/Downloads/lexical_decision","85","1325","1400","1700","1300","0","1325","1350","444","1111","1111","1100","1111","legacy","xpyriment","1111","1111","n","663","0","20","25","50","25","50","25","25","25","slapen","12","200","11273","NA","11369","NA","NA","NA","2128","24831","11366","167661","169797","169796","2206","170244","2207","11367","24831","NA","NA","NA","NA","NA","23503","170908","170244","NA","169796","LexicalDecision"
"No","574","1","HF","-25","experimental","0","1","HF","1","1","1","n","trial","1080","1920","/Users/justina/Downloads/lexical_decision","86","1300","1400","1700","1300","0","1300","1325","499","1111","1111","1100","1111","legacy","xpyriment","1111","1111","n","574","0","20","25","50","25","50","25","25","25","actief","12","200","11273","NA","11369","NA","NA","NA","2128","24831","11366","167661","171024","171023","2206","171526","2207","11367","24831","NA","NA","NA","NA","NA","23503","172101","171526","NA","171023","LexicalDecision"
"No","679","1","LF","-50","experimental","0","1","LF","2","1","1","n","trial","1080","1920","/Users/justina/Downloads/lexical_decision","87","1300","1350","1700","1300","0","1350","1400","583","1111","1111","1100","1111","legacy","xpyriment","1111","1111","n","679","0","20","25","50","25","50","50","50","50","tumors","12","200","11273","NA","11369","NA","NA","NA","2128","24831","11366","167661","172217","172216","2206","172803","2207","11367","24831","NA","NA","NA","NA","NA","23503","173482","172803","NA","172216","LexicalDecision"
"No","612","1","Random","-50","experimental","0","1","Random","4","1","1","m","trial","1080","1920","/Users/justina/Downloads/lexical_decision","88","1300","1350","1700","1250","0","1250","1300","540","1111","1111","1100","1111","legacy","xpyriment","1111","1111","m","612","0","20","25","50","25","50","50","50","50","nhtsi","12","200","11273","NA","11369","NA","NA","NA","2128","24831","11366","167661","173598","173597","2206","174141","2207","11367","24831","NA","NA","NA","NA","NA","23503","174754","174141","NA","173597","LexicalDecision"
"No","703","1","LF","-50","experimental","0","1","LF","2","1","1","n","trial","1080","1920","/Users/justina/Downloads/lexical_decision","89","1300","1300","1700","1250","0","1300","1350","409","1111","1111","1100","1111","legacy","xpyriment","1111","1111","n","703","0","20","25","50","25","50","50","50","50","borstje","12","200","11273","NA","11369","NA","NA","NA","2128","24831","11366","167661","174871","174870","2206","175284","2207","11367","24831","NA","NA","NA","NA","NA","23503","175988","175283","NA","174870","LexicalDecision"
"No","699","1","Random","-50","experimental","0","1","Random","4","1","1","m","trial","1080","1920","/Users/justina/Downloads/lexical_decision","90","1300","1300","1700","1200","0","1200","1250","591","1111","1111","1100","1111","legacy","xpyriment","1111","1111","m","699","0","20","25","50","25","50","50","50","50","jesvo","12","200","11273","NA","11369","NA","NA","NA","2128","24831","11366","167661","176105","176104","2206","176699","2207","11367","24831","NA","NA","NA","NA","NA","23503","177399","176698","NA","176104","LexicalDecision"
"No","615","1","Random","-50","experimental","0","1","Random","4","1","1","m","trial","1080","1920","/Users/justina/Downloads/lexical_decision","91","1300","1300","1700","1150","0","1150","1200","432","1111","1111","1100","1111","legacy","xpyriment","1111","1111","m","615","0","20","25","50","25","50","50","50","50","esdsetrs","12","200","11273","NA","11369","NA","NA","NA","2128","24831","11366","167661","177516","177515","2206","177951","2207","11367","24831","NA","NA","NA","NA","NA","23503","178567","177951","NA","177515","LexicalDecision"
"No","663","0","HF","25","experimental","0","1","HF","1","0","0","n","trial","1080","1920","/Users/justina/Downloads/lexical_decision","92","1325","1300","1700","1150","0","1325","1300","470","1110","1111","1100","1111","legacy","xpyriment","1110","1111","m","663","0","20","25","50","25","50","25","25","25","jouw","12","200","11273","NA","11369","NA","NA","NA","2128","24831","11366","179851","178683","178683","2206","179157","2207","11367","24831","NA","NA","NA","NA","NA","23503","179821","179157","NA","178682","LexicalDecision"
"No","1700","0","Pseudo","25","experimental","0","1","Pseudo","3","0","0","m","trial","1080","1920","/Users/justina/Downloads/lexical_decision","93","1325","1300","1725","1150","0","1725","1700","544","1110","1111","1000","1111","legacy","xpyriment","1000","1100","None","1700","1","20","25","50","25","50","25","25","25","meeten","12","200","11273","NA","11369","NA","NA","NA","2128","24831","11366","184269","181993","181992","2206","182540","2207","11367","24831","NA","NA","NA","NA","NA","23503","184240","182539","NA","181992","LexicalDecision"
"No","811","1","Pseudo","-25","experimental","0","1","Pseudo","3","1","1","m","trial","1080","1920","/Users/justina/Downloads/lexical_decision","94","1325","1300","1700","1150","0","1700","1725","488","1110","1111","1","1111","legacy","xpyriment","0001","1000","m","811","0","20","25","50","25","50","25","25","25","kijzen","12","200","11273","NA","11369","NA","NA","NA","2128","24831","11366","184269","186406","186405","2206","186896","2207","11367","24831","NA","NA","NA","NA","NA","23503","187708","186896","NA","186405","LexicalDecision"
"No","593","0","Pseudo","25","experimental","0","1","Pseudo","3","0","0","m","trial","1080","1920","/Users/justina/Downloads/lexical_decision","95","1325","1300","1725","1150","0","1725","1700","545","1110","1111","10","1111","legacy","xpyriment","10","1","n","593","0","20","25","50","25","50","25","25","25","verbeld","12","200","11273","NA","11369","NA","NA","NA","2128","24831","11366","188995","187824","187823","2206","188372","2207","11367","24831","NA","NA","NA","NA","NA","23503","188966","188372","NA","187823","LexicalDecision"
"No","889","1","LF","-50","experimental","0","1","LF","2","1","1","n","trial","1080","1920","/Users/justina/Downloads/lexical_decision","96","1325","1250","1725","1150","0","1250","1300","517","1110","1111","10","1111","legacy","xpyriment","1111","1111","n","889","0","20","25","50","25","50","50","50","50","flipper","12","200","11273","NA","11369","NA","NA","NA","2128","24831","11366","188995","191138","191137","2206","191659","2207","11367","24831","NA","NA","NA","NA","NA","23503","192549","191659","NA","191137","LexicalDecision"
"No","902","1","Pseudo","-25","experimental","0","1","Pseudo","3","1","1","m","trial","1080","1920","/Users/justina/Downloads/lexical_decision","97","1325","1250","1700","1150","0","1700","1725","536","1110","1111","101","1111","legacy","xpyriment","101","10","m","902","0","20","25","50","25","50","25","25","25","bagen","12","200","11273","NA","11369","NA","NA","NA","2128","24831","11366","188995","192666","192665","2206","193205","2207","11367","24831","NA","NA","NA","NA","NA","23503","194107","193205","NA","192665","LexicalDecision"
"No","1133","1","LF","-50","experimental","0","1","LF","2","1","1","n","trial","1080","1920","/Users/justina/Downloads/lexical_decision","98","1325","1200","1700","1150","0","1200","1250","535","1110","1111","101","1111","legacy","xpyriment","1111","1111","n","1133","0","20","25","50","25","50","50","50","50","cross","12","200","11273","NA","11369","NA","NA","NA","2128","24831","11366","188995","194224","194223","2206","194761","2207","11367","24831","NA","NA","NA","NA","NA","23503","195895","194761","NA","194223","LexicalDecision"
"No","647","1","HF","-25","experimental","0","1","HF","1","1","1","n","trial","1080","1920","/Users/justina/Downloads/lexical_decision","99","1300","1200","1700","1150","0","1300","1325","512","1101","1111","101","1111","legacy","xpyriment","1101","1110","n","647","0","20","25","50","25","50","25","25","25","sterk","12","200","11273","NA","11369","NA","NA","NA","2128","24831","11366","188995","196016","196015","2206","196529","2207","11367","24831","NA","NA","NA","NA","NA","23503","197176","196529","NA","196015","LexicalDecision"
"No","602","1","HF","-25","experimental","0","1","HF","1","1","1","n","trial","1080","1920","/Users/justina/Downloads/lexical_decision","100","1275","1200","1700","1150","0","1275","1300","435","1011","1111","101","1111","legacy","xpyriment","1011","1101","n","602","0","20","25","50","25","50","25","25","25","hulp","12","200","11273","NA","11369","NA","NA","NA","2128","24831","11366","188995","197293","197293","2206","197731","2207","11367","24831","NA","NA","NA","NA","NA","23503","198334","197731","NA","197292","LexicalDecision"
"No","582","1","HF","-25","experimental","0","1","HF","1","1","1","n","trial","1080","1920","/Users/justina/Downloads/lexical_decision","101","1250","1200","1700","1150","0","1250","1275","514","111","1111","101","1111","legacy","xpyriment","0111","1011","n","582","0","20","25","50","25","50","25","25","25","vlees","12","200","11273","NA","11369","NA","NA","NA","2128","24831","11366","188995","198451","198450","2206","198967","2207","11367","24831","NA","NA","NA","NA","NA","23503","199550","198967","NA","198450","LexicalDecision"
"No","673","1","Random","-50","experimental","0","1","Random","4","1","1","m","trial","1080","1920","/Users/justina/Downloads/lexical_decision","102","1250","1200","1700","1100","0","1100","1150","430","111","1111","101","1111","legacy","xpyriment","1111","1111","m","673","0","20","25","50","25","50","50","50","50","esjmse","12","200","11273","NA","11369","NA","NA","NA","2128","24831","11366","188995","199667","199666","2206","200099","2207","11367","24831","NA","NA","NA","NA","NA","23503","200773","200099","NA","199666","LexicalDecision"
"No","646","1","HF","-25","experimental","0","1","HF","1","1","1","n","trial","1080","1920","/Users/justina/Downloads/lexical_decision","103","1225","1200","1700","1100","0","1225","1250","545","1111","1111","101","1111","legacy","xpyriment","1111","111","n","646","0","20","25","50","25","50","25","25","25","nummer","12","200","11273","NA","11369","NA","NA","NA","2128","24831","11366","188995","200889","200888","2206","201437","2207","11367","24831","NA","NA","NA","NA","NA","23503","202084","201437","NA","200888","LexicalDecision"
"No","548","0","Pseudo","12","experimental","1","1","Pseudo","3","0","0","m","trial","1080","1920","/Users/justina/Downloads/lexical_decision","104","1225","1200","1712","1100","0","1712","1700","580","1111","1111","","1111","legacy","xpyriment","","101","n","548","0","20","25","50","12","50","12","12","25","derken","12","200","11273","NA","11369","NA","NA","NA","2128","24831","11366","203366","202202","202201","2206","202786","2207","11367","24831","NA","NA","NA","NA","NA","23503","203335","202786","NA","202201","LexicalDecision"
"No","684","1","LF","-50","experimental","0","1","LF","2","1","1","n","trial","1080","1920","/Users/justina/Downloads/lexical_decision","105","1225","1150","1712","1100","0","1150","1200","520","1111","1111","","1111","legacy","xpyriment","1111","1111","n","684","0","20","25","50","12","50","50","50","50","kaasje","12","200","11273","NA","11369","NA","NA","NA","2128","24831","11366","203366","205511","205510","2206","206033","2207","11367","24831","NA","NA","NA","NA","NA","23503","206718","206033","NA","205510","LexicalDecision"
"No","647","1","Random","-50","experimental","0","1","Random","4","1","1","m","trial","1080","1920","/Users/justina/Downloads/lexical_decision","106","1225","1150","1712","1050","0","1050","1100","512","1111","1111","","1111","legacy","xpyriment","1111","1111","m","647","0","20","25","50","12","50","50","50","50","taluepas","12","200","11273","NA","11369","NA","NA","NA","2128","24831","11366","203366","206835","206834","2206","207349","2207","11367","24831","NA","NA","NA","NA","NA","23503","207997","207349","NA","206833","LexicalDecision"
"No","1225","0","HF","25","experimental","0","1","HF","1","0","0","n","trial","1080","1920","/Users/justina/Downloads/lexical_decision","107","1250","1150","1712","1050","0","1250","1225","549","1110","1111","","1111","legacy","xpyriment","1110","1111","None","1225","1","20","25","50","12","50","25","25","25","maal","12","200","11273","NA","11369","NA","NA","NA","2128","24831","11366","209920","208113","208113","2206","208666","2207","11367","24831","NA","NA","NA","NA","NA","23503","209891","208666","NA","208112","LexicalDecision"
"No","555","1","HF","-25","experimental","0","1","HF","1","1","1","n","trial","1080","1920","/Users/justina/Downloads/lexical_decision","108","1225","1150","1712","1050","0","1225","1250","466","1101","1111","","1111","legacy","xpyriment","1101","1110","n","555","0","20","25","50","12","50","25","25","25","verbaasd","12","200","11273","NA","11369","NA","NA","NA","2128","24831","11366","209920","212057","212057","2206","212524","2207","11367","24831","NA","NA","NA","NA","NA","23503","213080","212524","NA","212057","LexicalDecision"
"No","608","0","HF","12","experimental","1","1","HF","1","0","0","n","trial","1080","1920","/Users/justina/Downloads/lexical_decision","109","1237","1150","1712","1050","0","1237","1225","481","","1111","","1111","legacy","xpyriment","","1101","m","608","0","20","12","50","12","50","12","12","25","korte","12","200","11273","NA","11369","NA","NA","NA","2128","24831","11366","214316","213195","213194","2206","213679","2207","11367","24831","NA","NA","NA","NA","NA","23503","214288","213679","NA","213194","LexicalDecision"
"No","584","1","LF","-50","experimental","0","1","LF","2","1","1","n","trial","1080","1920","/Users/justina/Downloads/lexical_decision","110","1237","1100","1712","1050","0","1100","1150","443","","1111","","1111","legacy","xpyriment","1111","1111","n","584","0","20","12","50","12","50","50","50","50","kartons","12","200","11273","NA","11369","NA","NA","NA","2128","24831","11366","214316","216454","216453","2206","216898","2207","11367","24831","NA","NA","NA","NA","NA","23503","217483","216898","NA","216453","LexicalDecision"
"No","612","1","Random","-50","experimental","0","1","Random","4","1","1","m","trial","1080","1920","/Users/justina/Downloads/lexical_decision","111","1237","1100","1712","1000","0","1000","1050","518","","1111","","1111","legacy","xpyriment","1111","1111","m","612","0","20","12","50","12","50","50","50","50","ssuaqh","12","200","11273","NA","11369","NA","NA","NA","2128","24831","11366","214316","217600","217599","2206","218121","2207","11367","24831","NA","NA","NA","NA","NA","23503","218734","218121","NA","217599","LexicalDecision"
"No","795","1","Pseudo","-12","experimental","0","1","Pseudo","3","1","1","m","trial","1080","1920","/Users/justina/Downloads/lexical_decision","112","1237","1100","1700","1000","0","1700","1712","457","","1111","1","1111","legacy","xpyriment","1","","m","795","0","20","12","50","12","50","12","12","12","jeer","12","200","11273","NA","11369","NA","NA","NA","2128","24831","11366","214316","218850","218849","2206","219310","2207","11367","24831","NA","NA","NA","NA","NA","23503","220106","219310","NA","218849","LexicalDecision"
"No","1008","1","Pseudo","-12","experimental","0","1","Pseudo","3","1","1","m","trial","1080","1920","/Users/justina/Downloads/lexical_decision","113","1237","1100","1688","1000","0","1688","1700","458","","1111","11","1111","legacy","xpyriment","11","1","m","1008","0","20","12","50","12","50","12","12","12","plort","12","200","11273","NA","11369","NA","NA","NA","2128","24831","11366","214316","220223","220222","2206","220684","2207","11367","24831","NA","NA","NA","NA","NA","23503","221693","220683","NA","220221","LexicalDecision"
"No","1100","0","LF","50","experimental","0","1","LF","2","0","0","n","trial","1080","1920","/Users/justina/Downloads/lexical_decision","114","1237","1150","1688","1000","0","1150","1100","417","","1110","11","1111","legacy","xpyriment","1110","1111","None","1100","1","20","12","50","12","50","50","50","50","muskiet","12","200","11273","NA","11369","NA","NA","NA","2128","24831","11366","223363","221813","221812","2206","222233","2207","11367","24831","NA","NA","NA","NA","NA","23503","223333","222233","NA","221812","LexicalDecision"
"No","797","1","HF","-12","experimental","0","1","HF","1","1","1","n","trial","1080","1920","/Users/justina/Downloads/lexical_decision","115","1225","1150","1688","1000","0","1225","1237","504","1","1110","11","1111","legacy","xpyriment","1","","n","797","0","20","12","50","12","50","12","12","12","poten","12","200","11273","NA","11369","NA","NA","NA","2128","24831","11366","223363","225509","225508","2206","226016","2207","11367","24831","NA","NA","NA","NA","NA","23503","226813","226016","NA","225508","LexicalDecision"
"No","645","1","Random","-50","experimental","0","1","Random","4","1","1","m","trial","1080","1920","/Users/justina/Downloads/lexical_decision","116","1225","1150","1688","950","0","950","1000","406","1","1110","11","1111","legacy","xpyriment","1111","1111","m","645","0","20","12","50","12","50","50","50","50","ioperon","12","200","11273","NA","11369","NA","NA","NA","2128","24831","11366","223363","226931","226930","2206","227339","2207","11367","24831","NA","NA","NA","NA","NA","23503","227984","227339","NA","226930","LexicalDecision"
"No","690","1","Random","-50","experimental","0","1","Random","4","1","1","m","trial","1080","1920","/Users/justina/Downloads/lexical_decision","117","1225","1150","1688","900","0","900","950","500","1","1110","11","1111","legacy","xpyriment","1111","1111","m","690","0","20","12","50","12","50","50","50","50","obzmie","12","200","11273","NA","11369","NA","NA","NA","2128","24831","11366","223363","228101","228100","2206","228603","2207","11367","24831","NA","NA","NA","NA","NA","23503","229294","228603","NA","228100","LexicalDecision"
"No","646","1","Random","-50","experimental","0","1","Random","4","1","1","m","trial","1080","1920","/Users/justina/Downloads/lexical_decision","118","1225","1150","1688","850","0","850","900","559","1","1110","11","1111","legacy","xpyriment","1111","1111","m","646","0","20","12","50","12","50","50","50","50","naabhdar","12","200","11273","NA","11369","NA","NA","NA","2128","24831","11366","223363","229411","229410","2206","229972","2207","11367","24831","NA","NA","NA","NA","NA","23503","230619","229972","NA","229410","LexicalDecision"
"No","865","1","LF","-50","experimental","0","1","LF","2","1","1","n","trial","1080","1920","/Users/justina/Downloads/lexical_decision","119","1225","1100","1688","850","0","1100","1150","397","1","1101","11","1111","legacy","xpyriment","1101","1110","n","865","0","20","12","50","12","50","50","50","50","roggen","12","200","11273","NA","11369","NA","NA","NA","2128","24831","11366","223363","230736","230735","2206","231136","2207","11367","24831","NA","NA","NA","NA","NA","23503","232001","231135","NA","230735","LexicalDecision"
"No","560","1","Random","-50","experimental","0","1","Random","4","1","1","m","trial","1080","1920","/Users/justina/Downloads/lexical_decision","120","1225","1100","1688","800","0","800","850","410","1","1101","11","1111","legacy","xpyriment","1111","1111","m","560","0","20","12","50","12","50","50","50","50","zjtleie","12","200","11273","NA","11369","NA","NA","NA","2128","24831","11366","223363","232118","232117","2206","232531","2207","11367","24831","NA","NA","NA","NA","NA","23503","233092","232531","NA","232117","LexicalDecision"
"No","569","0","Pseudo","12","experimental","0","1","Pseudo","3","0","0","m","trial","1080","1920","/Users/justina/Downloads/lexical_decision","121","1225","1100","1700","800","0","1700","1688","560","1","1101","110","1111","legacy","xpyriment","110","11","n","569","0","20","12","50","12","50","12","12","12","helaar","12","200","11273","NA","11369","NA","NA","NA","2128","24831","11366","234369","233208","233207","2206","233770","2207","11367","24831","NA","NA","NA","NA","NA","23503","234340","233770","NA","233206","LexicalDecision"
"No","907","1","Pseudo","-12","experimental","0","1","Pseudo","3","1","1","m","trial","1080","1920","/Users/justina/Downloads/lexical_decision","122","1225","1100","1688","800","0","1688","1700","537","1","1101","1101","1111","legacy","xpyriment","1101","110","m","907","0","20","12","50","12","50","12","12","12","masuur","12","200","11273","NA","11369","NA","NA","NA","2128","24831","11366","234369","236517","236516","2206","237055","2207","11367","24831","NA","NA","NA","NA","NA","23503","237963","237055","NA","236516","LexicalDecision"
"No","660","1","HF","-12","experimental","0","1","HF","1","1","1","n","trial","1080","1920","/Users/justina/Downloads/lexical_decision","123","1213","1100","1688","800","0","1213","1225","559","11","1101","1101","1111","legacy","xpyriment","11","1","n","660","0","20","12","50","12","50","12","12","12","foto's","12","200","11273","NA","11369","NA","NA","NA","2128","24831","11366","234369","238081","238080","2206","238642","2207","11367","24831","NA","NA","NA","NA","NA","23503","239303","238642","NA","238080","LexicalDecision"
"No","648","1","LF","-50","experimental","0","1","LF","2","1","1","n","trial","1080","1920","/Users/justina/Downloads/lexical_decision","124","1213","1050","1688","800","0","1050","1100","395","11","1011","1101","1111","legacy","xpyriment","1011","1101","n","648","0","20","12","50","12","50","50","50","50","donors","12","200","11273","NA","11369","NA","NA","NA","2128","24831","11366","234369","0","0","2206","239818","2207","11367","24831","NA","NA","NA","NA","NA","23503","240467","239818","NA","0","LexicalDecision"
"No","1407","1","Pseudo","-12","experimental","0","1","Pseudo","3","1","1","m","trial","1080","1920","/Users/justina/Downloads/lexical_decision","125","1213","1050","1676","800","0","1676","1688","508","11","1011","1011","1111","legacy","xpyriment","1011","1101","m","1407","0","20","12","50","12","50","12","12","12","tolgen","12","200","11273","NA","11369","NA","NA","NA","2128","24831","11366","234369","240586","240586","2206","241097","2207","11367","24831","NA","NA","NA","NA","NA","23503","242505","241097","NA","240585","LexicalDecision"
"No","695","1","Random","-50","experimental","0","1","Random","4","1","1","m","trial","1080","1920","/Users/justina/Downloads/lexical_decision","126","1213","1050","1676","750","0","750","800","539","11","1011","1011","1111","legacy","xpyriment","1111","1111","m","695","0","20","12","50","12","50","50","50","50","prsetpin","12","200","11273","NA","11369","NA","NA","NA","2128","24831","11366","234369","242630","242629","2206","243171","2207","11367","24831","NA","NA","NA","NA","NA","23503","243867","243171","NA","242628","LexicalDecision"
"No","640","1","HF","-12","experimental","0","1","HF","1","1","1","n","trial","1080","1920","/Users/justina/Downloads/lexical_decision","127","1201","1050","1676","750","0","1201","1213","424","111","1011","1011","1111","legacy","xpyriment","111","11","n","640","0","20","12","50","12","50","12","12","12","kapot","12","200","11273","NA","11369","NA","NA","NA","2128","24831","11366","234369","243986","243985","2206","244413","2207","11367","24831","NA","NA","NA","NA","NA","23503","245054","244413","NA","243984","LexicalDecision"
"No","750","0","Random","50","experimental","0","1","Random","4","0","0","m","trial","1080","1920","/Users/justina/Downloads/lexical_decision","128","1201","1050","1676","800","0","800","750","558","111","1011","1011","1110","legacy","xpyriment","1110","1111","None","750","1","20","12","50","12","50","50","50","50","hctjzues","12","200","11273","NA","11369","NA","NA","NA","2128","24831","11366","246512","245172","245171","2206","245733","2207","11367","24831","NA","NA","NA","NA","NA","23503","246483","245733","NA","245170","LexicalDecision"
"No","783","1","LF","-50","experimental","0","1","LF","2","1","1","n","trial","1080","1920","/Users/justina/Downloads/lexical_decision","129","1201","1000","1676","800","0","1000","1050","414","111","111","1011","1110","legacy","xpyriment","0111","1011","n","783","0","20","12","50","12","50","50","50","50","kapjes","12","200","11273","NA","11369","NA","NA","NA","2128","24831","11366","246512","248646","248645","2206","249062","2207","11367","24831","NA","NA","NA","NA","NA","23503","249846","249062","NA","248645","LexicalDecision"
"No","560","0","Pseudo","12","experimental","0","1","Pseudo","3","0","0","m","trial","1080","1920","/Users/justina/Downloads/lexical_decision","130","1201","1000","1688","800","0","1688","1676","466","111","111","110","1110","legacy","xpyriment","0110","1011","n","560","0","20","12","50","12","50","12","12","12","opgat","12","200","11273","NA","11369","NA","NA","NA","2128","24831","11366","251021","249963","249962","2206","250431","2207","11367","24831","NA","NA","NA","NA","NA","23503","250992","250431","NA","249962","LexicalDecision"
"No","669","1","LF","-50","experimental","0","1","LF","2","1","1","n","trial","1080","1920","/Users/justina/Downloads/lexical_decision","131","1201","950","1688","800","0","950","1000","398","111","1111","110","1110","legacy","xpyriment","1111","111","n","669","0","20","12","50","12","50","50","50","50","jargons","12","200","11273","NA","11369","NA","NA","NA","2128","24831","11366","251021","253154","253153","2206","253555","2207","11367","24831","NA","NA","NA","NA","NA","23503","254225","253554","NA","253153","LexicalDecision"
"No","572","1","LF","-50","experimental","0","1","LF","2","1","1","n","trial","1080","1920","/Users/justina/Downloads/lexical_decision","132","1201","900","1688","800","0","900","950","468","111","1111","110","1110","legacy","xpyriment","1111","1111","n","572","0","20","12","50","12","50","50","50","50","muiltje","12","200","11273","NA","11369","NA","NA","NA","2128","24831","11366","251021","254342","254341","2206","254814","2207","11367","24831","NA","NA","NA","NA","NA","23503","255387","254814","NA","254341","LexicalDecision"
"No","560","1","LF","-50","experimental","0","1","LF","2","1","1","n","trial","1080","1920","/Users/justina/Downloads/lexical_decision","133","1201","850","1688","800","0","850","900","453","111","1111","110","1110","legacy","xpyriment","1111","1111","n","560","0","20","12","50","12","50","50","50","50","pinda","12","200","11273","NA","11369","NA","NA","NA","2128","24831","11366","251021","255503","255503","2206","255958","2207","11367","24831","NA","NA","NA","NA","NA","23503","256519","255958","NA","255502","LexicalDecision"
"No","549","1","Random","-50","experimental","0","1","Random","4","1","1","m","trial","1080","1920","/Users/justina/Downloads/lexical_decision","134","1201","850","1688","750","0","750","800","566","111","1111","110","1101","legacy","xpyriment","1101","1110","m","549","0","20","12","50","12","50","50","50","50","lbuvaki","12","200","11273","NA","11369","NA","NA","NA","2128","24831","11366","251021","256636","256635","2206","257205","2207","11367","24831","NA","NA","NA","NA","NA","23503","257755","257205","NA","256635","LexicalDecision"
"No","813","1","HF","-12","experimental","0","1","HF","1","1","1","n","trial","1080","1920","/Users/justina/Downloads/lexical_decision","135","1189","850","1688","750","0","1189","1201","460","1111","1111","110","1101","legacy","xpyriment","1111","111","n","813","0","20","12","50","12","50","12","12","12","koop","12","200","11273","NA","11369","NA","NA","NA","2128","24831","11366","251021","257871","257870","2206","258334","2207","11367","24831","NA","NA","NA","NA","NA","23503","259148","258334","NA","257870","LexicalDecision"
"No","550","1","HF","-12","experimental","0","1","HF","1","1","1","n","trial","1080","1920","/Users/justina/Downloads/lexical_decision","136","1177","850","1688","750","0","1177","1189","438","1111","1111","110","1101","legacy","xpyriment","1111","1111","n","550","0","20","12","50","12","50","12","12","12","leeftijd","12","200","11273","NA","11369","NA","NA","NA","2128","24831","11366","251021","259265","259265","2206","259705","2207","11367","24831","NA","NA","NA","NA","NA","23503","260256","259705","NA","259264","LexicalDecision"
"No","636","1","Random","-50","experimental","0","1","Random","4","1","1","m","trial","1080","1920","/Users/justina/Downloads/lexical_decision","137","1177","850","1688","700","0","700","750","593","1111","1111","110","1011","legacy","xpyriment","1011","1101","m","636","0","20","12","50","12","50","50","50","50","euiltjzs","12","200","11273","NA","11369","NA","NA","NA","2128","24831","11366","251021","260373","260372","2206","260969","2207","11367","24831","NA","NA","NA","NA","NA","23503","261606","260969","NA","260372","LexicalDecision"
"No","700","0","Random","50","experimental","0","1","Random","4","0","0","m","trial","1080","1920","/Users/justina/Downloads/lexical_decision","138","1177","850","1688","750","0","750","700","461","1111","1111","110","110","legacy","xpyriment","0110","1011","None","700","1","20","12","50","12","50","50","50","50","epmeils","12","200","11273","NA","11369","NA","NA","NA","2128","24831","11366","262917","261722","261721","2206","262187","2207","11367","24831","NA","NA","NA","NA","NA","23503","262887","262186","NA","261721","LexicalDecision"
"No","959","0","Pseudo","12","experimental","0","1","Pseudo","3","0","0","m","trial","1080","1920","/Users/justina/Downloads/lexical_decision","139","1177","850","1700","750","0","1700","1688","538","1111","1111","1100","110","legacy","xpyriment","1100","110","n","959","0","20","12","50","12","50","12","12","12","lelend","12","200","11273","NA","11369","NA","NA","NA","2128","24831","11366","266587","265056","265055","2206","265597","2207","11367","24831","NA","NA","NA","NA","NA","23503","266557","265596","NA","265055","LexicalDecision"
"No","677","0","Pseudo","12","experimental","0","1","Pseudo","3","0","0","m","trial","1080","1920","/Users/justina/Downloads/lexical_decision","140","1177","850","1712","750","0","1712","1700","469","1111","1111","1000","110","legacy","xpyriment","1000","1100","n","677","0","20","12","50","12","50","12","12","12","werkmaas","12","200","11273","NA","11369","NA","NA","NA","2128","24831","11366","269902","268723","268723","2206","269195","2207","11367","24831","NA","NA","NA","NA","NA","23503","269873","269195","NA","268722","LexicalDecision"
"No","584","1","LF","-50","experimental","0","1","LF","2","1","1","n","trial","1080","1920","/Users/justina/Downloads/lexical_decision","141","1177","800","1712","750","0","800","850","584","1111","1111","1000","110","legacy","xpyriment","1111","1111","n","584","0","20","12","50","12","50","50","50","50","kaasjes","12","200","11273","NA","11369","NA","NA","NA","2128","24831","11366","269902","272043","272042","2206","272629","2207","11367","24831","NA","NA","NA","NA","NA","23503","273214","272629","NA","272042","LexicalDecision"
"No","658","1","Random","-50","experimental","0","1","Random","4","1","1","m","trial","1080","1920","/Users/justina/Downloads/lexical_decision","142","1177","800","1712","700","0","700","750","531","1111","1111","1000","1101","legacy","xpyriment","1101","110","m","658","0","20","12","50","12","50","50","50","50","ltdea's","12","200","11273","NA","11369","NA","NA","NA","2128","24831","11366","269902","273330","273329","2206","273864","2207","11367","24831","NA","NA","NA","NA","NA","23503","274523","273863","NA","273328","LexicalDecision"
"No","800","0","LF","50","experimental","0","1","LF","2","0","0","n","trial","1080","1920","/Users/justina/Downloads/lexical_decision","143","1177","850","1712","700","0","850","800","520","1111","1110","1000","1101","legacy","xpyriment","1110","1111","None","800","1","20","12","50","12","50","50","50","50","mietjes","12","200","11273","NA","11369","NA","NA","NA","2128","24831","11366","275991","274638","274637","2206","275162","2207","11367","24831","NA","NA","NA","NA","NA","23503","275962","275162","NA","274637","LexicalDecision"
"No","1102","1","HF","-12","experimental","0","1","HF","1","1","1","n","trial","1080","1920","/Users/justina/Downloads/lexical_decision","144","1165","850","1712","700","0","1165","1177","519","1111","1110","1000","1101","legacy","xpyriment","1111","1111","n","1102","0","20","12","50","12","50","12","12","12","afkeer","12","200","11273","NA","11369","NA","NA","NA","2128","24831","11366","275991","278126","278125","2206","278648","2207","11367","24831","NA","NA","NA","NA","NA","23503","279751","278647","NA","278125","LexicalDecision"
"No","623","1","Random","-50","experimental","0","1","Random","4","1","1","m","trial","1080","1920","/Users/justina/Downloads/lexical_decision","145","1165","850","1712","650","0","650","700","500","1111","1110","1000","1011","legacy","xpyriment","1011","1101","m","623","0","20","12","50","12","50","50","50","50","us'cac","12","200","11273","NA","11369","NA","NA","NA","2128","24831","11366","275991","279868","279867","2206","280371","2207","11367","24831","NA","NA","NA","NA","NA","23503","280995","280370","NA","279866","LexicalDecision"
"No","850","0","LF","50","experimental","0","1","LF","2","0","0","n","trial","1080","1920","/Users/justina/Downloads/lexical_decision","146","1165","900","1712","650","0","900","850","407","1111","1100","1000","1011","legacy","xpyriment","1100","1110","None","850","1","20","12","50","12","50","50","50","50","python","12","200","11273","NA","11369","NA","NA","NA","2128","24831","11366","282400","281111","281110","2206","281520","2207","11367","24831","NA","NA","NA","NA","NA","23503","282370","281520","NA","281109","LexicalDecision"
"No","650","0","Random","50","experimental","0","1","Random","4","0","0","m","trial","1080","1920","/Users/justina/Downloads/lexical_decision","147","1165","900","1712","700","0","700","650","421","1111","1100","1000","110","legacy","xpyriment","0110","1011","None","650","1","20","12","50","12","50","50","50","50","eujtds","12","200","11273","NA","11369","NA","NA","NA","2128","24831","11366","285641","284539","284538","2206","284963","2207","11367","24831","NA","NA","NA","NA","NA","23503","285613","284963","NA","284538","LexicalDecision"
"No","662","1","Random","-50","experimental","0","1","Random","4","1","1","m","trial","1080","1920","/Users/justina/Downloads/lexical_decision","148","1165","900","1712","650","0","650","700","439","1111","1100","1000","1101","legacy","xpyriment","1101","110","m","662","0","20","12","50","12","50","50","50","50","dnoser","12","200","11273","NA","11369","NA","NA","NA","2128","24831","11366","285641","287777","287776","2206","288218","2207","11367","24831","NA","NA","NA","NA","NA","23503","288881","288218","NA","287776","LexicalDecision"
"No","624","1","LF","-50","experimental","0","1","LF","2","1","1","n","trial","1080","1920","/Users/justina/Downloads/lexical_decision","149","1165","850","1712","650","0","850","900","529","1111","1001","1000","1101","legacy","xpyriment","1001","1100","n","624","0","20","12","50","12","50","50","50","50","wimper","12","200","11273","NA","11369","NA","NA","NA","2128","24831","11366","285641","288997","288996","2206","289529","2207","11367","24831","NA","NA","NA","NA","NA","23503","290154","289529","NA","288995","LexicalDecision"
"No","893","1","HF","-12","experimental","0","1","HF","1","1","1","n","trial","1080","1920","/Users/justina/Downloads/lexical_decision","150","1153","850","1712","650","0","1153","1165","559","1111","1001","1000","1101","legacy","xpyriment","1111","1111","n","893","0","20","12","50","12","50","12","12","12","gelooft","12","200","11273","NA","11369","NA","NA","NA","2128","24831","11366","285641","290270","290269","2206","290831","2207","11367","24831","NA","NA","NA","NA","NA","23503","291724","290831","NA","290268","LexicalDecision"
"No","587","1","HF","-12","experimental","0","1","HF","1","1","1","n","trial","1080","1920","/Users/justina/Downloads/lexical_decision","151","1141","850","1712","650","0","1141","1153","469","1111","1001","1000","1101","legacy","xpyriment","1111","1111","n","587","0","20","12","50","12","50","12","12","12","sturen","12","200","11273","NA","11369","NA","NA","NA","2128","24831","11366","285641","291841","291840","2206","292314","2207","11367","24831","NA","NA","NA","NA","NA","23503","292902","292314","NA","291840","LexicalDecision"
"No","562","1","LF","-50","experimental","0","1","LF","2","1","1","n","trial","1080","1920","/Users/justina/Downloads/lexical_decision","152","1141","800","1712","650","0","800","850","527","1111","11","1000","1101","legacy","xpyriment","0011","1001","n","562","0","20","12","50","12","50","50","50","50","eenhoorn","12","200","11273","NA","11369","NA","NA","NA","2128","24831","11366","285641","293018","293017","2206","293547","2207","11367","24831","NA","NA","NA","NA","NA","23503","294110","293547","NA","293017","LexicalDecision"
"No","572","0","Pseudo","12","experimental","0","1","Pseudo","3","0","0","m","trial","1080","1920","/Users/justina/Downloads/lexical_decision","153","1141","800","1724","650","0","1724","1712","407","1111","11","0","1101","legacy","xpyriment","0000","1000","n","572","0","20","12","50","12","50","12","12","12","dasten","12","200","11273","NA","11369","NA","NA","NA","2128","24831","11366","295238","294226","294225","2206","294635","2207","11367","24831","NA","NA","NA","NA","NA","23503","295207","294635","NA","294224","LexicalDecision"
"No","800","0","LF","50","experimental","0","1","LF","2","0","0","n","trial","1080","1920","/Users/justina/Downloads/lexical_decision","154","1141","850","1724","650","0","850","800","477","1111","110","0","1101","legacy","xpyriment","110","11","None","800","1","20","12","50","12","50","50","50","50","matjes","12","200","11273","NA","11369","NA","NA","NA","2128","24831","11366","298687","297378","297377","2206","297857","2207","11367","24831","NA","NA","NA","NA","NA","23503","298657","297857","NA","297377","LexicalDecision"
"No","698","1","Pseudo","-12","experimental","0","1","Pseudo","3","1","1","m","trial","1080","1920","/Users/justina/Downloads/lexical_decision","155","1141","850","1712","650","0","1712","1724","515","1111","110","1","1101","legacy","xpyriment","01","0","m","698","0","20","12","50","12","50","12","12","12","lawant","12","200","11273","NA","11369","NA","NA","NA","2128","24831","11366","298687","300830","300829","2206","301347","2207","11367","24831","NA","NA","NA","NA","NA","23503","302046","301347","NA","300829","LexicalDecision"
"No","621","1","Random","-50","experimental","0","1","Random","4","1","1","m","trial","1080","1920","/Users/justina/Downloads/lexical_decision","156","1141","850","1712","600","0","600","650","536","1111","110","1","1011","legacy","xpyriment","1011","1101","m","621","0","20","12","50","12","50","50","50","50","rimeupsr","12","200","11273","NA","11369","NA","NA","NA","2128","24831","11366","298687","302164","302163","2206","302702","2207","11367","24831","NA","NA","NA","NA","NA","23503","303324","302702","NA","302163","LexicalDecision"
"No","530","1","Pseudo","-12","experimental","0","1","Pseudo","3","1","1","m","trial","1080","1920","/Users/justina/Downloads/lexical_decision","157","1141","850","1700","600","0","1700","1712","511","1111","110","11","1011","legacy","xpyriment","11","1","m","530","0","20","12","50","12","50","12","12","12","rekst","12","200","11273","NA","11369","NA","NA","NA","2128","24831","11366","298687","303440","303439","2206","303953","2207","11367","24831","NA","NA","NA","NA","NA","23503","304484","303953","NA","303439","LexicalDecision"
"No","502","1","Pseudo","-12","experimental","0","1","Pseudo","3","1","1","m","trial","1080","1920","/Users/justina/Downloads/lexical_decision","158","1141","850","1688","600","0","1688","1700","580","1111","110","111","1011","legacy","xpyriment","111","11","m","502","0","20","12","50","12","50","12","12","12","kwap","12","200","11273","NA","11369","NA","NA","NA","2128","24831","11366","298687","304601","304600","2206","305184","2207","11367","24831","NA","NA","NA","NA","NA","23503","305687","305184","NA","304599","LexicalDecision"
"No","664","0","LF","50","experimental","0","1","LF","2","0","0","n","trial","1080","1920","/Users/justina/Downloads/lexical_decision","159","1141","900","1688","600","0","900","850","419","1111","1100","111","1011","legacy","xpyriment","1100","110","m","664","0","20","12","50","12","50","50","50","50","meidje","12","200","11273","NA","11369","NA","NA","NA","2128","24831","11366","306917","305803","305802","2206","306223","2207","11367","24831","NA","NA","NA","NA","NA","23503","306888","306223","NA","305802","LexicalDecision"
"No","677","1","LF","-50","experimental","0","1","LF","2","1","1","n","trial","1080","1920","/Users/justina/Downloads/lexical_decision","160","1141","850","1688","600","0","850","900","476","1111","1001","111","1011","legacy","xpyriment","1001","1100","n","677","0","20","12","50","12","50","50","50","50","sletje","12","200","11273","NA","11369","NA","NA","NA","2128","24831","11366","306917","309062","309061","2206","309540","2207","11367","24831","NA","NA","NA","NA","NA","23503","310218","309539","NA","309061","LexicalDecision"
"No","603","1","LF","-50","experimental","0","1","LF","2","1","1","n","trial","1080","1920","/Users/justina/Downloads/lexical_decision","161","1141","800","1688","600","0","800","850","535","1111","11","111","1011","legacy","xpyriment","0011","1001","n","603","0","20","12","50","12","50","50","50","50","westerns","12","200","11273","NA","11369","NA","NA","NA","2128","24831","11366","306917","310335","310334","2206","310873","2207","11367","24831","NA","NA","NA","NA","NA","23503","311477","310873","NA","310333","LexicalDecision"
"No","563","1","HF","-12","experimental","0","1","HF","1","1","1","n","trial","1080","1920","/Users/justina/Downloads/lexical_decision","162","1129","800","1688","600","0","1129","1141","497","1111","11","111","1011","legacy","xpyriment","1111","1111","n","563","0","20","12","50","12","50","12","12","12","geeft","12","200","11273","NA","11369","NA","NA","NA","2128","24831","11366","306917","311592","311591","2206","312092","2207","11367","24831","NA","NA","NA","NA","NA","23503","312656","312092","NA","311591","LexicalDecision"
"No","451","0","Pseudo","12","experimental","0","1","Pseudo","3","0","0","m","trial","1080","1920","/Users/justina/Downloads/lexical_decision","163","1129","800","1700","600","0","1700","1688","570","1111","11","1110","1011","legacy","xpyriment","1110","111","n","451","0","20","12","50","12","50","12","12","12","bospen","12","200","11273","NA","11369","NA","NA","NA","2128","24831","11366","313823","312771","312770","2206","313343","2207","11367","24831","NA","NA","NA","NA","NA","23503","313795","313343","NA","312770","LexicalDecision"
"No","511","1","HF","-12","experimental","0","1","HF","1","1","1","n","trial","1080","1920","/Users/justina/Downloads/lexical_decision","164","1117","800","1700","600","0","1117","1129","414","1111","11","1110","1011","legacy","xpyriment","1111","1111","n","511","0","20","12","50","12","50","12","12","12","schrik","12","200","11273","NA","11369","NA","NA","NA","2128","24831","11366","313823","315961","315960","2206","316377","2207","11367","24831","NA","NA","NA","NA","NA","23503","316889","316376","NA","315960","LexicalDecision"
"No","540","1","Random","-50","experimental","0","1","Random","4","1","1","m","trial","1080","1920","/Users/justina/Downloads/lexical_decision","165","1117","800","1700","550","0","550","600","507","1111","11","1110","111","legacy","xpyriment","0111","1011","m","540","0","20","12","50","12","50","50","50","50","vmeelses","12","200","11273","NA","11369","NA","NA","NA","2128","24831","11366","313823","317005","317004","2206","317515","2207","11367","24831","NA","NA","NA","NA","NA","23503","318055","317515","NA","317004","LexicalDecision"
"No","550","0","Random","50","experimental","0","1","Random","4","0","0","m","trial","1080","1920","/Users/justina/Downloads/lexical_decision","166","1117","800","1700","600","0","600","550","508","1111","11","1110","1110","legacy","xpyriment","1110","111","None","550","1","20","12","50","12","50","50","50","50","krreco","12","200","11273","NA","11369","NA","NA","NA","2128","24831","11366","319260","318171","318170","2206","318682","2207","11367","24831","NA","NA","NA","NA","NA","23503","319232","318682","NA","318170","LexicalDecision"
"No","600","0","Random","50","experimental","0","1","Random","4","0","0","m","trial","1080","1920","/Users/justina/Downloads/lexical_decision","167","1117","800","1700","650","0","650","600","530","1111","11","1110","1100","legacy","xpyriment","1100","1110","None","600","1","20","12","50","12","50","50","50","50","uaijn","12","200","11273","NA","11369","NA","NA","NA","2128","24831","11366","322564","321402","321401","2206","321935","2207","11367","24831","NA","NA","NA","NA","NA","23503","322535","321935","NA","321401","LexicalDecision"
"No","373","0","LF","50","experimental","0","1","LF","2","0","0","n","trial","1080","1920","/Users/justina/Downloads/lexical_decision","168","1117","850","1700","650","0","850","800","442","1111","110","1110","1100","legacy","xpyriment","110","11","m","373","0","20","12","50","12","50","50","50","50","modem","12","200","11273","NA","11369","NA","NA","NA","2128","24831","11366","325546","324699","324698","2206","325143","2207","11367","24831","NA","NA","NA","NA","NA","23503","325517","325143","NA","324698","LexicalDecision"
"No","515","1","LF","-50","experimental","0","1","LF","2","1","1","n","trial","1080","1920","/Users/justina/Downloads/lexical_decision","169","1117","800","1700","650","0","800","850","534","1111","1101","1110","1100","legacy","xpyriment","1101","110","n","515","0","20","12","50","12","50","50","50","50","walnoot","12","200","11273","NA","11369","NA","NA","NA","2128","24831","11366","325546","327685","327684","2206","328221","2207","11367","24831","NA","NA","NA","NA","NA","23503","328737","328221","NA","327684","LexicalDecision"
"No","437","1","HF","-12","experimental","0","1","HF","1","1","1","n","trial","1080","1920","/Users/justina/Downloads/lexical_decision","170","1105","800","1700","650","0","1105","1117","531","1111","1101","1110","1100","legacy","xpyriment","1111","1111","n","437","0","20","12","50","12","50","12","12","12","succes","12","200","11273","NA","11369","NA","NA","NA","2128","24831","11366","325546","328852","328851","2206","329386","2207","11367","24831","NA","NA","NA","NA","NA","23503","329824","329386","NA","328851","LexicalDecision"
"No","319","0","Pseudo","12","experimental","0","1","Pseudo","3","0","0","m","trial","1080","1920","/Users/justina/Downloads/lexical_decision","171","1105","800","1712","650","0","1712","1700","463","1111","1101","1100","1100","legacy","xpyriment","1100","1110","n","319","0","20","12","50","12","50","12","12","12","bongen","12","200","11273","NA","11369","NA","NA","NA","2128","24831","11366","330754","329940","329939","2206","330406","2207","11367","24831","NA","NA","NA","NA","NA","23503","330725","330405","NA","329939","LexicalDecision"
"No","486","0","Pseudo","12","experimental","0","1","Pseudo","3","0","0","m","trial","1080","1920","/Users/justina/Downloads/lexical_decision","172","1105","800","1724","650","0","1724","1712","428","1111","1101","1000","1100","legacy","xpyriment","1000","1100","n","486","0","20","12","50","12","50","12","12","12","gebaan","12","200","11273","NA","11369","NA","NA","NA","2128","24831","11366","333840","332896","332895","2206","333325","2207","11367","24831","NA","NA","NA","NA","NA","23503","333812","333325","NA","332894","LexicalDecision"
"No","524","1","HF","-12","experimental","0","1","HF","1","1","1","n","trial","1080","1920","/Users/justina/Downloads/lexical_decision","173","1093","800","1724","650","0","1093","1105","517","1111","1101","1000","1100","legacy","xpyriment","1111","1111","n","524","0","20","12","50","12","50","12","12","12","drong","12","200","11273","NA","11369","NA","NA","NA","2128","24831","11366","333840","335973","335973","2206","336493","2207","11367","24831","NA","NA","NA","NA","NA","23503","337018","336493","NA","335972","LexicalDecision"
"No","413","1","LF","-50","experimental","0","1","LF","2","1","1","n","trial","1080","1920","/Users/justina/Downloads/lexical_decision","174","1093","750","1724","650","0","750","800","486","1111","1011","1000","1100","legacy","xpyriment","1011","1101","n","413","0","20","12","50","12","50","50","50","50","watjes","12","200","11273","NA","11369","NA","NA","NA","2128","24831","11366","333840","337134","337133","2206","337622","2207","11367","24831","NA","NA","NA","NA","NA","23503","338035","337622","NA","337132","LexicalDecision"
"No","619","1","Random","-50","experimental","0","1","Random","4","1","1","m","trial","1080","1920","/Users/justina/Downloads/lexical_decision","175","1093","750","1724","600","0","600","650","488","1111","1011","1000","1001","legacy","xpyriment","1001","1100","m","619","0","20","12","50","12","50","50","50","50","ryu'js","12","200","11273","NA","11369","NA","NA","NA","2128","24831","11366","333840","338151","338150","2206","338640","2207","11367","24831","NA","NA","NA","NA","NA","23503","339260","338640","NA","338150","LexicalDecision"
"No","644","0","LF","50","experimental","0","1","LF","2","0","0","n","trial","1080","1920","/Users/justina/Downloads/lexical_decision","176","1093","800","1724","600","0","800","750","475","1111","110","1000","1001","legacy","xpyriment","0110","1011","m","644","0","20","12","50","12","50","50","50","50","rietjes","12","200","11273","NA","11369","NA","NA","NA","2128","24831","11366","340527","339377","339376","2206","339854","2207","11367","24831","NA","NA","NA","NA","NA","23503","340499","339854","NA","339376","LexicalDecision"
"No","590","1","Random","-50","experimental","0","1","Random","4","1","1","m","trial","1080","1920","/Users/justina/Downloads/lexical_decision","177","1093","800","1724","550","0","550","600","459","1111","110","1000","11","legacy","xpyriment","0011","1001","m","590","0","20","12","50","12","50","50","50","50","ktsea","12","200","11273","NA","11369","NA","NA","NA","2128","24831","11366","340527","342661","342660","2206","343123","2207","11367","24831","NA","NA","NA","NA","NA","23503","343714","343123","NA","342660","LexicalDecision"
"No","447","1","Random","-50","experimental","0","1","Random","4","1","1","m","trial","1080","1920","/Users/justina/Downloads/lexical_decision","178","1093","800","1724","500","0","500","550","412","1111","110","1000","111","legacy","xpyriment","111","11","m","447","0","20","12","50","12","50","50","50","50","ajaelsg","12","200","11273","NA","11369","NA","NA","NA","2128","24831","11366","340527","343830","343829","2206","344246","2207","11367","24831","NA","NA","NA","NA","NA","23503","344694","344245","NA","343829","LexicalDecision"
"No","461","0","HF","12","experimental","0","1","HF","1","0","0","n","trial","1080","1920","/Users/justina/Downloads/lexical_decision","179","1105","800","1724","500","0","1105","1093","557","1110","110","1000","111","legacy","xpyriment","1110","1111","m","461","0","20","12","50","12","50","12","12","12","stemming","12","200","11273","NA","11369","NA","NA","NA","2128","24831","11366","345861","344811","344810","2206","345371","2207","11367","24831","NA","NA","NA","NA","NA","23503","345833","345371","NA","344809","LexicalDecision"
"No","583","0","LF","50","experimental","0","1","LF","2","0","0","n","trial","1080","1920","/Users/justina/Downloads/lexical_decision","180","1105","850","1724","500","0","850","800","555","1110","1100","1000","111","legacy","xpyriment","1100","110","m","583","0","20","12","50","12","50","50","50","50","strikje","12","200","11273","NA","11369","NA","NA","NA","2128","24831","11366","349174","348004","348003","2206","348561","2207","11367","24831","NA","NA","NA","NA","NA","23503","349145","348561","NA","348003","LexicalDecision"
"No","500","0","Random","50","experimental","0","1","Random","4","0","0","m","trial","1080","1920","/Users/justina/Downloads/lexical_decision","181","1105","850","1724","550","0","550","500","466","1110","1100","1000","1110","legacy","xpyriment","1110","111","None","500","1","20","12","50","12","50","50","50","50","ebaewsr","12","200","11273","NA","11369","NA","NA","NA","2128","24831","11366","352309","351313","351312","2206","351780","2207","11367","24831","NA","NA","NA","NA","NA","23503","352280","351780","NA","351312","LexicalDecision"
"No","536","1","Pseudo","-12","experimental","0","1","Pseudo","3","1","1","m","trial","1080","1920","/Users/justina/Downloads/lexical_decision","182","1105","850","1712","550","0","1712","1724","543","1110","1100","1","1110","legacy","xpyriment","0001","1000","m","536","0","20","12","50","12","50","12","12","12","dilier","12","200","11273","NA","11369","NA","NA","NA","2128","24831","11366","352309","354447","354446","2206","354992","2207","11367","24831","NA","NA","NA","NA","NA","23503","355529","354992","NA","354446","LexicalDecision"
"No","509","0","LF","50","experimental","0","1","LF","2","0","0","n","trial","1080","1920","/Users/justina/Downloads/lexical_decision","183","1105","900","1712","550","0","900","850","431","1110","1000","1","1110","legacy","xpyriment","1000","1100","m","509","0","20","12","50","12","50","50","50","50","wasbeer","12","200","11273","NA","11369","NA","NA","NA","2128","24831","11366","356617","355644","355643","2206","356078","2207","11367","24831","NA","NA","NA","NA","NA","23503","356588","356077","NA","355643","LexicalDecision"
"No","550","0","Random","50","experimental","0","1","Random","4","0","0","m","trial","1080","1920","/Users/justina/Downloads/lexical_decision","184","1105","900","1712","600","0","600","550","538","1110","1000","1","1100","legacy","xpyriment","1100","1110","None","550","1","20","12","50","12","50","50","50","50","jatneash","12","200","11273","NA","11369","NA","NA","NA","2128","24831","11366","359873","358754","358754","2206","359294","2207","11367","24831","NA","NA","NA","NA","NA","23503","359844","359294","NA","358753","LexicalDecision"
"No","569","1","LF","-50","experimental","0","1","LF","2","1","1","n","trial","1080","1920","/Users/justina/Downloads/lexical_decision","185","1105","850","1712","600","0","850","900","441","1110","1","1","1100","legacy","xpyriment","0001","1000","n","569","0","20","12","50","12","50","50","50","50","dwergjes","12","200","11273","NA","11369","NA","NA","NA","2128","24831","11366","359873","362006","362005","2206","362449","2207","11367","24831","NA","NA","NA","NA","NA","23503","363019","362449","NA","362005","LexicalDecision"
"No","562","0","Pseudo","12","experimental","0","1","Pseudo","3","0","0","m","trial","1080","1920","/Users/justina/Downloads/lexical_decision","186","1105","850","1724","600","0","1724","1712","530","1110","1","10","1100","legacy","xpyriment","10","1","n","562","0","20","12","50","12","50","12","12","12","koede","12","200","11273","NA","11369","NA","NA","NA","2128","24831","11366","364259","363134","363133","2206","363668","2207","11367","24831","NA","NA","NA","NA","NA","23503","364231","363667","NA","363133","LexicalDecision"
"No","707","1","Pseudo","-12","experimental","0","1","Pseudo","3","1","1","m","trial","1080","1920","/Users/justina/Downloads/lexical_decision","187","1105","850","1712","600","0","1712","1724","591","1110","1","101","1100","legacy","xpyriment","101","10","m","707","0","20","12","50","12","50","12","12","12","noller","12","200","11273","NA","11369","NA","NA","NA","2128","24831","11366","364259","366391","366390","2206","366985","2207","11367","24831","NA","NA","NA","NA","NA","23503","367693","366985","NA","366390","LexicalDecision"
"No","640","0","Pseudo","10","experimental","1","1","Pseudo","3","0","0","m","trial","1080","1920","/Users/justina/Downloads/lexical_decision","188","1105","850","1722","600","0","1722","1712","459","1110","1","","1100","legacy","xpyriment","","101","n","640","0","20","12","50","10","50","10","10","12","bijk","12","200","11273","NA","11369","NA","NA","NA","2128","24831","11366","368939","367808","367807","2206","368270","2207","11367","24831","NA","NA","NA","NA","NA","23503","368911","368270","NA","367807","LexicalDecision"
"No","614","0","Pseudo","10","experimental","0","1","Pseudo","3","0","0","m","trial","1080","1920","/Users/justina/Downloads/lexical_decision","189","1105","850","1732","600","0","1732","1722","537","1110","1","0","1100","legacy","xpyriment","0","","n","614","0","20","12","50","10","50","10","10","10","kungen","12","200","11273","NA","11369","NA","NA","NA","2128","24831","11366","372259","371075","371074","2206","371615","2207","11367","24831","NA","NA","NA","NA","NA","23503","372231","371614","NA","371074","LexicalDecision"
"No","668","1","LF","-50","experimental","0","1","LF","2","1","1","n","trial","1080","1920","/Users/justina/Downloads/lexical_decision","190","1105","800","1732","600","0","800","850","561","1110","11","0","1100","legacy","xpyriment","11","1","n","668","0","20","12","50","10","50","50","50","50","musje","12","200","11273","NA","11369","NA","NA","NA","2128","24831","11366","372259","374396","374395","2206","374960","2207","11367","24831","NA","NA","NA","NA","NA","23503","375629","374959","NA","374394","LexicalDecision"
"No","519","1","HF","-12","experimental","0","1","HF","1","1","1","n","trial","1080","1920","/Users/justina/Downloads/lexical_decision","191","1093","800","1732","600","0","1093","1105","550","1101","11","0","1100","legacy","xpyriment","1101","1110","n","519","0","20","12","50","10","50","12","12","12","vrolijk","12","200","11273","NA","11369","NA","NA","NA","2128","24831","11366","372259","375745","375744","2206","376297","2207","11367","24831","NA","NA","NA","NA","NA","23503","376817","376297","NA","375744","LexicalDecision"
"No","600","0","Random","50","experimental","0","1","Random","4","0","0","m","trial","1080","1920","/Users/justina/Downloads/lexical_decision","192","1093","800","1732","650","0","650","600","499","1101","11","0","1000","legacy","xpyriment","1000","1100","None","600","1","20","12","50","10","50","50","50","50","retebjes","12","200","11273","NA","11369","NA","NA","NA","2128","24831","11366","378063","376932","376931","2206","377433","2207","11367","24831","NA","NA","NA","NA","NA","23503","378033","377432","NA","376931","LexicalDecision"
"No","502","1","LF","-50","experimental","0","1","LF","2","1","1","n","trial","1080","1920","/Users/justina/Downloads/lexical_decision","193","1093","750","1732","650","0","750","800","452","1101","111","0","1000","legacy","xpyriment","111","11","n","502","0","20","12","50","10","50","50","50","50","strippen","12","200","11273","NA","11369","NA","NA","NA","2128","24831","11366","378063","380205","380204","2206","380659","2207","11367","24831","NA","NA","NA","NA","NA","23503","381162","380659","NA","380204","LexicalDecision"
"No","559","1","LF","-50","experimental","0","1","LF","2","1","1","n","trial","1080","1920","/Users/justina/Downloads/lexical_decision","194","1093","700","1732","650","0","700","750","585","1101","1111","0","1000","legacy","xpyriment","1111","111","n","559","0","20","12","50","10","50","50","50","50","brugje","12","200","11273","NA","11369","NA","NA","NA","2128","24831","11366","378063","381278","381277","2206","381865","2207","11367","24831","NA","NA","NA","NA","NA","23503","382425","381865","NA","381277","LexicalDecision"
"No","464","1","HF","-12","experimental","0","1","HF","1","1","1","n","trial","1080","1920","/Users/justina/Downloads/lexical_decision","195","1081","700","1732","650","0","1081","1093","410","1011","1111","0","1000","legacy","xpyriment","1011","1101","n","464","0","20","12","50","10","50","12","12","12","langzaam","12","200","11273","NA","11369","NA","NA","NA","2128","24831","11366","378063","382549","382548","2206","382961","2207","11367","24831","NA","NA","NA","NA","NA","23503","383426","382961","NA","382547","LexicalDecision"
"No","650","0","Random","50","experimental","0","1","Random","4","0","0","m","trial","1080","1920","/Users/justina/Downloads/lexical_decision","196","1081","700","1732","700","0","700","650","491","1011","1111","0","0","legacy","xpyriment","0000","1000","None","650","1","20","12","50","10","50","50","50","50","tjszie","12","200","11273","NA","11369","NA","NA","NA","2128","24831","11366","384714","383541","383540","2206","384034","2207","11367","24831","NA","NA","NA","NA","NA","23503","384684","384034","NA","383540","LexicalDecision"
"No","486","1","HF","-12","experimental","0","1","HF","1","1","1","n","trial","1080","1920","/Users/justina/Downloads/lexical_decision","197","1069","700","1732","700","0","1069","1081","530","111","1111","0","0","legacy","xpyriment","0111","1011","n","486","0","20","12","50","10","50","12","12","12","vlug","12","200","11273","NA","11369","NA","NA","NA","2128","24831","11366","384714","386852","386851","2206","387385","2207","11367","24831","NA","NA","NA","NA","NA","23503","387872","387385","NA","386851","LexicalDecision"
"No","321","0","Pseudo","10","experimental","0","1","Pseudo","3","0","0","m","trial","1080","1920","/Users/justina/Downloads/lexical_decision","198","1069","700","1742","700","0","1742","1732","559","111","1111","0","0","legacy","xpyriment","00","0","n","321","0","20","12","50","10","50","10","10","10","bestapt","12","200","11273","NA","11369","NA","NA","NA","2128","24831","11366","388900","387987","387986","2206","388549","2207","11367","24831","NA","NA","NA","NA","NA","23503","388871","388549","NA","387986","LexicalDecision"
"No","500","0","Pseudo","10","experimental","0","1","Pseudo","3","0","0","m","trial","1080","1920","/Users/justina/Downloads/lexical_decision","199","1069","700","1752","700","0","1752","1742","527","111","1111","0","0","legacy","xpyriment","00","0","n","500","0","20","12","50","10","50","10","10","10","stemle","12","200","11273","NA","11369","NA","NA","NA","2128","24831","11366","392092","391034","391034","2206","391563","2207","11367","24831","NA","NA","NA","NA","NA","23503","392064","391562","NA","391033","LexicalDecision"
"No","446","0","Pseudo","10","experimental","0","1","Pseudo","3","0","0","m","trial","1080","1920","/Users/justina/Downloads/lexical_decision","200","1069","700","1762","700","0","1762","1752","595","111","1111","0","0","legacy","xpyriment","00","0","n","446","0","20","12","50","10","50","10","10","10","bagden","12","200","11273","NA","11369","NA","NA","NA","2128","24831","11366","395305","394234","394233","2206","394830","2207","11367","24831","NA","NA","NA","NA","NA","23503","395277","394830","NA","394233","LexicalDecision"
"No","446","0","ALL","10","experimental","0","1","Random","4","0","0","m","block_summary","1080","1920","/Users/justina/Downloads/lexical_decision","200","1069","700","1762","700","0","1762","1752","595","111","1111","0","0","legacy","xpyriment","00","0","n","446","0","20","12","50","10","50","10","10","10","acarabne","12","200","11273","NA","11369","NA","NA","NA","2128","24831","11366","395305","394234","394233","2206","394830","2207","11367","24831","NA","NA","NA","NA","NA","23503","395277","394830","NA","394233","LexicalDecision"
