"Practice","RT","accuracy","adaptive_category","adaptive_change","adaptive_phase","alternation_detected","block","cond","condition","correct","correct_keyboard_response","correct_response","data_row_type","display_height","display_width","experiment_path","experimental_trial_count","exposure_HF","exposure_LF","exposure_Pseudo","exposure_Random","exposure_floor_reached","exposure_time_after","exposure_time_before","fixation_dur","history_HF","history_LF","history_Pseudo","history_Random","keyboard_backend","mouse_backend","outcome_history_after","outcome_history_before","response_keyboard_response","response_time_keyboard_response","response_was_timeout","scaled_font_size","step_HF","step_LF","step_Pseudo","step_Random","step_size_after","step_size_applied","step_size_before","stimulus","subject_nr","testing_trial_limit","time_Experimental","time_Practice","time_block_start","time_end_of_block_trigger","time_end_of_experiment","time_end_of_practice_block_trigger","time_experiment","time_experimental_block","time_experimental_sequence","time_feedback","time_fixation","time_fixation_duration","time_generalpreps","time_keyboard_response","time_main_instructions","time_new_block","time_new_block_trigger","time_new_sketchpad","time_practice_block","time_practice_block_trigger","time_practice_sequence_1","time_practice_start","time_presstostart","time_response_trigger","time_stimulus","time_stimulus_trigger","time_trial_sequence","title"
"No","2000","0","Pseudo","50","experimental","0","1","Pseudo","3","0","0","m","trial","1080","1920","/Users/justina/Downloads/lexical_decision","1","2000","2000","2050","2000","0","2050","2000","501","","","0","","legacy","xpyriment","0","","None","2000","1","20","50","50","50","50","50","50","50","proester","8","200","19545","NA","19647","NA","NA","NA","1996","42737","19644","45359","42825","42823","2089","43329","2091","19645","42737","NA","NA","NA","NA","NA","41223","45329","43329","NA","42823","LexicalDecision"
"No","1137","1","LF","-50","experimental","0","1","LF","2","1","1","n","trial","1080","1920","/Users/justina/Downloads/lexical_decision","2","2000","1950","2050","2000","0","1950","2000","471","","1","0","","legacy","xpyriment","1","","n","1137","0","20","50","50","50","50","50","50","50","soepkom","8","200","19545","NA","19647","NA","NA","NA","1996","42737","19644","45359","47537","47535","2089","48011","2091","19645","42737","NA","NA","NA","NA","NA","41223","49149","48011","NA","47535","LexicalDecision"
"No","1264","1","LF","-50","experimental","0","1","LF","2","1","1","n","trial","1080","1920","/Users/justina/Downloads/lexical_decision","3","2000","1900","2050","2000","0","1900","1950","527","","11","0","","legacy","xpyriment","11","1","n","1264","0","20","50","50","50","50","50","50","50","stofjes","8","200","19545","NA","19647","NA","NA","NA","1996","42737","19644","45359","49271","49270","2089","49800","2091","19645","42737","NA","NA","NA","NA","NA","41223","51065","49800","NA","49270","LexicalDecision"
"No","1712","1","Pseudo","-50","experimental","0","1","Pseudo","3","1","1","m","trial","1080","1920","/Users/justina/Downloads/lexical_decision","4","2000","1900","2000","2000","0","2000","2050","441","","11","1","","legacy","xpyriment","01","0","m","1712","0","20","50","50","50","50","50","50","50","eerels","8","200","19545","NA","19647","NA","NA","NA","1996","42737","19644","45359","51185","51184","2089","51629","2091","19645","42737","NA","NA","NA","NA","NA","41223","53342","51629","NA","51184","LexicalDecision"
"No","838","1","HF","-50","experimental","0","1","HF","1","1","1","n","trial","1080","1920","/Users/justina/Downloads/lexical_decision","5","1950","1900","2000","2000","0","1950","2000","422","1","11","1","","legacy","xpyriment","1","","n","838","0","20","50","50","50","50","50","50","50","sterk","8","200","19545","NA","19647","NA","NA","NA","1996","42737","19644","45359","53461","53460","2089","53886","2091","19645","42737","NA","NA","NA","NA","NA","41223","54724","53886","NA","53460","LexicalDecision"
"No","1031","1","Pseudo","-50","experimental","0","1","Pseudo","3","1","1","m","trial","1080","1920","/Users/justina/Downloads/lexical_decision","6","1950","1900","1950","2000","0","1950","2000","480","1","11","11","","legacy","xpyriment","11","1","m","1031","0","20","50","50","50","50","50","50","50","trief","8","200","19545","NA","19647","NA","NA","NA","1996","42737","19644","45359","54844","54843","2089","55327","2091","19645","42737","NA","NA","NA","NA","NA","41223","56358","55327","NA","54842","LexicalDecision"
"No","986","1","LF","-50","experimental","0","1","LF","2","1","1","n","trial","1080","1920","/Users/justina/Downloads/lexical_decision","7","1950","1850","1950","2000","0","1850","1900","533","1","111","11","","legacy","xpyriment","111","11","n","986","0","20","50","50","50","50","50","50","50","balkjes","8","200","19545","NA","19647","NA","NA","NA","1996","42737","19644","45359","56478","56477","2089","57013","2091","19645","42737","NA","NA","NA","NA","NA","41223","58000","57013","NA","56476","LexicalDecision"
"No","1042","1","Random","-50","experimental","0","1","Random","4","1","1","m","trial","1080","1920","/Users/justina/Downloads/lexical_decision","8","1950","1850","1950","1950","0","1950","2000","528","1","111","11","1","legacy","xpyriment","1","","m","1042","0","20","50","50","50","50","50","50","50","epmeils","8","200","19545","NA","19647","NA","NA","NA","1996","42737","19644","45359","58119","58119","2089","58650","2091","19645","42737","NA","NA","NA","NA","NA","41223","59692","58650","NA","58118","LexicalDecision"
"No","798","1","HF","-50","experimental","0","1","HF","1","1","1","n","trial","1080","1920","/Users/justina/Downloads/lexical_decision","9","1900","1850","1950","1950","0","1900","1950","472","11","111","11","1","legacy","xpyriment","11","1","n","798","0","20","50","50","50","50","50","50","50","anders","8","200","19545","NA","19647","NA","NA","NA","1996","42737","19644","45359","59813","59812","2089","60288","2091","19645","42737","NA","NA","NA","NA","NA","41223","61086","60288","NA","59812","LexicalDecision"
"No","920","1","Random","-50","experimental","0","1","Random","4","1","1","m","trial","1080","1920","/Users/justina/Downloads/lexical_decision","10","1900","1850","1950","1900","0","1900","1950","397","11","111","11","11","legacy","xpyriment","11","1","m","920","0","20","50","50","50","50","50","50","50","hujcvrte","8","200","19545","NA","19647","NA","NA","NA","1996","42737","19644","45359","61206","61205","2089","61607","2091","19645","42737","NA","NA","NA","NA","NA","41223","62528","61606","NA","61205","LexicalDecision"
"No","720","1","HF","-50","experimental","0","1","HF","1","1","1","n","trial","1080","1920","/Users/justina/Downloads/lexical_decision","11","1850","1850","1950","1900","0","1850","1900","534","111","111","11","11","legacy","xpyriment","111","11","n","720","0","20","50","50","50","50","50","50","50","verloop","8","200","19545","NA","19647","NA","NA","NA","1996","42737","19644","45359","62648","62647","2089","63185","2091","19645","42737","NA","NA","NA","NA","NA","41223","63906","63184","NA","62647","LexicalDecision"
"No","786","1","Pseudo","-50","experimental","0","1","Pseudo","3","1","1","m","trial","1080","1920","/Users/justina/Downloads/lexical_decision","12","1850","1850","1900","1900","0","1900","1950","404","111","111","111","11","legacy","xpyriment","111","11","m","786","0","20","50","50","50","50","50","50","50","snonning","8","200","19545","NA","19647","NA","NA","NA","1996","42737","19644","45359","64024","64023","2089","64430","2091","19645","42737","NA","NA","NA","NA","NA","41223","65217","64430","NA","64023","LexicalDecision"
"No","1181","1","Pseudo","-50","experimental","0","1","Pseudo","3","1","1","m","trial","1080","1920","/Users/justina/Downloads/lexical_decision","13","1850","1850","1850","1900","0","1850","1900","422","111","111","1111","11","legacy","xpyriment","1111","111","m","1181","0","20","50","50","50","50","50","50","50","taas","8","200","19545","NA","19647","NA","NA","NA","1996","42737","19644","45359","65336","65335","2089","65761","2091","19645","42737","NA","NA","NA","NA","NA","41223","66943","65761","NA","65335","LexicalDecision"
"No","1528","1","LF","-50","experimental","0","1","LF","2","1","1","n","trial","1080","1920","/Users/justina/Downloads/lexical_decision","14","1850","1800","1850","1900","0","1800","1850","563","111","1111","1111","11","legacy","xpyriment","1111","111","n","1528","0","20","50","50","50","50","50","50","50","gympjes","8","200","19545","NA","19647","NA","NA","NA","1996","42737","19644","45359","67064","67063","2089","67629","2091","19645","42737","NA","NA","NA","NA","NA","41223","69158","67629","NA","67063","LexicalDecision"
"No","904","1","Random","-50","experimental","0","1","Random","4","1","1","m","trial","1080","1920","/Users/justina/Downloads/lexical_decision","15","1850","1800","1850","1850","0","1850","1900","427","111","1111","1111","111","legacy","xpyriment","111","11","m","904","0","20","50","50","50","50","50","50","50","tollenr","8","200","19545","NA","19647","NA","NA","NA","1996","42737","19644","45359","69277","69276","2089","69706","2091","19645","42737","NA","NA","NA","NA","NA","41223","70610","69706","NA","69276","LexicalDecision"
"No","1504","1","LF","-50","experimental","0","1","LF","2","1","1","n","trial","1080","1920","/Users/justina/Downloads/lexical_decision","16","1850","1750","1850","1850","0","1750","1800","396","111","1111","1111","111","legacy","xpyriment","1111","1111","n","1504","0","20","50","50","50","50","50","50","50","gieters","8","200","19545","NA","19647","NA","NA","NA","1996","42737","19644","45359","70730","70729","2089","71130","2091","19645","42737","NA","NA","NA","NA","NA","41223","72635","71130","NA","70729","LexicalDecision"
"No","1088","0","LF","50","experimental","0","1","LF","2","0","0","n","trial","1080","1920","/Users/justina/Downloads/lexical_decision","17","1850","1800","1850","1850","0","1800","1750","559","111","1110","1111","111","legacy","xpyriment","1110","1111","m","1088","0","20","50","50","50","50","50","50","50","unies","8","200","19545","NA","19647","NA","NA","NA","1996","42737","19644","74436","72754","72753","2089","73316","2091","19645","42737","NA","NA","NA","NA","NA","41223","74405","73315","NA","72753","LexicalDecision"
"No","1518","1","Pseudo","-50","experimental","0","1","Pseudo","3","1","1","m","trial","1080","1920","/Users/justina/Downloads/lexical_decision","18","1850","1800","1800","1850","0","1800","1850","574","111","1110","1111","111","legacy","xpyriment","1111","1111","m","1518","0","20","50","50","50","50","50","50","50","gegicht","8","200","19545","NA","19647","NA","NA","NA","1996","42737","19644","74436","76576","76575","2089","77152","2091","19645","42737","NA","NA","NA","NA","NA","41223","78671","77152","NA","76575","LexicalDecision"
"No","881","1","HF","-50","experimental","0","1","HF","1","1","1","n","trial","1080","1920","/Users/justina/Downloads/lexical_decision","19","1800","1800","1800","1850","0","1800","1850","550","1111","1110","1111","111","legacy","xpyriment","1111","111","n","881","0","20","50","50","50","50","50","50","50","broers","8","200","19545","NA","19647","NA","NA","NA","1996","42737","19644","74436","78790","78789","2089","79342","2091","19645","42737","NA","NA","NA","NA","NA","41223","80224","79342","NA","78789","LexicalDecision"
"No","865","1","HF","-50","experimental","0","1","HF","1","1","1","n","trial","1080","1920","/Users/justina/Downloads/lexical_decision","20","1750","1800","1800","1850","0","1750","1800","406","1111","1110","1111","111","legacy","xpyriment","1111","1111","n","865","0","20","50","50","50","50","50","50","50","stenen","8","200","19545","NA","19647","NA","NA","NA","1996","42737","19644","74436","80341","80340","2089","80749","2091","19645","42737","NA","NA","NA","NA","NA","41223","81615","80749","NA","80340","LexicalDecision"
"No","1279","1","LF","-50","experimental","0","1","LF","2","1","1","n","trial","1080","1920","/Users/justina/Downloads/lexical_decision","21","1750","1750","1800","1850","0","1750","1800","581","1111","1101","1111","111","legacy","xpyriment","1101","1110","n","1279","0","20","50","50","50","50","50","50","50","fluitjes","8","200","19545","NA","19647","NA","NA","NA","1996","42737","19644","74436","81733","81732","2089","82317","2091","19645","42737","NA","NA","NA","NA","NA","41223","83597","82317","NA","81732","LexicalDecision"
"No","720","1","LF","-50","experimental","0","1","LF","2","1","1","n","trial","1080","1920","/Users/justina/Downloads/lexical_decision","22","1750","1700","1800","1850","0","1700","1750","432","1111","1011","1111","111","legacy","xpyriment","1011","1101","n","720","0","20","50","50","50","50","50","50","50","likjes","8","200","19545","NA","19647","NA","NA","NA","1996","42737","19644","74436","83716","83715","2089","84152","2091","19645","42737","NA","NA","NA","NA","NA","41223","84873","84151","NA","83715","LexicalDecision"
"No","537","1","HF","-50","experimental","0","1","HF","1","1","1","n","trial","1080","1920","/Users/justina/Downloads/lexical_decision","23","1700","1700","1800","1850","0","1700","1750","496","1111","1011","1111","111","legacy","xpyriment","1111","1111","n","537","0","20","50","50","50","50","50","50","50","lachen","8","200","19545","NA","19647","NA","NA","NA","1996","42737","19644","74436","84991","84990","2089","85490","2091","19645","42737","NA","NA","NA","NA","NA","41223","86028","85490","NA","84990","LexicalDecision"
"No","618","1","LF","-50","experimental","0","1","LF","2","1","1","n","trial","1080","1920","/Users/justina/Downloads/lexical_decision","24","1700","1650","1800","1850","0","1650","1700","497","1111","111","1111","111","legacy","xpyriment","0111","1011","n","618","0","20","50","50","50","50","50","50","50","lieverds","8","200","19545","NA","19647","NA","NA","NA","1996","42737","19644","74436","86145","86144","2089","86645","2091","19645","42737","NA","NA","NA","NA","NA","41223","87264","86645","NA","86144","LexicalDecision"
"No","802","1","Pseudo","-50","experimental","0","1","Pseudo","3","1","1","m","trial","1080","1920","/Users/justina/Downloads/lexical_decision","25","1700","1650","1750","1850","0","1750","1800","581","1111","111","1111","111","legacy","xpyriment","1111","1111","m","802","0","20","50","50","50","50","50","50","50","pape","8","200","19545","NA","19647","NA","NA","NA","1996","42737","19644","74436","87383","87382","2089","87967","2091","19645","42737","NA","NA","NA","NA","NA","41223","88770","87966","NA","87382","LexicalDecision"
"No","719","1","HF","-50","experimental","0","1","HF","1","1","1","n","trial","1080","1920","/Users/justina/Downloads/lexical_decision","26","1650","1650","1750","1850","0","1650","1700","440","1111","111","1111","111","legacy","xpyriment","1111","1111","n","719","0","20","50","50","50","50","50","50","50","geduld","8","200","19545","NA","19647","NA","NA","NA","1996","42737","19644","74436","88886","88885","2089","89328","2091","19645","42737","NA","NA","NA","NA","NA","41223","90048","89328","NA","88885","LexicalDecision"
"No","937","1","LF","-50","experimental","0","1","LF","2","1","1","n","trial","1080","1920","/Users/justina/Downloads/lexical_decision","27","1650","1600","1750","1850","0","1600","1650","402","1111","1111","1111","111","legacy","xpyriment","1111","111","n","937","0","20","50","50","50","50","50","50","50","poema's","8","200","19545","NA","19647","NA","NA","NA","1996","42737","19644","74436","90165","90164","2089","90570","2091","19645","42737","NA","NA","NA","NA","NA","41223","91508","90570","NA","90164","LexicalDecision"
"No","670","1","LF","-50","experimental","0","1","LF","2","1","1","n","trial","1080","1920","/Users/justina/Downloads/lexical_decision","28","1650","1550","1750","1850","0","1550","1600","521","1111","1111","1111","111","legacy","xpyriment","1111","1111","n","670","0","20","50","50","50","50","50","50","50","vleesmes","8","200","19545","NA","19647","NA","NA","NA","1996","42737","19644","74436","91625","91624","2089","92148","2091","19645","42737","NA","NA","NA","NA","NA","41223","92819","92148","NA","91624","LexicalDecision"
"No","697","1","Random","-50","experimental","0","1","Random","4","1","1","m","trial","1080","1920","/Users/justina/Downloads/lexical_decision","29","1650","1550","1750","1800","0","1800","1850","546","1111","1111","1111","1111","legacy","xpyriment","1111","111","m","697","0","20","50","50","50","50","50","50","50","ebalmss","8","200","19545","NA","19647","NA","NA","NA","1996","42737","19644","74436","92937","92936","2089","93486","2091","19645","42737","NA","NA","NA","NA","NA","41223","94184","93486","NA","92935","LexicalDecision"
"No","1057","1","HF","-50","experimental","0","1","HF","1","1","1","n","trial","1080","1920","/Users/justina/Downloads/lexical_decision","30","1600","1550","1750","1800","0","1600","1650","512","1111","1111","1111","1111","legacy","xpyriment","1111","1111","n","1057","0","20","50","50","50","50","50","50","50","vent","8","200","19545","NA","19647","NA","NA","NA","1996","42737","19644","74436","94300","94299","2089","94816","2091","19645","42737","NA","NA","NA","NA","NA","41223","95874","94815","NA","94299","LexicalDecision"
"No","728","1","Pseudo","-50","experimental","0","1","Pseudo","3","1","1","m","trial","1080","1920","/Users/justina/Downloads/lexical_decision","31","1600","1550","1700","1800","0","1700","1750","453","1111","1111","1111","1111","legacy","xpyriment","1111","1111","m","728","0","20","50","50","50","50","50","50","50","lannen","8","200","19545","NA","19647","NA","NA","NA","1996","42737","19644","74436","95993","95992","2089","96449","2091","19645","42737","NA","NA","NA","NA","NA","41223","97178","96448","NA","95992","LexicalDecision"
"No","753","1","Random","-50","experimental","0","1","Random","4","1","1","m","trial","1080","1920","/Users/justina/Downloads/lexical_decision","32","1600","1550","1700","1750","0","1750","1800","546","1111","1111","1111","1111","legacy","xpyriment","1111","1111","m","753","0","20","50","50","50","50","50","50","50","ssuaqh","8","200","19545","NA","19647","NA","NA","NA","1996","42737","19644","74436","97297","97296","2089","97846","2091","19645","42737","NA","NA","NA","NA","NA","41223","98599","97846","NA","97296","LexicalDecision"
"No","958","1","LF","-50","experimental","0","1","LF","2","1","1","n","trial","1080","1920","/Users/justina/Downloads/lexical_decision","33","1600","1500","1700","1750","0","1500","1550","534","1111","1111","1111","1111","legacy","xpyriment","1111","1111","n","958","0","20","50","50","50","50","50","50","50","bever","8","200","19545","NA","19647","NA","NA","NA","1996","42737","19644","74436","98733","98732","2089","99269","2091","19645","42737","NA","NA","NA","NA","NA","41223","100227","99269","NA","98732","LexicalDecision"
"No","1032","1","Random","-50","experimental","0","1","Random","4","1","1","m","trial","1080","1920","/Users/justina/Downloads/lexical_decision","34","1600","1500","1700","1700","0","1700","1750","428","1111","1111","1111","1111","legacy","xpyriment","1111","1111","m","1032","0","20","50","50","50","50","50","50","50","eirtsn","8","200","19545","NA","19647","NA","NA","NA","1996","42737","19644","74436","100346","100345","2089","100775","2091","19645","42737","NA","NA","NA","NA","NA","41223","101807","100775","NA","100344","LexicalDecision"
"No","883","1","Pseudo","-50","experimental","0","1","Pseudo","3","1","1","m","trial","1080","1920","/Users/justina/Downloads/lexical_decision","35","1600","1500","1650","1700","0","1650","1700","517","1111","1111","1111","1111","legacy","xpyriment","1111","1111","m","883","0","20","50","50","50","50","50","50","50","scheben","8","200","19545","NA","19647","NA","NA","NA","1996","42737","19644","74436","101926","101926","2089","102446","2091","19645","42737","NA","NA","NA","NA","NA","41223","103329","102446","NA","101925","LexicalDecision"
"No","679","1","LF","-50","experimental","0","1","LF","2","1","1","n","trial","1080","1920","/Users/justina/Downloads/lexical_decision","36","1600","1450","1650","1700","0","1450","1500","552","1111","1111","1111","1111","legacy","xpyriment","1111","1111","n","679","0","20","50","50","50","50","50","50","50","weesjes","8","200","19545","NA","19647","NA","NA","NA","1996","42737","19644","74436","103448","103447","2089","104003","2091","19645","42737","NA","NA","NA","NA","NA","41223","104683","104003","NA","103447","LexicalDecision"
"No","701","1","Random","-50","experimental","0","1","Random","4","1","1","m","trial","1080","1920","/Users/justina/Downloads/lexical_decision","37","1600","1450","1650","1650","0","1650","1700","426","1111","1111","1111","1111","legacy","xpyriment","1111","1111","m","701","0","20","50","50","50","50","50","50","50","hlnseuc","8","200","19545","NA","19647","NA","NA","NA","1996","42737","19644","74436","104804","104804","2089","105232","2091","19645","42737","NA","NA","NA","NA","NA","41223","105933","105232","NA","104803","LexicalDecision"
"No","666","1","HF","-50","experimental","0","1","HF","1","1","1","n","trial","1080","1920","/Users/justina/Downloads/lexical_decision","38","1550","1450","1650","1650","0","1550","1600","490","1111","1111","1111","1111","legacy","xpyriment","1111","1111","n","666","0","20","50","50","50","50","50","50","50","komen","8","200","19545","NA","19647","NA","NA","NA","1996","42737","19644","74436","106050","106049","2089","106542","2091","19645","42737","NA","NA","NA","NA","NA","41223","107208","106542","NA","106049","LexicalDecision"
"No","1294","1","Pseudo","-50","experimental","0","1","Pseudo","3","1","1","m","trial","1080","1920","/Users/justina/Downloads/lexical_decision","39","1550","1450","1600","1650","0","1600","1650","537","1111","1111","1111","1111","legacy","xpyriment","1111","1111","m","1294","0","20","50","50","50","50","50","50","50","verklaf","8","200","19545","NA","19647","NA","NA","NA","1996","42737","19644","74436","107328","107327","2089","107867","2091","19645","42737","NA","NA","NA","NA","NA","41223","109162","107866","NA","107326","LexicalDecision"
"No","713","1","LF","-50","experimental","0","1","LF","2","1","1","n","trial","1080","1920","/Users/justina/Downloads/lexical_decision","40","1550","1400","1600","1650","0","1400","1450","417","1111","1111","1111","1111","legacy","xpyriment","1111","1111","n","713","0","20","50","50","50","50","50","50","50","sterkten","8","200","19545","NA","19647","NA","NA","NA","1996","42737","19644","74436","109286","109285","2089","109705","2091","19645","42737","NA","NA","NA","NA","NA","41223","110419","109704","NA","109285","LexicalDecision"
"No","596","1","HF","-50","experimental","0","1","HF","1","1","1","n","trial","1080","1920","/Users/justina/Downloads/lexical_decision","41","1500","1400","1600","1650","0","1500","1550","551","1111","1111","1111","1111","legacy","xpyriment","1111","1111","n","596","0","20","50","50","50","50","50","50","50","komst","8","200","19545","NA","19647","NA","NA","NA","1996","42737","19644","74436","110538","110537","2089","111092","2091","19645","42737","NA","NA","NA","NA","NA","41223","111688","111091","NA","110536","LexicalDecision"
"No","770","1","HF","-50","experimental","0","1","HF","1","1","1","n","trial","1080","1920","/Users/justina/Downloads/lexical_decision","42","1450","1400","1600","1650","0","1450","1500","500","1111","1111","1111","1111","legacy","xpyriment","1111","1111","n","770","0","20","50","50","50","50","50","50","50","normen","8","200","19545","NA","19647","NA","NA","NA","1996","42737","19644","74436","111806","111805","2089","112309","2091","19645","42737","NA","NA","NA","NA","NA","41223","113080","112309","NA","111805","LexicalDecision"
"No","657","1","HF","-50","experimental","0","1","HF","1","1","1","n","trial","1080","1920","/Users/justina/Downloads/lexical_decision","43","1400","1400","1600","1650","0","1400","1450","463","1111","1111","1111","1111","legacy","xpyriment","1111","1111","n","657","0","20","50","50","50","50","50","50","50","leden","8","200","19545","NA","19647","NA","NA","NA","1996","42737","19644","74436","113197","113196","2089","113662","2091","19645","42737","NA","NA","NA","NA","NA","41223","114320","113661","NA","113196","LexicalDecision"
"No","648","1","Random","-50","experimental","0","1","Random","4","1","1","m","trial","1080","1920","/Users/justina/Downloads/lexical_decision","44","1400","1400","1600","1600","0","1600","1650","469","1111","1111","1111","1111","legacy","xpyriment","1111","1111","m","648","0","20","50","50","50","50","50","50","50","jatneash","8","200","19545","NA","19647","NA","NA","NA","1996","42737","19644","74436","114439","114438","2089","114911","2091","19645","42737","NA","NA","NA","NA","NA","41223","115559","114911","NA","114438","LexicalDecision"
"No","640","1","LF","-50","experimental","0","1","LF","2","1","1","n","trial","1080","1920","/Users/justina/Downloads/lexical_decision","45","1400","1350","1600","1600","0","1350","1400","584","1111","1111","1111","1111","legacy","xpyriment","1111","1111","n","640","0","20","50","50","50","50","50","50","50","limoen","8","200","19545","NA","19647","NA","NA","NA","1996","42737","19644","74436","115676","115675","2089","116262","2091","19645","42737","NA","NA","NA","NA","NA","41223","116902","116262","NA","115674","LexicalDecision"
"No","693","1","Random","-50","experimental","0","1","Random","4","1","1","m","trial","1080","1920","/Users/justina/Downloads/lexical_decision","46","1400","1350","1600","1550","0","1550","1600","539","1111","1111","1111","1111","legacy","xpyriment","1111","1111","m","693","0","20","50","50","50","50","50","50","50","eplukk","8","200","19545","NA","19647","NA","NA","NA","1996","42737","19644","74436","117020","117019","2089","117561","2091","19645","42737","NA","NA","NA","NA","NA","41223","118255","117561","NA","117019","LexicalDecision"
"No","769","1","LF","-50","experimental","0","1","LF","2","1","1","n","trial","1080","1920","/Users/justina/Downloads/lexical_decision","47","1400","1300","1600","1550","0","1300","1350","403","1111","1111","1111","1111","legacy","xpyriment","1111","1111","n","769","0","20","50","50","50","50","50","50","50","klapjes","8","200","19545","NA","19647","NA","NA","NA","1996","42737","19644","74436","118373","118372","2089","118786","2091","19645","42737","NA","NA","NA","NA","NA","41223","119556","118780","NA","118372","LexicalDecision"
"No","881","1","Random","-50","experimental","0","1","Random","4","1","1","m","trial","1080","1920","/Users/justina/Downloads/lexical_decision","48","1400","1300","1600","1500","0","1500","1550","536","1111","1111","1111","1111","legacy","xpyriment","1111","1111","m","881","0","20","50","50","50","50","50","50","50","tselke","8","200","19545","NA","19647","NA","NA","NA","1996","42737","19644","74436","119672","119671","2089","120209","2091","19645","42737","NA","NA","NA","NA","NA","41223","121090","120209","NA","119671","LexicalDecision"
"No","1312","1","Random","-50","experimental","0","1","Random","4","1","1","m","trial","1080","1920","/Users/justina/Downloads/lexical_decision","49","1400","1300","1600","1450","0","1450","1500","411","1111","1111","1111","1111","legacy","xpyriment","1111","1111","m","1312","0","20","50","50","50","50","50","50","50","dsael","8","200","19545","NA","19647","NA","NA","NA","1996","42737","19644","74436","121208","121207","2089","121622","2091","19645","42737","NA","NA","NA","NA","NA","41223","122935","121622","NA","121207","LexicalDecision"
"No","598","1","Random","-50","experimental","0","1","Random","4","1","1","m","trial","1080","1920","/Users/justina/Downloads/lexical_decision","50","1400","1300","1600","1400","0","1400","1450","502","1111","1111","1111","1111","legacy","xpyriment","1111","1111","m","598","0","20","50","50","50","50","50","50","50","rvdliees","8","200","19545","NA","19647","NA","NA","NA","1996","42737","19644","74436","123054","123053","2089","123559","2091","19645","42737","NA","NA","NA","NA","NA","41223","124157","123559","NA","123053","LexicalDecision"
"No","645","1","HF","-50","experimental","0","1","HF","1","1","1","n","trial","1080","1920","/Users/justina/Downloads/lexical_decision","51","1350","1300","1600","1400","0","1350","1400","405","1111","1111","1111","1111","legacy","xpyriment","1111","1111","n","645","0","20","50","50","50","50","50","50","50","hiermee","8","200","19545","NA","19647","NA","NA","NA","1996","42737","19644","74436","124278","124275","2089","124685","2091","19645","42737","NA","NA","NA","NA","NA","41223","125331","124685","NA","124275","LexicalDecision"
"No","784","1","Random","-50","experimental","0","1","Random","4","1","1","m","trial","1080","1920","/Users/justina/Downloads/lexical_decision","52","1350","1300","1600","1350","0","1350","1400","546","1111","1111","1111","1111","legacy","xpyriment","1111","1111","m","784","0","20","50","50","50","50","50","50","50","uaijn","8","200","19545","NA","19647","NA","NA","NA","1996","42737","19644","74436","125448","125447","2089","125997","2091","19645","42737","NA","NA","NA","NA","NA","41223","126782","125997","NA","125447","LexicalDecision"
"No","666","1","Random","-50","experimental","0","1","Random","4","1","1","m","trial","1080","1920","/Users/justina/Downloads/lexical_decision","53","1350","1300","1600","1300","0","1300","1350","552","1111","1111","1111","1111","legacy","xpyriment","1111","1111","m","666","0","20","50","50","50","50","50","50","50","rdum","8","200","19545","NA","19647","NA","NA","NA","1996","42737","19644","74436","126903","126903","2089","127458","2091","19645","42737","NA","NA","NA","NA","NA","41223","128125","127458","NA","126902","LexicalDecision"
"No","734","1","LF","-50","experimental","0","1","LF","2","1","1","n","trial","1080","1920","/Users/justina/Downloads/lexical_decision","54","1350","1250","1600","1300","0","1250","1300","466","1111","1111","1111","1111","legacy","xpyriment","1111","1111","n","734","0","20","50","50","50","50","50","50","50","pilsjes","8","200","19545","NA","19647","NA","NA","NA","1996","42737","19644","74436","128243","128242","2089","128711","2091","19645","42737","NA","NA","NA","NA","NA","41223","129446","128711","NA","128242","LexicalDecision"
"No","838","1","Random","-50","experimental","0","1","Random","4","1","1","m","trial","1080","1920","/Users/justina/Downloads/lexical_decision","55","1350","1250","1600","1250","0","1250","1300","585","1111","1111","1111","1111","legacy","xpyriment","1111","1111","m","838","0","20","50","50","50","50","50","50","50","ilwotfo","8","200","19545","NA","19647","NA","NA","NA","1996","42737","19644","74436","129565","129564","2089","130153","2091","19645","42737","NA","NA","NA","NA","NA","41223","130991","130153","NA","129563","LexicalDecision"
"No","758","1","Random","-50","experimental","0","1","Random","4","1","1","m","trial","1080","1920","/Users/justina/Downloads/lexical_decision","56","1350","1250","1600","1200","0","1200","1250","413","1111","1111","1111","1111","legacy","xpyriment","1111","1111","m","758","0","20","50","50","50","50","50","50","50","iacrts","8","200","19545","NA","19647","NA","NA","NA","1996","42737","19644","74436","131118","131117","2089","131533","2091","19645","42737","NA","NA","NA","NA","NA","41223","132292","131533","NA","131117","LexicalDecision"
"No","721","1","HF","-50","experimental","0","1","HF","1","1","1","n","trial","1080","1920","/Users/justina/Downloads/lexical_decision","57","1300","1250","1600","1200","0","1300","1350","520","1111","1111","1111","1111","legacy","xpyriment","1111","1111","n","721","0","20","50","50","50","50","50","50","50","meestal","8","200","19545","NA","19647","NA","NA","NA","1996","42737","19644","74436","132411","132410","2089","132934","2091","19645","42737","NA","NA","NA","NA","NA","41223","133656","132934","NA","132410","LexicalDecision"
"No","794","1","Random","-50","experimental","0","1","Random","4","1","1","m","trial","1080","1920","/Users/justina/Downloads/lexical_decision","58","1300","1250","1600","1150","0","1150","1200","452","1111","1111","1111","1111","legacy","xpyriment","1111","1111","m","794","0","20","50","50","50","50","50","50","50","nasnok","8","200","19545","NA","19647","NA","NA","NA","1996","42737","19644","74436","133774","133773","2089","134228","2091","19645","42737","NA","NA","NA","NA","NA","41223","135023","134228","NA","133773","LexicalDecision"
"No","1150","0","Random","50","experimental","0","1","Random","4","0","0","m","trial","1080","1920","/Users/justina/Downloads/lexical_decision","59","1300","1250","1600","1200","0","1200","1150","513","1111","1111","1111","1110","legacy","xpyriment","1110","1111","None","1150","1","20","50","50","50","50","50","50","50","pjseirl","8","200","19545","NA","19647","NA","NA","NA","1996","42737","19644","136838","135142","135141","2089","135657","2091","19645","42737","NA","NA","NA","NA","NA","41223","136807","135656","NA","135141","LexicalDecision"
"No","641","1","LF","-50","experimental","0","1","LF","2","1","1","n","trial","1080","1920","/Users/justina/Downloads/lexical_decision","60","1300","1200","1600","1200","0","1200","1250","551","1111","1111","1111","1110","legacy","xpyriment","1111","1111","n","641","0","20","50","50","50","50","50","50","50","neusjes","8","200","19545","NA","19647","NA","NA","NA","1996","42737","19644","136838","138981","138980","2089","139534","2091","19645","42737","NA","NA","NA","NA","NA","41223","140176","139534","NA","138980","LexicalDecision"
"No","626","1","Random","-50","experimental","0","1","Random","4","1","1","m","trial","1080","1920","/Users/justina/Downloads/lexical_decision","61","1300","1200","1600","1150","0","1150","1200","466","1111","1111","1111","1101","legacy","xpyriment","1101","1110","m","626","0","20","50","50","50","50","50","50","50","uklliro","8","200","19545","NA","19647","NA","NA","NA","1996","42737","19644","136838","140291","140291","2089","140761","2091","19645","42737","NA","NA","NA","NA","NA","41223","141388","140761","NA","140290","LexicalDecision"
"No","1123","1","Random","-50","experimental","0","1","Random","4","1","1","m","trial","1080","1920","/Users/justina/Downloads/lexical_decision","62","1300","1200","1600","1100","0","1100","1150","403","1111","1111","1111","1011","legacy","xpyriment","1011","1101","m","1123","0","20","50","50","50","50","50","50","50","plepfir","8","200","19545","NA","19647","NA","NA","NA","1996","42737","19644","136838","141506","141505","2089","141911","2091","19645","42737","NA","NA","NA","NA","NA","41223","143035","141910","NA","141505","LexicalDecision"
"No","941","1","Pseudo","-50","experimental","0","1","Pseudo","3","1","1","m","trial","1080","1920","/Users/justina/Downloads/lexical_decision","63","1300","1200","1550","1100","0","1550","1600","428","1111","1111","1111","1011","legacy","xpyriment","1111","1111","m","941","0","20","50","50","50","50","50","50","50","hege","8","200","19545","NA","19647","NA","NA","NA","1996","42737","19644","136838","143154","143153","2089","143586","2091","19645","42737","NA","NA","NA","NA","NA","41223","144528","143586","NA","143152","LexicalDecision"
"No","920","1","Pseudo","-50","experimental","0","1","Pseudo","3","1","1","m","trial","1080","1920","/Users/justina/Downloads/lexical_decision","64","1300","1200","1500","1100","0","1500","1550","492","1111","1111","1111","1011","legacy","xpyriment","1111","1111","m","920","0","20","50","50","50","50","50","50","50","farder","8","200","19545","NA","19647","NA","NA","NA","1996","42737","19644","136838","144646","144645","2089","145141","2091","19645","42737","NA","NA","NA","NA","NA","41223","146061","145141","NA","144645","LexicalDecision"
"No","1172","1","LF","-50","experimental","0","1","LF","2","1","1","n","trial","1080","1920","/Users/justina/Downloads/lexical_decision","65","1300","1150","1500","1100","0","1150","1200","550","1111","1111","1111","1011","legacy","xpyriment","1111","1111","n","1172","0","20","50","50","50","50","50","50","50","cartoon","8","200","19545","NA","19647","NA","NA","NA","1996","42737","19644","136838","146181","146180","2089","146733","2091","19645","42737","NA","NA","NA","NA","NA","41223","147906","146732","NA","146179","LexicalDecision"
"No","499","1","HF","-50","experimental","0","1","HF","1","1","1","n","trial","1080","1920","/Users/justina/Downloads/lexical_decision","66","1250","1150","1500","1100","0","1250","1300","581","1111","1111","1111","1011","legacy","xpyriment","1111","1111","n","499","0","20","50","50","50","50","50","50","50","nieuw","8","200","19545","NA","19647","NA","NA","NA","1996","42737","19644","136838","148025","148024","2089","148609","2091","19645","42737","NA","NA","NA","NA","NA","41223","149108","148608","NA","148024","LexicalDecision"
"No","673","1","Pseudo","-50","experimental","0","1","Pseudo","3","1","1","m","trial","1080","1920","/Users/justina/Downloads/lexical_decision","67","1250","1150","1450","1100","0","1450","1500","480","1111","1111","1111","1011","legacy","xpyriment","1111","1111","m","673","0","20","50","50","50","50","50","50","50","aptiem","8","200","19545","NA","19647","NA","NA","NA","1996","42737","19644","136838","149226","149225","2089","149710","2091","19645","42737","NA","NA","NA","NA","NA","41223","150383","149710","NA","149225","LexicalDecision"
"No","981","1","Pseudo","-50","experimental","0","1","Pseudo","3","1","1","m","trial","1080","1920","/Users/justina/Downloads/lexical_decision","68","1250","1150","1400","1100","0","1400","1450","477","1111","1111","1111","1011","legacy","xpyriment","1111","1111","m","981","0","20","50","50","50","50","50","50","50","jergeus","8","200","19545","NA","19647","NA","NA","NA","1996","42737","19644","136838","150503","150502","2089","150982","2091","19645","42737","NA","NA","NA","NA","NA","41223","151963","150982","NA","150502","LexicalDecision"
"No","884","1","HF","-50","experimental","0","1","HF","1","1","1","n","trial","1080","1920","/Users/justina/Downloads/lexical_decision","69","1200","1150","1400","1100","0","1200","1250","447","1111","1111","1111","1011","legacy","xpyriment","1111","1111","n","884","0","20","50","50","50","50","50","50","50","wonder","8","200","19545","NA","19647","NA","NA","NA","1996","42737","19644","136838","152081","152080","2089","152531","2091","19645","42737","NA","NA","NA","NA","NA","41223","153416","152530","NA","152079","LexicalDecision"
"No","778","1","LF","-50","experimental","0","1","LF","2","1","1","n","trial","1080","1920","/Users/justina/Downloads/lexical_decision","70","1200","1100","1400","1100","0","1100","1150","410","1111","1111","1111","1011","legacy","xpyriment","1111","1111","n","778","0","20","50","50","50","50","50","50","50","lolly's","8","200","19545","NA","19647","NA","NA","NA","1996","42737","19644","136838","153533","153532","2089","153946","2091","19645","42737","NA","NA","NA","NA","NA","41223","154724","153945","NA","153532","LexicalDecision"
"No","705","1","Random","-50","experimental","0","1","Random","4","1","1","m","trial","1080","1920","/Users/justina/Downloads/lexical_decision","71","1200","1100","1400","1050","0","1050","1100","419","1111","1111","1111","111","legacy","xpyriment","0111","1011","m","705","0","20","50","50","50","50","50","50","50","usjesne","8","200","19545","NA","19647","NA","NA","NA","1996","42737","19644","136838","154841","154841","2089","155262","2091","19645","42737","NA","NA","NA","NA","NA","41223","155968","155262","NA","154840","LexicalDecision"
"No","1100","0","LF","50","experimental","0","1","LF","2","0","0","n","trial","1080","1920","/Users/justina/Downloads/lexical_decision","72","1200","1150","1400","1050","0","1150","1100","406","1111","1110","1111","111","legacy","xpyriment","1110","1111","None","1100","1","20","50","50","50","50","50","50","50","besje","8","200","19545","NA","19647","NA","NA","NA","1996","42737","19644","157626","156086","156085","2089","156494","2091","19645","42737","NA","NA","NA","NA","NA","41223","157594","156494","NA","156085","LexicalDecision"
"No","841","0","Pseudo","50","experimental","0","1","Pseudo","3","0","0","m","trial","1080","1920","/Users/justina/Downloads/lexical_decision","73","1200","1150","1450","1050","0","1450","1400","589","1111","1110","1110","111","legacy","xpyriment","1110","1111","n","841","0","20","50","50","50","50","50","50","50","meeten","8","200","19545","NA","19647","NA","NA","NA","1996","42737","19644","161233","159769","159768","2089","160361","2091","19645","42737","NA","NA","NA","NA","NA","41223","161203","160361","NA","159768","LexicalDecision"
"No","723","1","HF","-50","experimental","0","1","HF","1","1","1","n","trial","1080","1920","/Users/justina/Downloads/lexical_decision","74","1150","1150","1450","1050","0","1150","1200","552","1111","1110","1110","111","legacy","xpyriment","1111","1111","n","723","0","20","50","50","50","50","50","50","50","slot","8","200","19545","NA","19647","NA","NA","NA","1996","42737","19644","161233","163376","163375","2089","163931","2091","19645","42737","NA","NA","NA","NA","NA","41223","164655","163931","NA","163375","LexicalDecision"
"No","711","1","LF","-50","experimental","0","1","LF","2","1","1","n","trial","1080","1920","/Users/justina/Downloads/lexical_decision","75","1150","1100","1450","1050","0","1100","1150","495","1111","1101","1110","111","legacy","xpyriment","1101","1110","n","711","0","20","50","50","50","50","50","50","50","zieltje","8","200","19545","NA","19647","NA","NA","NA","1996","42737","19644","161233","164771","164770","2089","165269","2091","19645","42737","NA","NA","NA","NA","NA","41223","165981","165268","NA","164770","LexicalDecision"
"No","631","1","LF","-50","experimental","0","1","LF","2","1","1","n","trial","1080","1920","/Users/justina/Downloads/lexical_decision","76","1150","1050","1450","1050","0","1050","1100","461","1111","1011","1110","111","legacy","xpyriment","1011","1101","n","631","0","20","50","50","50","50","50","50","50","kloofjes","8","200","19545","NA","19647","NA","NA","NA","1996","42737","19644","161233","166099","166098","2089","166563","2091","19645","42737","NA","NA","NA","NA","NA","41223","167194","166563","NA","166098","LexicalDecision"
"No","972","1","LF","-50","experimental","0","1","LF","2","1","1","n","trial","1080","1920","/Users/justina/Downloads/lexical_decision","77","1150","1000","1450","1050","0","1000","1050","540","1111","111","1110","111","legacy","xpyriment","0111","1011","n","972","0","20","50","50","50","50","50","50","50","deuntjes","8","200","19545","NA","19647","NA","NA","NA","1996","42737","19644","161233","167310","167309","2089","167854","2091","19645","42737","NA","NA","NA","NA","NA","41223","168826","167854","NA","167309","LexicalDecision"
"No","801","1","HF","-50","experimental","0","1","HF","1","1","1","n","trial","1080","1920","/Users/justina/Downloads/lexical_decision","78","1100","1000","1450","1050","0","1100","1150","495","1111","111","1110","111","legacy","xpyriment","1111","1111","n","801","0","20","50","50","50","50","50","50","50","feiten","8","200","19545","NA","19647","NA","NA","NA","1996","42737","19644","161233","168947","168946","2089","169444","2091","19645","42737","NA","NA","NA","NA","NA","41223","170246","169444","NA","168946","LexicalDecision"
"No","768","1","Pseudo","-50","experimental","0","1","Pseudo","3","1","1","m","trial","1080","1920","/Users/justina/Downloads/lexical_decision","79","1100","1000","1400","1050","0","1400","1450","563","1111","111","1101","111","legacy","xpyriment","1101","1110","m","768","0","20","50","50","50","50","50","50","50","geemt","8","200","19545","NA","19647","NA","NA","NA","1996","42737","19644","161233","170364","170363","2089","170929","2091","19645","42737","NA","NA","NA","NA","NA","41223","171698","170929","NA","170363","LexicalDecision"
"No","936","1","Pseudo","-50","experimental","0","1","Pseudo","3","1","1","m","trial","1080","1920","/Users/justina/Downloads/lexical_decision","80","1100","1000","1350","1050","0","1350","1400","433","1111","111","1011","111","legacy","xpyriment","1011","1101","m","936","0","20","50","50","50","50","50","50","50","duut","8","200","19545","NA","19647","NA","NA","NA","1996","42737","19644","161233","171815","171814","2089","172251","2091","19645","42737","NA","NA","NA","NA","NA","41223","173188","172251","NA","171814","LexicalDecision"
"No","725","1","Pseudo","-50","experimental","0","1","Pseudo","3","1","1","m","trial","1080","1920","/Users/justina/Downloads/lexical_decision","81","1100","1000","1300","1050","0","1300","1350","464","1111","111","111","111","legacy","xpyriment","0111","1011","m","725","0","20","50","50","50","50","50","50","50","behat","8","200","19545","NA","19647","NA","NA","NA","1996","42737","19644","161233","173305","173304","2089","173772","2091","19645","42737","NA","NA","NA","NA","NA","41223","174498","173771","NA","173304","LexicalDecision"
"No","676","1","HF","-50","experimental","0","1","HF","1","1","1","n","trial","1080","1920","/Users/justina/Downloads/lexical_decision","82","1050","1000","1300","1050","0","1050","1100","437","1111","111","111","111","legacy","xpyriment","1111","1111","n","676","0","20","50","50","50","50","50","50","50","lippen","8","200","19545","NA","19647","NA","NA","NA","1996","42737","19644","161233","174618","174617","2089","175058","2091","19645","42737","NA","NA","NA","NA","NA","41223","175734","175058","NA","174617","LexicalDecision"
"No","526","1","LF","-50","experimental","0","1","LF","2","1","1","n","trial","1080","1920","/Users/justina/Downloads/lexical_decision","83","1050","950","1300","1050","0","950","1000","495","1111","1111","111","111","legacy","xpyriment","1111","111","n","526","0","20","50","50","50","50","50","50","50","strikje","8","200","19545","NA","19647","NA","NA","NA","1996","42737","19644","161233","175852","175851","2089","176350","2091","19645","42737","NA","NA","NA","NA","NA","41223","176876","176350","NA","175851","LexicalDecision"
"No","693","1","LF","-50","experimental","0","1","LF","2","1","1","n","trial","1080","1920","/Users/justina/Downloads/lexical_decision","84","1050","900","1300","1050","0","900","950","436","1111","1111","111","111","legacy","xpyriment","1111","1111","n","693","0","20","50","50","50","50","50","50","50","turbo","8","200","19545","NA","19647","NA","NA","NA","1996","42737","19644","161233","176993","176992","2089","177432","2091","19645","42737","NA","NA","NA","NA","NA","41223","178126","177432","NA","176992","LexicalDecision"
"No","712","1","HF","-50","experimental","0","1","HF","1","1","1","n","trial","1080","1920","/Users/justina/Downloads/lexical_decision","85","1000","900","1300","1050","0","1000","1050","564","1111","1111","111","111","legacy","xpyriment","1111","1111","n","712","0","20","50","50","50","50","50","50","50","waarop","8","200","19545","NA","19647","NA","NA","NA","1996","42737","19644","161233","178243","178242","2089","178810","2091","19645","42737","NA","NA","NA","NA","NA","41223","179523","178810","NA","178242","LexicalDecision"
"No","752","1","LF","-50","experimental","0","1","LF","2","1","1","n","trial","1080","1920","/Users/justina/Downloads/lexical_decision","86","1000","850","1300","1050","0","850","900","571","1111","1111","111","111","legacy","xpyriment","1111","1111","n","752","0","20","50","50","50","50","50","50","50","designs","8","200","19545","NA","19647","NA","NA","NA","1996","42737","19644","161233","179639","179639","2089","180214","2091","19645","42737","NA","NA","NA","NA","NA","41223","180967","180213","NA","179638","LexicalDecision"
"No","551","1","LF","-50","experimental","0","1","LF","2","1","1","n","trial","1080","1920","/Users/justina/Downloads/lexical_decision","87","1000","800","1300","1050","0","800","850","571","1111","1111","111","111","legacy","xpyriment","1111","1111","n","551","0","20","50","50","50","50","50","50","50","peddel","8","200","19545","NA","19647","NA","NA","NA","1996","42737","19644","161233","181084","181083","2089","181657","2091","19645","42737","NA","NA","NA","NA","NA","41223","182209","181656","NA","181083","LexicalDecision"
"No","719","1","HF","-50","experimental","0","1","HF","1","1","1","n","trial","1080","1920","/Users/justina/Downloads/lexical_decision","88","950","800","1300","1050","0","950","1000","507","1111","1111","111","111","legacy","xpyriment","1111","1111","n","719","0","20","50","50","50","50","50","50","50","neen","8","200","19545","NA","19647","NA","NA","NA","1996","42737","19644","161233","182346","182345","2089","182856","2091","19645","42737","NA","NA","NA","NA","NA","41223","183576","182855","NA","182345","LexicalDecision"
"No","858","1","Pseudo","-50","experimental","0","1","Pseudo","3","1","1","m","trial","1080","1920","/Users/justina/Downloads/lexical_decision","89","950","800","1250","1050","0","1250","1300","480","1111","1111","1111","111","legacy","xpyriment","1111","111","m","858","0","20","50","50","50","50","50","50","50","jeer","8","200","19545","NA","19647","NA","NA","NA","1996","42737","19644","161233","183705","183704","2089","184190","2091","19645","42737","NA","NA","NA","NA","NA","41223","185050","184190","NA","183704","LexicalDecision"
"No","559","1","Pseudo","-50","experimental","0","1","Pseudo","3","1","1","m","trial","1080","1920","/Users/justina/Downloads/lexical_decision","90","950","800","1200","1050","0","1200","1250","561","1111","1111","1111","111","legacy","xpyriment","1111","1111","m","559","0","20","50","50","50","50","50","50","50","jugi","8","200","19545","NA","19647","NA","NA","NA","1996","42737","19644","161233","185169","185168","2089","185732","2091","19645","42737","NA","NA","NA","NA","NA","41223","186292","185732","NA","185168","LexicalDecision"
"No","777","0","Pseudo","50","experimental","0","1","Pseudo","3","0","0","m","trial","1080","1920","/Users/justina/Downloads/lexical_decision","91","950","800","1250","1050","0","1250","1200","494","1111","1111","1110","111","legacy","xpyriment","1110","1111","n","777","0","20","50","50","50","50","50","50","50","donsheid","8","200","19545","NA","19647","NA","NA","NA","1996","42737","19644","187714","186409","186408","2089","186907","2091","19645","42737","NA","NA","NA","NA","NA","41223","187684","186906","NA","186408","LexicalDecision"
"No","745","1","Random","-50","experimental","0","1","Random","4","1","1","m","trial","1080","1920","/Users/justina/Downloads/lexical_decision","92","950","800","1250","1000","0","1000","1050","436","1111","1111","1110","1111","legacy","xpyriment","1111","111","m","745","0","20","50","50","50","50","50","50","50","srejitep","8","200","19545","NA","19647","NA","NA","NA","1996","42737","19644","187714","189859","189858","2089","190297","2091","19645","42737","NA","NA","NA","NA","NA","41223","191043","190297","NA","189858","LexicalDecision"
"No","767","1","HF","-50","experimental","0","1","HF","1","1","1","n","trial","1080","1920","/Users/justina/Downloads/lexical_decision","93","900","800","1250","1000","0","900","950","510","1111","1111","1110","1111","legacy","xpyriment","1111","1111","n","767","0","20","50","50","50","50","50","50","50","omvat","8","200","19545","NA","19647","NA","NA","NA","1996","42737","19644","187714","191162","191161","2089","191674","2091","19645","42737","NA","NA","NA","NA","NA","41223","192442","191674","NA","191161","LexicalDecision"
"No","588","1","LF","-50","experimental","0","1","LF","2","1","1","n","trial","1080","1920","/Users/justina/Downloads/lexical_decision","94","900","750","1250","1000","0","750","800","561","1111","1111","1110","1111","legacy","xpyriment","1111","1111","n","588","0","20","50","50","50","50","50","50","50","pingpong","8","200","19545","NA","19647","NA","NA","NA","1996","42737","19644","187714","192560","192559","2089","193124","2091","19645","42737","NA","NA","NA","NA","NA","41223","193713","193124","NA","192559","LexicalDecision"
"No","717","1","Random","-50","experimental","0","1","Random","4","1","1","m","trial","1080","1920","/Users/justina/Downloads/lexical_decision","95","900","750","1250","950","0","950","1000","458","1111","1111","1110","1111","legacy","xpyriment","1111","1111","m","717","0","20","50","50","50","50","50","50","50","lsede","8","200","19545","NA","19647","NA","NA","NA","1996","42737","19644","187714","193830","193829","2089","194291","2091","19645","42737","NA","NA","NA","NA","NA","41223","195009","194291","NA","193829","LexicalDecision"
"No","750","0","LF","50","experimental","0","1","LF","2","0","0","n","trial","1080","1920","/Users/justina/Downloads/lexical_decision","96","900","800","1250","950","0","800","750","558","1111","1110","1110","1111","legacy","xpyriment","1110","1111","None","750","1","20","50","50","50","50","50","50","50","raciaal","8","200","19545","NA","19647","NA","NA","NA","1996","42737","19644","196470","195127","195126","2089","195689","2091","19645","42737","NA","NA","NA","NA","NA","41223","196439","195689","NA","195126","LexicalDecision"
"No","1250","0","Pseudo","50","experimental","0","1","Pseudo","3","0","0","m","trial","1080","1920","/Users/justina/Downloads/lexical_decision","97","900","800","1300","950","0","1300","1250","559","1111","1110","1100","1111","legacy","xpyriment","1100","1110","None","1250","1","20","50","50","50","50","50","50","50","kleiren","8","200","19545","NA","19647","NA","NA","NA","1996","42737","19644","200459","198616","198615","2089","199178","2091","19645","42737","NA","NA","NA","NA","NA","41223","200428","199177","NA","198615","LexicalDecision"
"No","787","1","LF","-50","experimental","0","1","LF","2","1","1","n","trial","1080","1920","/Users/justina/Downloads/lexical_decision","98","900","750","1300","950","0","750","800","453","1111","1101","1100","1111","legacy","xpyriment","1101","1110","n","787","0","20","50","50","50","50","50","50","50","larve","8","200","19545","NA","19647","NA","NA","NA","1996","42737","19644","200459","202599","202598","2089","203054","2091","19645","42737","NA","NA","NA","NA","NA","41223","203842","203054","NA","202598","LexicalDecision"
"No","950","0","Random","50","experimental","0","1","Random","4","0","0","m","trial","1080","1920","/Users/justina/Downloads/lexical_decision","99","900","750","1300","1000","0","1000","950","439","1111","1101","1100","1110","legacy","xpyriment","1110","1111","None","950","1","20","50","50","50","50","50","50","50","erdesl","8","200","19545","NA","19647","NA","NA","NA","1996","42737","19644","205382","203960","203959","2089","204402","2091","19645","42737","NA","NA","NA","NA","NA","41223","205352","204401","NA","203959","LexicalDecision"
"No","808","1","Random","-50","experimental","0","1","Random","4","1","1","m","trial","1080","1920","/Users/justina/Downloads/lexical_decision","100","900","750","1300","950","0","950","1000","413","1111","1101","1100","1101","legacy","xpyriment","1101","1110","m","808","0","20","50","50","50","50","50","50","50","nhtsi","8","200","19545","NA","19647","NA","NA","NA","1996","42737","19644","205382","207530","207529","2089","207945","2091","19645","42737","NA","NA","NA","NA","NA","41223","208754","207945","NA","207529","LexicalDecision"
"No","522","1","HF","-50","experimental","0","1","HF","1","1","1","n","trial","1080","1920","/Users/justina/Downloads/lexical_decision","101","850","750","1300","950","0","850","900","403","1111","1101","1100","1101","legacy","xpyriment","1111","1111","n","522","0","20","50","50","50","50","50","50","50","geld","8","200","19545","NA","19647","NA","NA","NA","1996","42737","19644","205382","208876","208871","2089","209282","2091","19645","42737","NA","NA","NA","NA","NA","41223","209805","209282","NA","208871","LexicalDecision"
"No","547","1","HF","-50","experimental","0","1","HF","1","1","1","n","trial","1080","1920","/Users/justina/Downloads/lexical_decision","102","800","750","1300","950","0","800","850","536","1111","1101","1100","1101","legacy","xpyriment","1111","1111","n","547","0","20","50","50","50","50","50","50","50","links","8","200","19545","NA","19647","NA","NA","NA","1996","42737","19644","205382","209921","209920","2089","210459","2091","19645","42737","NA","NA","NA","NA","NA","41223","211007","210459","NA","209920","LexicalDecision"
"No","1274","1","Pseudo","-50","experimental","0","1","Pseudo","3","1","1","m","trial","1080","1920","/Users/justina/Downloads/lexical_decision","103","800","750","1250","950","0","1250","1300","483","1111","1101","1001","1101","legacy","xpyriment","1001","1100","m","1274","0","20","50","50","50","50","50","50","50","daakt","8","200","19545","NA","19647","NA","NA","NA","1996","42737","19644","205382","211123","211122","2089","211609","2091","19645","42737","NA","NA","NA","NA","NA","41223","212884","211608","NA","211122","LexicalDecision"
"No","1024","0","Pseudo","50","experimental","0","1","Pseudo","3","0","0","m","trial","1080","1920","/Users/justina/Downloads/lexical_decision","104","800","750","1300","950","0","1300","1250","413","1111","1101","10","1101","legacy","xpyriment","0010","1001","n","1024","0","20","50","50","50","50","50","50","50","bilts","8","200","19545","NA","19647","NA","NA","NA","1996","42737","19644","214473","213003","213002","2089","213418","2091","19645","42737","NA","NA","NA","NA","NA","41223","214443","213418","NA","213001","LexicalDecision"
"No","564","1","LF","-50","experimental","0","1","LF","2","1","1","n","trial","1080","1920","/Users/justina/Downloads/lexical_decision","105","800","700","1300","950","0","700","750","408","1111","1011","10","1101","legacy","xpyriment","1011","1101","n","564","0","20","50","50","50","50","50","50","50","forums","8","200","19545","NA","19647","NA","NA","NA","1996","42737","19644","214473","216612","216611","2089","217023","2091","19645","42737","NA","NA","NA","NA","NA","41223","217588","217023","NA","216611","LexicalDecision"
"No","858","1","Pseudo","-50","experimental","0","1","Pseudo","3","1","1","m","trial","1080","1920","/Users/justina/Downloads/lexical_decision","106","800","700","1250","950","0","1250","1300","547","1111","1011","101","1101","legacy","xpyriment","101","10","m","858","0","20","50","50","50","50","50","50","50","vrerde","8","200","19545","NA","19647","NA","NA","NA","1996","42737","19644","214473","217704","217703","2089","218254","2091","19645","42737","NA","NA","NA","NA","NA","41223","219113","218254","NA","217703","LexicalDecision"
"No","587","1","LF","-50","experimental","0","1","LF","2","1","1","n","trial","1080","1920","/Users/justina/Downloads/lexical_decision","107","800","650","1250","950","0","650","700","558","1111","111","101","1101","legacy","xpyriment","0111","1011","n","587","0","20","50","50","50","50","50","50","50","tonijn","8","200","19545","NA","19647","NA","NA","NA","1996","42737","19644","214473","219229","219228","2089","219790","2091","19645","42737","NA","NA","NA","NA","NA","41223","220377","219790","NA","219228","LexicalDecision"
"No","796","1","Pseudo","-50","experimental","0","1","Pseudo","3","1","1","m","trial","1080","1920","/Users/justina/Downloads/lexical_decision","108","800","650","1200","950","0","1200","1250","397","1111","111","1011","1101","legacy","xpyriment","1011","101","m","796","0","20","50","50","50","50","50","50","50","voch","8","200","19545","NA","19647","NA","NA","NA","1996","42737","19644","214473","220493","220492","2089","220893","2091","19645","42737","NA","NA","NA","NA","NA","41223","221690","220893","NA","220492","LexicalDecision"
"No","659","0","Random","25","experimental","1","1","Random","4","0","0","m","trial","1080","1920","/Users/justina/Downloads/lexical_decision","109","800","650","1200","975","0","975","950","557","1111","111","1011","","legacy","xpyriment","","1101","n","659","0","20","50","50","50","25","25","25","50","esborpod","8","200","19545","NA","19647","NA","NA","NA","1996","42737","19644","223056","221808","221807","2089","222367","2091","19645","42737","NA","NA","NA","NA","NA","41223","223027","222367","NA","221807","LexicalDecision"
"No","672","1","Random","-25","experimental","0","1","Random","4","1","1","m","trial","1080","1920","/Users/justina/Downloads/lexical_decision","110","800","650","1200","950","0","950","975","426","1111","111","1011","1","legacy","xpyriment","1","","m","672","0","20","50","50","50","25","25","25","25","ztaasejl","8","200","19545","NA","19647","NA","NA","NA","1996","42737","19644","223056","225194","225193","2089","225623","2091","19645","42737","NA","NA","NA","NA","NA","41223","226296","225622","NA","225193","LexicalDecision"
"No","800","0","HF","50","experimental","0","1","HF","1","0","0","n","trial","1080","1920","/Users/justina/Downloads/lexical_decision","111","850","650","1200","950","0","850","800","426","1110","111","1011","1","legacy","xpyriment","1110","1111","None","800","1","20","50","50","50","25","50","50","50","waaruit","8","200","19545","NA","19647","NA","NA","NA","1996","42737","19644","227671","226413","226412","2089","226842","2091","19645","42737","NA","NA","NA","NA","NA","41223","227642","226841","NA","226411","LexicalDecision"
"No","589","0","Pseudo","50","experimental","0","1","Pseudo","3","0","0","m","trial","1080","1920","/Users/justina/Downloads/lexical_decision","112","850","650","1250","950","0","1250","1200","436","1110","111","110","1","legacy","xpyriment","0110","1011","n","589","0","20","50","50","50","25","50","50","50","stekjes","8","200","19545","NA","19647","NA","NA","NA","1996","42737","19644","230870","229814","229813","2089","230252","2091","19645","42737","NA","NA","NA","NA","NA","41223","230842","230252","NA","229813","LexicalDecision"
"No","710","1","Random","-25","experimental","0","1","Random","4","1","1","m","trial","1080","1920","/Users/justina/Downloads/lexical_decision","113","850","650","1250","925","0","925","950","528","1110","111","110","11","legacy","xpyriment","11","1","m","710","0","20","50","50","50","25","25","25","25","oopl","8","200","19545","NA","19647","NA","NA","NA","1996","42737","19644","230870","233017","233016","2089","233548","2091","19645","42737","NA","NA","NA","NA","NA","41223","234258","233548","NA","233016","LexicalDecision"
"No","651","1","HF","-50","experimental","0","1","HF","1","1","1","n","trial","1080","1920","/Users/justina/Downloads/lexical_decision","114","800","650","1250","925","0","800","850","508","1101","111","110","11","legacy","xpyriment","1101","1110","n","651","0","20","50","50","50","25","50","50","50","indruk","8","200","19545","NA","19647","NA","NA","NA","1996","42737","19644","230870","234375","234374","2089","234886","2091","19645","42737","NA","NA","NA","NA","NA","41223","235538","234885","NA","234374","LexicalDecision"
"No","609","1","LF","-50","experimental","0","1","LF","2","1","1","n","trial","1080","1920","/Users/justina/Downloads/lexical_decision","115","800","600","1250","925","0","600","650","484","1101","1111","110","11","legacy","xpyriment","1111","111","n","609","0","20","50","50","50","25","50","50","50","squash","8","200","19545","NA","19647","NA","NA","NA","1996","42737","19644","230870","235654","235653","2089","236141","2091","19645","42737","NA","NA","NA","NA","NA","41223","236751","236141","NA","235653","LexicalDecision"
"No","455","1","HF","-50","experimental","0","1","HF","1","1","1","n","trial","1080","1920","/Users/justina/Downloads/lexical_decision","116","750","600","1250","925","0","750","800","395","1011","1111","110","11","legacy","xpyriment","1011","1101","n","455","0","20","50","50","50","25","50","50","50","patroon","8","200","19545","NA","19647","NA","NA","NA","1996","42737","19644","230870","236868","236867","2089","237265","2091","19645","42737","NA","NA","NA","NA","NA","41223","237721","237265","NA","236866","LexicalDecision"
"No","622","1","Random","-25","experimental","0","1","Random","4","1","1","m","trial","1080","1920","/Users/justina/Downloads/lexical_decision","117","750","600","1250","900","0","900","925","467","1011","1111","110","111","legacy","xpyriment","111","11","m","622","0","20","50","50","50","25","25","25","25","cosrs","8","200","19545","NA","19647","NA","NA","NA","1996","42737","19644","230870","237836","237835","2089","238306","2091","19645","42737","NA","NA","NA","NA","NA","41223","238928","238305","NA","237835","LexicalDecision"
"No","794","1","Random","-25","experimental","0","1","Random","4","1","1","m","trial","1080","1920","/Users/justina/Downloads/lexical_decision","118","750","600","1250","875","0","875","900","481","1011","1111","110","1111","legacy","xpyriment","1111","111","m","794","0","20","50","50","50","25","25","25","25","tsrjike","8","200","19545","NA","19647","NA","NA","NA","1996","42737","19644","230870","239045","239044","2089","239529","2091","19645","42737","NA","NA","NA","NA","NA","41223","240324","239529","NA","239043","LexicalDecision"
"No","875","0","Random","25","experimental","0","1","Random","4","0","0","m","trial","1080","1920","/Users/justina/Downloads/lexical_decision","119","750","600","1250","900","0","900","875","426","1011","1111","110","1110","legacy","xpyriment","1110","1111","None","875","1","20","50","50","50","25","25","25","25","tassach","8","200","19545","NA","19647","NA","NA","NA","1996","42737","19644","241773","240440","240439","2089","240868","2091","19645","42737","NA","NA","NA","NA","NA","41223","241743","240868","NA","240439","LexicalDecision"
"No","815","1","Random","-25","experimental","0","1","Random","4","1","1","m","trial","1080","1920","/Users/justina/Downloads/lexical_decision","120","750","600","1250","875","0","875","900","483","1011","1111","110","1101","legacy","xpyriment","1101","1110","m","815","0","20","50","50","50","25","25","25","25","ltdea's","8","200","19545","NA","19647","NA","NA","NA","1996","42737","19644","241773","243913","243912","2089","244399","2091","19645","42737","NA","NA","NA","NA","NA","41223","245215","244399","NA","243912","LexicalDecision"
"No","774","1","Pseudo","-50","experimental","0","1","Pseudo","3","1","1","m","trial","1080","1920","/Users/justina/Downloads/lexical_decision","121","750","600","1200","875","0","1200","1250","430","1011","1111","1101","1101","legacy","xpyriment","1101","110","m","774","0","20","50","50","50","25","50","50","50","joms","8","200","19545","NA","19647","NA","NA","NA","1996","42737","19644","241773","245332","245331","2089","245764","2091","19645","42737","NA","NA","NA","NA","NA","41223","246539","245764","NA","245331","LexicalDecision"
"No","689","1","HF","-50","experimental","0","1","HF","1","1","1","n","trial","1080","1920","/Users/justina/Downloads/lexical_decision","122","700","600","1200","875","0","700","750","592","111","1111","1101","1101","legacy","xpyriment","0111","1011","n","689","0","20","50","50","50","25","50","50","50","kijkt","8","200","19545","NA","19647","NA","NA","NA","1996","42737","19644","241773","246656","246656","2089","247250","2091","19645","42737","NA","NA","NA","NA","NA","41223","247940","247250","NA","246655","LexicalDecision"
"No","1117","1","Pseudo","-50","experimental","0","1","Pseudo","3","1","1","m","trial","1080","1920","/Users/justina/Downloads/lexical_decision","123","700","600","1150","875","0","1150","1200","463","111","1111","1011","1101","legacy","xpyriment","1011","1101","m","1117","0","20","50","50","50","25","50","50","50","vrijgen","8","200","19545","NA","19647","NA","NA","NA","1996","42737","19644","241773","248057","248056","2089","248523","2091","19645","42737","NA","NA","NA","NA","NA","41223","249641","248523","NA","248056","LexicalDecision"
"No","700","0","HF","50","experimental","0","1","HF","1","0","0","n","trial","1080","1920","/Users/justina/Downloads/lexical_decision","124","750","600","1150","875","0","750","700","556","1110","1111","1011","1101","legacy","xpyriment","1110","111","None","700","1","20","50","50","50","25","50","50","50","deel","8","200","19545","NA","19647","NA","NA","NA","1996","42737","19644","251051","0","0","2089","250322","2091","19645","42737","NA","NA","NA","NA","NA","41223","251022","250322","NA","0","LexicalDecision"
"No","1150","0","Pseudo","50","experimental","0","1","Pseudo","3","0","0","m","trial","1080","1920","/Users/justina/Downloads/lexical_decision","125","750","600","1200","875","0","1200","1150","579","1110","1111","110","1101","legacy","xpyriment","0110","1011","None","1150","1","20","50","50","50","25","50","50","50","klerde","8","200","19545","NA","19647","NA","NA","NA","1996","42737","19644","254961","253198","253197","2089","253780","2091","19645","42737","NA","NA","NA","NA","NA","41223","254930","253780","NA","253197","LexicalDecision"
"No","700","1","HF","-50","experimental","0","1","HF","1","1","1","n","trial","1080","1920","/Users/justina/Downloads/lexical_decision","126","700","600","1200","875","0","700","750","416","1101","1111","110","1101","legacy","xpyriment","1101","1110","n","700","0","20","50","50","50","25","50","50","50","kuste","8","200","19545","NA","19647","NA","NA","NA","1996","42737","19644","254961","257100","257099","2089","257519","2091","19645","42737","NA","NA","NA","NA","NA","41223","258220","257518","NA","257099","LexicalDecision"
"No","745","1","Pseudo","-50","experimental","0","1","Pseudo","3","1","1","m","trial","1080","1920","/Users/justina/Downloads/lexical_decision","127","700","600","1150","875","0","1150","1200","522","1101","1111","1101","1101","legacy","xpyriment","1101","110","m","745","0","20","50","50","50","25","50","50","50","deikens","8","200","19545","NA","19647","NA","NA","NA","1996","42737","19644","254961","258337","258334","2089","258861","2091","19645","42737","NA","NA","NA","NA","NA","41223","259607","258861","NA","258334","LexicalDecision"
"No","616","1","Random","-25","experimental","0","1","Random","4","1","1","m","trial","1080","1920","/Users/justina/Downloads/lexical_decision","128","700","600","1150","850","0","850","875","544","1101","1111","1101","1011","legacy","xpyriment","1011","1101","m","616","0","20","50","50","50","25","25","25","25","eemeuwez","8","200","19545","NA","19647","NA","NA","NA","1996","42737","19644","254961","259725","259724","2089","260271","2091","19645","42737","NA","NA","NA","NA","NA","41223","260888","260271","NA","259723","LexicalDecision"
"No","810","0","Pseudo","25","experimental","1","1","Pseudo","3","0","0","m","trial","1080","1920","/Users/justina/Downloads/lexical_decision","129","700","600","1175","850","0","1175","1150","417","1101","1111","","1011","legacy","xpyriment","","1101","n","810","0","20","50","50","25","25","25","25","50","lelen","8","200","19545","NA","19647","NA","NA","NA","1996","42737","19644","262264","261005","261004","2089","261424","2091","19645","42737","NA","NA","NA","NA","NA","41223","262235","261423","NA","261003","LexicalDecision"
"No","850","0","Random","25","experimental","0","1","Random","4","0","0","m","trial","1080","1920","/Users/justina/Downloads/lexical_decision","130","700","600","1175","875","0","875","850","491","1101","1111","","110","legacy","xpyriment","0110","1011","None","850","1","20","50","50","25","25","25","25","25","ortanco","8","200","19545","NA","19647","NA","NA","NA","1996","42737","19644","265773","264402","264401","2089","264894","2091","19645","42737","NA","NA","NA","NA","NA","41223","265744","264894","NA","264401","LexicalDecision"
"No","813","1","Pseudo","-25","experimental","0","1","Pseudo","3","1","1","m","trial","1080","1920","/Users/justina/Downloads/lexical_decision","131","700","600","1150","875","0","1150","1175","559","1101","1111","1","110","legacy","xpyriment","1","","m","813","0","20","50","50","25","25","25","25","25","hoemen","8","200","19545","NA","19647","NA","NA","NA","1996","42737","19644","265773","267913","267912","2089","268474","2091","19645","42737","NA","NA","NA","NA","NA","41223","269288","268473","NA","267912","LexicalDecision"
"No","547","1","Random","-25","experimental","0","1","Random","4","1","1","m","trial","1080","1920","/Users/justina/Downloads/lexical_decision","132","700","600","1150","850","0","850","875","517","1101","1111","1","1101","legacy","xpyriment","1101","110","m","547","0","20","50","50","25","25","25","25","25","pgonnpgi","8","200","19545","NA","19647","NA","NA","NA","1996","42737","19644","265773","269404","269403","2089","269924","2091","19645","42737","NA","NA","NA","NA","NA","41223","270472","269924","NA","269403","LexicalDecision"
"No","590","1","Pseudo","-25","experimental","0","1","Pseudo","3","1","1","m","trial","1080","1920","/Users/justina/Downloads/lexical_decision","133","700","600","1125","850","0","1125","1150","565","1101","1111","11","1101","legacy","xpyriment","11","1","m","590","0","20","50","50","25","25","25","25","25","delde","8","200","19545","NA","19647","NA","NA","NA","1996","42737","19644","265773","270587","270586","2089","271156","2091","19645","42737","NA","NA","NA","NA","NA","41223","271747","271156","NA","270586","LexicalDecision"
"No","615","1","Random","-25","experimental","0","1","Random","4","1","1","m","trial","1080","1920","/Users/justina/Downloads/lexical_decision","134","700","600","1125","825","0","825","850","424","1101","1111","11","1011","legacy","xpyriment","1011","1101","m","615","0","20","50","50","25","25","25","25","25","lwipnkap","8","200","19545","NA","19647","NA","NA","NA","1996","42737","19644","265773","271863","271862","2089","272289","2091","19645","42737","NA","NA","NA","NA","NA","41223","272905","272289","NA","271862","LexicalDecision"
"No","680","1","HF","-50","experimental","0","1","HF","1","1","1","n","trial","1080","1920","/Users/justina/Downloads/lexical_decision","135","650","600","1125","825","0","650","700","578","1011","1111","11","1011","legacy","xpyriment","1011","1101","n","680","0","20","50","50","25","25","50","50","50","hemel","8","200","19545","NA","19647","NA","NA","NA","1996","42737","19644","265773","273021","273020","2089","273602","2091","19645","42737","NA","NA","NA","NA","NA","41223","274282","273602","NA","273020","LexicalDecision"
"No","735","1","Pseudo","-25","experimental","0","1","Pseudo","3","1","1","m","trial","1080","1920","/Users/justina/Downloads/lexical_decision","136","650","600","1100","825","0","1100","1125","412","1011","1111","111","1011","legacy","xpyriment","111","11","m","735","0","20","50","50","25","25","25","25","25","stijs","8","200","19545","NA","19647","NA","NA","NA","1996","42737","19644","265773","274399","274398","2089","274813","2091","19645","42737","NA","NA","NA","NA","NA","41223","275549","274813","NA","274398","LexicalDecision"
"No","486","1","HF","-50","experimental","0","1","HF","1","1","1","n","trial","1080","1920","/Users/justina/Downloads/lexical_decision","137","600","600","1100","825","0","600","650","507","111","1111","111","1011","legacy","xpyriment","0111","1011","n","486","0","20","50","50","25","25","50","50","50","zoveel","8","200","19545","NA","19647","NA","NA","NA","1996","42737","19644","265773","275665","275664","2089","276175","2091","19645","42737","NA","NA","NA","NA","NA","41223","276662","276175","NA","275664","LexicalDecision"
"No","638","1","Pseudo","-25","experimental","0","1","Pseudo","3","1","1","m","trial","1080","1920","/Users/justina/Downloads/lexical_decision","138","600","600","1075","825","0","1075","1100","461","111","1111","1111","1011","legacy","xpyriment","1111","111","m","638","0","20","50","50","25","25","25","25","25","aankeen","8","200","19545","NA","19647","NA","NA","NA","1996","42737","19644","265773","276778","276777","2089","277242","2091","19645","42737","NA","NA","NA","NA","NA","41223","277881","277241","NA","276777","LexicalDecision"
"No","600","0","LF","50","experimental","0","1","LF","2","0","0","n","trial","1080","1920","/Users/justina/Downloads/lexical_decision","139","600","650","1075","825","0","650","600","463","111","1110","1111","1011","legacy","xpyriment","1110","1111","None","600","1","20","50","50","25","25","50","50","50","bedjes","8","200","19545","NA","19647","NA","NA","NA","1996","42737","19644","279094","277999","277998","2089","278465","2091","19645","42737","NA","NA","NA","NA","NA","41223","279065","278465","NA","277997","LexicalDecision"
"No","630","1","Random","-25","experimental","0","1","Random","4","1","1","m","trial","1080","1920","/Users/justina/Downloads/lexical_decision","140","600","650","1075","800","0","800","825","430","111","1110","1111","111","legacy","xpyriment","0111","1011","m","630","0","20","50","50","25","25","25","25","25","pisjuets","8","200","19545","NA","19647","NA","NA","NA","1996","42737","19644","279094","281237","281236","2089","281669","2091","19645","42737","NA","NA","NA","NA","NA","41223","282300","281669","NA","281236","LexicalDecision"
"No","800","0","Random","25","experimental","0","1","Random","4","0","0","m","trial","1080","1920","/Users/justina/Downloads/lexical_decision","141","600","650","1075","825","0","825","800","480","111","1110","1111","1110","legacy","xpyriment","1110","111","None","800","1","20","50","50","25","25","25","25","25","uentttr","8","200","19545","NA","19647","NA","NA","NA","1996","42737","19644","283726","282414","282413","2089","282897","2091","19645","42737","NA","NA","NA","NA","NA","41223","283697","282897","NA","282413","LexicalDecision"
"No","754","1","Pseudo","-25","experimental","0","1","Pseudo","3","1","1","m","trial","1080","1920","/Users/justina/Downloads/lexical_decision","142","600","650","1050","825","0","1050","1075","551","111","1110","1111","1110","legacy","xpyriment","1111","1111","m","754","0","20","50","50","25","25","25","25","25","delde","8","200","19545","NA","19647","NA","NA","NA","1996","42737","19644","283726","285864","285863","2089","286418","2091","19645","42737","NA","NA","NA","NA","NA","41223","287173","286417","NA","285863","LexicalDecision"
"No","650","1","LF","-50","experimental","0","1","LF","2","1","1","n","trial","1080","1920","/Users/justina/Downloads/lexical_decision","143","600","600","1050","825","0","600","650","408","111","1101","1111","1110","legacy","xpyriment","1101","1110","n","650","0","20","50","50","25","25","50","50","50","games","8","200","19545","NA","19647","NA","NA","NA","1996","42737","19644","283726","287289","287288","2089","287700","2091","19645","42737","NA","NA","NA","NA","NA","41223","288351","287700","NA","287288","LexicalDecision"
"No","600","0","LF","25","experimental","1","1","LF","2","0","0","n","trial","1080","1920","/Users/justina/Downloads/lexical_decision","144","600","625","1050","825","0","625","600","589","111","","1111","1110","legacy","xpyriment","","1101","None","600","1","20","50","25","25","25","25","25","50","panty's","8","200","19545","NA","19647","NA","NA","NA","1996","42737","19644","289689","288466","288465","2089","289059","2091","19645","42737","NA","NA","NA","NA","NA","41223","289659","289058","NA","288465","LexicalDecision"
"No","600","0","HF","50","experimental","0","1","HF","1","0","0","n","trial","1080","1920","/Users/justina/Downloads/lexical_decision","145","650","625","1050","825","0","650","600","511","1110","","1111","1110","legacy","xpyriment","1110","111","None","600","1","20","50","25","25","25","50","50","50","richt","8","200","19545","NA","19647","NA","NA","NA","1996","42737","19644","292974","291831","291830","2089","292345","2091","19645","42737","NA","NA","NA","NA","NA","41223","292945","292344","NA","291830","LexicalDecision"
"No","860","1","Pseudo","-25","experimental","0","1","Pseudo","3","1","1","m","trial","1080","1920","/Users/justina/Downloads/lexical_decision","146","650","625","1025","825","0","1025","1050","577","1110","","1111","1110","legacy","xpyriment","1111","1111","m","860","0","20","50","25","25","25","25","25","25","brukken","8","200","19545","NA","19647","NA","NA","NA","1996","42737","19644","292974","295125","295125","2089","295706","2091","19645","42737","NA","NA","NA","NA","NA","41223","296567","295706","NA","295124","LexicalDecision"
"No","652","0","Pseudo","25","experimental","0","1","Pseudo","3","0","0","m","trial","1080","1920","/Users/justina/Downloads/lexical_decision","147","650","625","1050","825","0","1050","1025","577","1110","","1110","1110","legacy","xpyriment","1110","1111","n","652","0","20","50","25","25","25","25","25","25","spraat","8","200","19545","NA","19647","NA","NA","NA","1996","42737","19644","297946","296684","296683","2089","297265","2091","19645","42737","NA","NA","NA","NA","NA","41223","297917","297264","NA","296682","LexicalDecision"
"No","561","1","Random","-25","experimental","0","1","Random","4","1","1","m","trial","1080","1920","/Users/justina/Downloads/lexical_decision","148","650","625","1050","800","0","800","825","570","1110","","1110","1101","legacy","xpyriment","1101","1110","m","561","0","20","50","25","25","25","25","25","25","iotofej","8","200","19545","NA","19647","NA","NA","NA","1996","42737","19644","297946","300085","300084","2089","300657","2091","19645","42737","NA","NA","NA","NA","NA","41223","301219","300657","NA","300084","LexicalDecision"
"No","625","0","LF","25","experimental","0","1","LF","2","0","0","n","trial","1080","1920","/Users/justina/Downloads/lexical_decision","149","650","650","1050","800","0","650","625","440","1110","0","1110","1101","legacy","xpyriment","0","","None","625","1","20","50","25","25","25","25","25","25","hoorntje","8","200","19545","NA","19647","NA","NA","NA","1996","42737","19644","302433","301336","301335","2089","301778","2091","19645","42737","NA","NA","NA","NA","NA","41223","302403","301778","NA","301334","LexicalDecision"
"No","620","1","Random","-25","experimental","0","1","Random","4","1","1","m","trial","1080","1920","/Users/justina/Downloads/lexical_decision","150","650","650","1050","775","0","775","800","501","1110","0","1110","1011","legacy","xpyriment","1011","1101","m","620","0","20","50","25","25","25","25","25","25","atjenrta","8","200","19545","NA","19647","NA","NA","NA","1996","42737","19644","302433","304576","304575","2089","305079","2091","19645","42737","NA","NA","NA","NA","NA","41223","305700","305079","NA","304575","LexicalDecision"
"No","631","1","Random","-25","experimental","0","1","Random","4","1","1","m","trial","1080","1920","/Users/justina/Downloads/lexical_decision","151","650","650","1050","750","0","750","775","554","1110","0","1110","111","legacy","xpyriment","0111","1011","m","631","0","20","50","25","25","25","25","25","25","afses","8","200","19545","NA","19647","NA","NA","NA","1996","42737","19644","302433","305818","305817","2089","306376","2091","19645","42737","NA","NA","NA","NA","NA","41223","307008","306376","NA","305817","LexicalDecision"
"No","745","1","Random","-25","experimental","0","1","Random","4","1","1","m","trial","1080","1920","/Users/justina/Downloads/lexical_decision","152","650","650","1050","725","0","725","750","505","1110","0","1110","1111","legacy","xpyriment","1111","111","m","745","0","20","50","25","25","25","25","25","25","elipskn","8","200","19545","NA","19647","NA","NA","NA","1996","42737","19644","302433","307129","307128","2089","307637","2091","19645","42737","NA","NA","NA","NA","NA","41223","308382","307637","NA","307128","LexicalDecision"
"No","617","1","Pseudo","-25","experimental","0","1","Pseudo","3","1","1","m","trial","1080","1920","/Users/justina/Downloads/lexical_decision","153","650","650","1025","725","0","1025","1050","452","1110","0","1101","1111","legacy","xpyriment","1101","1110","m","617","0","20","50","25","25","25","25","25","25","voontaal","8","200","19545","NA","19647","NA","NA","NA","1996","42737","19644","302433","308499","308498","2089","308953","2091","19645","42737","NA","NA","NA","NA","NA","41223","309571","308953","NA","308498","LexicalDecision"
"No","612","1","LF","-25","experimental","0","1","LF","2","1","1","n","trial","1080","1920","/Users/justina/Downloads/lexical_decision","154","650","625","1025","725","0","625","650","524","1110","1","1101","1111","legacy","xpyriment","01","0","n","612","0","20","50","25","25","25","25","25","25","zebra's","8","200","19545","NA","19647","NA","NA","NA","1996","42737","19644","302433","309688","309687","2089","310215","2091","19645","42737","NA","NA","NA","NA","NA","41223","310828","310214","NA","309687","LexicalDecision"
"No","625","0","LF","25","experimental","0","1","LF","2","0","0","n","trial","1080","1920","/Users/justina/Downloads/lexical_decision","155","650","650","1025","725","0","650","625","595","1110","10","1101","1111","legacy","xpyriment","10","1","None","625","1","20","50","25","25","25","25","25","25","klagers","8","200","19545","NA","19647","NA","NA","NA","1996","42737","19644","312217","310953","310952","2089","311558","2091","19645","42737","NA","NA","NA","NA","NA","41223","312183","311558","NA","310952","LexicalDecision"
"No","451","1","HF","-50","experimental","0","1","HF","1","1","1","n","trial","1080","1920","/Users/justina/Downloads/lexical_decision","156","600","650","1025","725","0","600","650","492","1101","10","1101","1111","legacy","xpyriment","1101","1110","n","451","0","20","50","25","25","25","50","50","50","raakte","8","200","19545","NA","19647","NA","NA","NA","1996","42737","19644","312217","314375","314374","2089","314871","2091","19645","42737","NA","NA","NA","NA","NA","41223","315323","314870","NA","314374","LexicalDecision"
"No","537","1","LF","-25","experimental","0","1","LF","2","1","1","n","trial","1080","1920","/Users/justina/Downloads/lexical_decision","157","600","625","1025","725","0","625","650","514","1101","101","1101","1111","legacy","xpyriment","101","10","n","537","0","20","50","25","25","25","25","25","25","sorbet","8","200","19545","NA","19647","NA","NA","NA","1996","42737","19644","312217","315439","315438","2089","315956","2091","19645","42737","NA","NA","NA","NA","NA","41223","316494","315955","NA","315438","LexicalDecision"
"No","725","0","Random","25","experimental","0","1","Random","4","0","0","m","trial","1080","1920","/Users/justina/Downloads/lexical_decision","158","600","625","1025","750","0","750","725","399","1101","101","1101","1110","legacy","xpyriment","1110","1111","None","725","1","20","50","25","25","25","25","25","25","ntasuls","8","200","19545","NA","19647","NA","NA","NA","1996","42737","19644","317767","316611","316610","2089","317013","2091","19645","42737","NA","NA","NA","NA","NA","41223","317738","317013","NA","316610","LexicalDecision"
"No","1025","0","Pseudo","12","experimental","1","1","Pseudo","3","0","0","m","trial","1080","1920","/Users/justina/Downloads/lexical_decision","159","600","625","1037","750","0","1037","1025","506","1101","101","","1110","legacy","xpyriment","","1101","None","1025","1","20","50","25","12","25","12","12","25","veraakt","8","200","19545","NA","19647","NA","NA","NA","1996","42737","19644","321470","319907","319906","2089","320416","2091","19645","42737","NA","NA","NA","NA","NA","41223","321441","320416","NA","319906","LexicalDecision"
"No","617","1","LF","-25","experimental","0","1","LF","2","1","1","n","trial","1080","1920","/Users/justina/Downloads/lexical_decision","160","600","600","1037","750","0","600","625","439","1101","1011","","1110","legacy","xpyriment","1011","101","n","617","0","20","50","25","12","25","25","25","25","geurtjes","8","200","19545","NA","19647","NA","NA","NA","1996","42737","19644","321470","323609","323608","2089","324049","2091","19645","42737","NA","NA","NA","NA","NA","41223","324667","324049","NA","323608","LexicalDecision"
"No","571","1","LF","-25","experimental","0","1","LF","2","1","1","n","trial","1080","1920","/Users/justina/Downloads/lexical_decision","161","600","575","1037","750","0","575","600","551","1101","111","","1110","legacy","xpyriment","0111","1011","n","571","0","20","50","25","12","25","25","25","25","zuiltjes","8","200","19545","NA","19647","NA","NA","NA","1996","42737","19644","321470","324784","324783","2089","325337","2091","19645","42737","NA","NA","NA","NA","NA","41223","325909","325337","NA","324783","LexicalDecision"
"No","432","0","Pseudo","12","experimental","0","1","Pseudo","3","0","0","m","trial","1080","1920","/Users/justina/Downloads/lexical_decision","162","600","575","1049","750","0","1049","1037","528","1101","111","0","1110","legacy","xpyriment","0","","n","432","0","20","50","25","12","25","12","12","12","verbaald","8","200","19545","NA","19647","NA","NA","NA","1996","42737","19644","327019","326026","326025","2089","326557","2091","19645","42737","NA","NA","NA","NA","NA","41223","326990","326557","NA","326025","LexicalDecision"
"No","519","1","HF","-50","experimental","0","1","HF","1","1","1","n","trial","1080","1920","/Users/justina/Downloads/lexical_decision","163","550","575","1049","750","0","550","600","419","1011","111","0","1110","legacy","xpyriment","1011","1101","n","519","0","20","50","25","12","25","50","50","50","volgde","8","200","19545","NA","19647","NA","NA","NA","1996","42737","19644","327019","329167","329166","2089","329589","2091","19645","42737","NA","NA","NA","NA","NA","41223","330109","329589","NA","329166","LexicalDecision"
"No","580","0","Pseudo","12","experimental","0","1","Pseudo","3","0","0","m","trial","1080","1920","/Users/justina/Downloads/lexical_decision","164","550","575","1061","750","0","1061","1049","457","1011","111","0","1110","legacy","xpyriment","00","0","n","580","0","20","50","25","12","25","12","12","12","bezerft","8","200","19545","NA","19647","NA","NA","NA","1996","42737","19644","331297","330226","330225","2089","330687","2091","19645","42737","NA","NA","NA","NA","NA","41223","331268","330686","NA","330225","LexicalDecision"
"No","549","1","HF","-50","experimental","0","1","HF","1","1","1","n","trial","1080","1920","/Users/justina/Downloads/lexical_decision","165","500","575","1061","750","0","500","550","490","111","111","0","1110","legacy","xpyriment","0111","1011","n","549","0","20","50","25","12","25","50","50","50","goud","8","200","19545","NA","19647","NA","NA","NA","1996","42737","19644","331297","333442","333441","2089","333934","2091","19645","42737","NA","NA","NA","NA","NA","41223","334484","333934","NA","333441","LexicalDecision"
"No","500","0","HF","50","experimental","0","1","HF","1","0","0","n","trial","1080","1920","/Users/justina/Downloads/lexical_decision","166","550","575","1061","750","0","550","500","520","1110","111","0","1110","legacy","xpyriment","1110","111","None","500","1","20","50","25","12","25","50","50","50","mannen","8","200","19545","NA","19647","NA","NA","NA","1996","42737","19644","335656","334603","334602","2089","335126","2091","19645","42737","NA","NA","NA","NA","NA","41223","335626","335126","NA","334601","LexicalDecision"
"No","533","1","LF","-25","experimental","0","1","LF","2","1","1","n","trial","1080","1920","/Users/justina/Downloads/lexical_decision","167","550","550","1061","750","0","550","575","451","1110","1111","0","1110","legacy","xpyriment","1111","111","n","533","0","20","50","25","12","25","25","25","25","dakpan","8","200","19545","NA","19647","NA","NA","NA","1996","42737","19644","335656","337789","337788","2089","338242","2091","19645","42737","NA","NA","NA","NA","NA","41223","338776","338241","NA","337788","LexicalDecision"
"No","525","1","HF","-50","experimental","0","1","HF","1","1","1","n","trial","1080","1920","/Users/justina/Downloads/lexical_decision","168","500","550","1061","750","0","500","550","426","1101","1111","0","1110","legacy","xpyriment","1101","1110","n","525","0","20","50","25","12","25","50","50","50","varen","8","200","19545","NA","19647","NA","NA","NA","1996","42737","19644","335656","338893","338892","2089","339321","2091","19645","42737","NA","NA","NA","NA","NA","41223","339847","339321","NA","338891","LexicalDecision"
"No","500","0","HF","25","experimental","1","1","HF","1","0","0","n","trial","1080","1920","/Users/justina/Downloads/lexical_decision","169","525","550","1061","750","0","525","500","560","","1111","0","1110","legacy","xpyriment","","1101","None","500","1","20","25","25","12","25","25","25","50","gehoord","8","200","19545","NA","19647","NA","NA","NA","1996","42737","19644","341054","339963","339962","2089","340525","2091","19645","42737","NA","NA","NA","NA","NA","41223","341025","340525","NA","339962","LexicalDecision"
"No","429","1","HF","-25","experimental","0","1","HF","1","1","1","n","trial","1080","1920","/Users/justina/Downloads/lexical_decision","170","500","550","1061","750","0","500","525","453","1","1111","0","1110","legacy","xpyriment","1","","n","429","0","20","25","25","12","25","25","25","25","ontdekt","8","200","19545","NA","19647","NA","NA","NA","1996","42737","19644","341054","343193","343192","2089","343648","2091","19645","42737","NA","NA","NA","NA","NA","41223","344078","343647","NA","343192","LexicalDecision"
"No","444","0","Pseudo","12","experimental","0","1","Pseudo","3","0","0","m","trial","1080","1920","/Users/justina/Downloads/lexical_decision","171","500","550","1073","750","0","1073","1061","512","1","1111","0","1110","legacy","xpyriment","00","0","n","444","0","20","25","25","12","25","12","12","12","ontdiet","8","200","19545","NA","19647","NA","NA","NA","1996","42737","19644","345182","344194","344193","2089","344709","2091","19645","42737","NA","NA","NA","NA","NA","41223","345153","344708","NA","344193","LexicalDecision"
"No","703","1","Random","-25","experimental","0","1","Random","4","1","1","m","trial","1080","1920","/Users/justina/Downloads/lexical_decision","172","500","550","1073","725","0","725","750","508","1","1111","0","1101","legacy","xpyriment","1101","1110","m","703","0","20","25","25","12","25","25","25","25","kskderid","8","200","19545","NA","19647","NA","NA","NA","1996","42737","19644","345182","347327","347326","2089","347838","2091","19645","42737","NA","NA","NA","NA","NA","41223","348542","347837","NA","347326","LexicalDecision"
"No","500","0","HF","25","experimental","0","1","HF","1","0","0","n","trial","1080","1920","/Users/justina/Downloads/lexical_decision","173","525","550","1073","725","0","525","500","580","10","1111","0","1101","legacy","xpyriment","10","1","None","500","1","20","25","25","12","25","25","25","25","sector","8","200","19545","NA","19647","NA","NA","NA","1996","42737","19644","349770","348658","348657","2089","349242","2091","19645","42737","NA","NA","NA","NA","NA","41223","349742","349242","NA","348657","LexicalDecision"
"No","525","0","HF","25","experimental","0","1","HF","1","0","0","n","trial","1080","1920","/Users/justina/Downloads/lexical_decision","174","550","550","1073","725","0","550","525","404","100","1111","0","1101","legacy","xpyriment","100","10","None","525","1","20","25","25","12","25","25","25","25","zelf","8","200","19545","NA","19647","NA","NA","NA","1996","42737","19644","352869","351909","351908","2089","352315","2091","19645","42737","NA","NA","NA","NA","NA","41223","352840","352315","NA","351908","LexicalDecision"
"No","550","0","LF","25","experimental","0","1","LF","2","0","0","n","trial","1080","1920","/Users/justina/Downloads/lexical_decision","175","550","575","1073","725","0","575","550","395","100","1110","0","1101","legacy","xpyriment","1110","1111","None","550","1","20","25","25","12","25","25","25","25","schepjes","8","200","19545","NA","19647","NA","NA","NA","1996","42737","19644","355990","355013","355012","2089","355410","2091","19645","42737","NA","NA","NA","NA","NA","41223","355960","355410","NA","355012","LexicalDecision"
"No","726","0","Random","12","experimental","1","1","Random","4","0","0","m","trial","1080","1920","/Users/justina/Downloads/lexical_decision","176","550","575","1073","737","0","737","725","507","100","1110","0","","legacy","xpyriment","","1101","None","726","1","20","25","25","12","12","12","12","25","jvejtli","8","200","19545","NA","19647","NA","NA","NA","1996","42737","19644","359399","358135","358134","2089","358644","2091","19645","42737","NA","NA","NA","NA","NA","41223","359370","358644","NA","358134","LexicalDecision"
"No","1073","0","Pseudo","12","experimental","0","1","Pseudo","3","0","0","m","trial","1080","1920","/Users/justina/Downloads/lexical_decision","177","550","575","1085","737","0","1085","1073","399","100","1110","0","","legacy","xpyriment","00","0","None","1073","1","20","25","25","12","12","12","12","12","stezen","8","200","19545","NA","19647","NA","NA","NA","1996","42737","19644","363050","361544","361543","2089","361946","2091","19645","42737","NA","NA","NA","NA","NA","41223","363019","361946","NA","361543","LexicalDecision"
"No","737","0","Random","12","experimental","0","1","Random","4","0","0","m","trial","1080","1920","/Users/justina/Downloads/lexical_decision","178","550","575","1085","749","0","749","737","531","100","1110","0","0","legacy","xpyriment","0","","None","737","1","20","25","25","12","12","12","12","12","ookljef","8","200","19545","NA","19647","NA","NA","NA","1996","42737","19644","366494","365193","365192","2089","365727","2091","19645","42737","NA","NA","NA","NA","NA","41223","366464","365727","NA","365192","LexicalDecision"
"No","609","1","Pseudo","-12","experimental","0","1","Pseudo","3","1","1","m","trial","1080","1920","/Users/justina/Downloads/lexical_decision","179","550","575","1073","749","0","1073","1085","395","100","1110","1","0","legacy","xpyriment","01","0","m","609","0","20","25","25","12","12","12","12","12","alde","8","200","19545","NA","19647","NA","NA","NA","1996","42737","19644","366494","368632","368631","2089","369029","2091","19645","42737","NA","NA","NA","NA","NA","41223","369639","369029","NA","368631","LexicalDecision"
"No","487","1","HF","-25","experimental","0","1","HF","1","1","1","n","trial","1080","1920","/Users/justina/Downloads/lexical_decision","180","525","575","1073","749","0","525","550","479","1001","1110","1","0","legacy","xpyriment","1001","100","n","487","0","20","25","25","12","12","25","25","25","juffrouw","8","200","19545","NA","19647","NA","NA","NA","1996","42737","19644","366494","369756","369755","2089","370237","2091","19645","42737","NA","NA","NA","NA","NA","41223","370724","370237","NA","369755","LexicalDecision"
"No","349","1","LF","-25","experimental","0","1","LF","2","1","1","n","trial","1080","1920","/Users/justina/Downloads/lexical_decision","181","525","550","1073","749","0","550","575","530","1001","1101","1","0","legacy","xpyriment","1101","1110","n","349","0","20","25","25","12","12","25","25","25","kaasjes","8","200","19545","NA","19647","NA","NA","NA","1996","42737","19644","366494","370841","370840","2089","371375","2091","19645","42737","NA","NA","NA","NA","NA","41223","371725","371374","NA","370840","LexicalDecision"
"No","362","1","HF","-25","experimental","0","1","HF","1","1","1","n","trial","1080","1920","/Users/justina/Downloads/lexical_decision","182","500","550","1073","749","0","500","525","469","11","1101","1","0","legacy","xpyriment","0011","1001","n","362","0","20","25","25","12","12","25","25","25","geen","8","200","19545","NA","19647","NA","NA","NA","1996","42737","19644","366494","371843","371843","2089","372316","2091","19645","42737","NA","NA","NA","NA","NA","41223","372679","372315","NA","371842","LexicalDecision"
"No","367","1","HF","-25","experimental","0","1","HF","1","1","1","n","trial","1080","1920","/Users/justina/Downloads/lexical_decision","183","475","550","1073","749","0","475","500","492","111","1101","1","0","legacy","xpyriment","111","11","n","367","0","20","25","25","12","12","25","25","25","vervuld","8","200","19545","NA","19647","NA","NA","NA","1996","42737","19644","366494","372795","372794","2089","373290","2091","19645","42737","NA","NA","NA","NA","NA","41223","373658","373290","NA","372793","LexicalDecision"
"No","666","1","Pseudo","-12","experimental","0","1","Pseudo","3","1","1","m","trial","1080","1920","/Users/justina/Downloads/lexical_decision","184","475","550","1061","749","0","1061","1073","495","111","1101","11","0","legacy","xpyriment","11","1","m","666","0","20","25","25","12","12","12","12","12","schreeg","8","200","19545","NA","19647","NA","NA","NA","1996","42737","19644","366494","373773","373772","2089","374271","2091","19645","42737","NA","NA","NA","NA","NA","41223","374938","374270","NA","373772","LexicalDecision"
"No","550","0","LF","12","experimental","1","1","LF","2","0","0","n","trial","1080","1920","/Users/justina/Downloads/lexical_decision","185","475","562","1061","749","0","562","550","469","111","","11","0","legacy","xpyriment","","1101","None","550","1","20","25","12","12","12","12","12","25","buizerd","8","200","19545","NA","19647","NA","NA","NA","1996","42737","19644","376112","375059","375056","2089","375534","2091","19645","42737","NA","NA","NA","NA","NA","41223","376084","375534","NA","375056","LexicalDecision"
"No","766","1","Pseudo","-12","experimental","0","1","Pseudo","3","1","1","m","trial","1080","1920","/Users/justina/Downloads/lexical_decision","186","475","562","1049","749","0","1049","1061","415","111","","111","0","legacy","xpyriment","111","11","m","766","0","20","25","12","12","12","12","12","12","kijten","8","200","19545","NA","19647","NA","NA","NA","1996","42737","19644","376112","378252","378251","2089","378669","2091","19645","42737","NA","NA","NA","NA","NA","41223","379436","378669","NA","378251","LexicalDecision"
"No","475","0","HF","25","experimental","0","1","HF","1","0","0","n","trial","1080","1920","/Users/justina/Downloads/lexical_decision","187","500","562","1049","749","0","500","475","465","1110","","111","0","legacy","xpyriment","1110","111","None","475","1","20","25","12","12","12","25","25","25","winter","8","200","19545","NA","19647","NA","NA","NA","1996","42737","19644","380524","379553","379552","2089","380019","2091","19645","42737","NA","NA","NA","NA","NA","41223","380494","380019","NA","379552","LexicalDecision"
"No","648","0","Pseudo","12","experimental","0","1","Pseudo","3","0","0","m","trial","1080","1920","/Users/justina/Downloads/lexical_decision","188","500","562","1061","749","0","1061","1049","593","1110","","1110","0","legacy","xpyriment","1110","111","n","648","0","20","25","12","12","12","12","12","12","gezot","8","200","19545","NA","19647","NA","NA","NA","1996","42737","19644","383943","382670","382669","2089","383265","2091","19645","42737","NA","NA","NA","NA","NA","41223","383914","383265","NA","382668","LexicalDecision"
"No","1061","0","Pseudo","12","experimental","0","1","Pseudo","3","0","0","m","trial","1080","1920","/Users/justina/Downloads/lexical_decision","189","500","562","1073","749","0","1073","1061","532","1110","","1100","0","legacy","xpyriment","1100","1110","None","1061","1","20","25","12","12","12","12","12","12","focht","8","200","19545","NA","19647","NA","NA","NA","1996","42737","19644","387712","386085","386084","2089","386620","2091","19645","42737","NA","NA","NA","NA","NA","41223","387681","386619","NA","386084","LexicalDecision"
"No","727","1","Pseudo","-12","experimental","0","1","Pseudo","3","1","1","m","trial","1080","1920","/Users/justina/Downloads/lexical_decision","190","500","562","1061","749","0","1061","1073","507","1110","","1001","0","legacy","xpyriment","1001","1100","m","727","0","20","25","12","12","12","12","12","12","cochten","8","200","19545","NA","19647","NA","NA","NA","1996","42737","19644","387712","389857","389856","2089","390367","2091","19645","42737","NA","NA","NA","NA","NA","41223","391095","390366","NA","389856","LexicalDecision"
"No","549","0","Random","12","experimental","0","1","Random","4","0","0","m","trial","1080","1920","/Users/justina/Downloads/lexical_decision","191","500","562","1061","761","0","761","749","480","1110","","1001","0","legacy","xpyriment","00","0","n","549","0","20","25","12","12","12","12","12","12","ijeplss","8","200","19545","NA","19647","NA","NA","NA","1996","42737","19644","392272","391211","391210","2089","391694","2091","19645","42737","NA","NA","NA","NA","NA","41223","392244","391694","NA","391210","LexicalDecision"
"No","500","0","HF","25","experimental","0","1","HF","1","0","0","n","trial","1080","1920","/Users/justina/Downloads/lexical_decision","192","525","562","1061","761","0","525","500","507","1100","","1001","0","legacy","xpyriment","1100","1110","None","500","1","20","25","12","12","12","25","25","25","wand","8","200","19545","NA","19647","NA","NA","NA","1996","42737","19644","395451","394412","394411","2089","394922","2091","19645","42737","NA","NA","NA","NA","NA","41223","395422","394922","NA","394411","LexicalDecision"
"No","444","1","LF","-12","experimental","0","1","LF","2","1","1","n","trial","1080","1920","/Users/justina/Downloads/lexical_decision","193","525","550","1061","761","0","550","562","469","1100","1","1001","0","legacy","xpyriment","1","","n","444","0","20","25","12","12","12","12","12","12","scooters","8","200","19545","NA","19647","NA","NA","NA","1996","42737","19644","395451","397595","397594","2089","398067","2091","19645","42737","NA","NA","NA","NA","NA","41223","398511","398067","NA","397594","LexicalDecision"
"No","712","1","Random","-12","experimental","0","1","Random","4","1","1","m","trial","1080","1920","/Users/justina/Downloads/lexical_decision","194","525","550","1061","749","0","749","761","577","1100","1","1001","1","legacy","xpyriment","01","0","m","712","0","20","25","12","12","12","12","12","12","rosndo","8","200","19545","NA","19647","NA","NA","NA","1996","42737","19644","395451","398628","398627","2089","399208","2091","19645","42737","NA","NA","NA","NA","NA","41223","399920","399207","NA","398626","LexicalDecision"
"No","525","0","HF","25","experimental","0","1","HF","1","0","0","n","trial","1080","1920","/Users/justina/Downloads/lexical_decision","195","550","550","1061","749","0","550","525","504","1000","1","1001","1","legacy","xpyriment","1000","1100","None","525","1","20","25","12","12","12","25","25","25","boeken","8","200","19545","NA","19647","NA","NA","NA","1996","42737","19644","401103","400037","400036","2089","400545","2091","19645","42737","NA","NA","NA","NA","NA","41223","401070","400544","NA","400035","LexicalDecision"
"No","657","1","Random","-12","experimental","0","1","Random","4","1","1","m","trial","1080","1920","/Users/justina/Downloads/lexical_decision","196","550","550","1061","737","0","737","749","465","1000","1","1001","11","legacy","xpyriment","11","1","m","657","0","20","25","12","12","12","12","12","12","sjersoo","8","200","19545","NA","19647","NA","NA","NA","1996","42737","19644","401103","403248","403247","2089","403715","2091","19645","42737","NA","NA","NA","NA","NA","41223","404373","403715","NA","403247","LexicalDecision"
"No","457","1","Random","-12","experimental","0","1","Random","4","1","1","m","trial","1080","1920","/Users/justina/Downloads/lexical_decision","197","550","550","1061","725","0","725","737","536","1000","1","1001","111","legacy","xpyriment","111","11","m","457","0","20","25","12","12","12","12","12","12","ajsped","8","200","19545","NA","19647","NA","NA","NA","1996","42737","19644","401103","404490","404489","2089","405029","2091","19645","42737","NA","NA","NA","NA","NA","41223","405487","405029","NA","404489","LexicalDecision"
"No","497","1","HF","-25","experimental","0","1","HF","1","1","1","n","trial","1080","1920","/Users/justina/Downloads/lexical_decision","198","525","550","1061","725","0","525","550","468","1","1","1001","111","legacy","xpyriment","0001","1000","n","497","0","20","25","12","12","12","25","25","25","duurde","8","200","19545","NA","19647","NA","NA","NA","1996","42737","19644","401103","405603","405602","2089","406074","2091","19645","42737","NA","NA","NA","NA","NA","41223","406572","406074","NA","405602","LexicalDecision"
"No","725","0","Random","12","experimental","0","1","Random","4","0","0","m","trial","1080","1920","/Users/justina/Downloads/lexical_decision","199","525","550","1061","737","0","737","725","586","1","1","1001","1110","legacy","xpyriment","1110","111","None","725","1","20","25","12","12","12","12","12","12","resixm","8","200","19545","NA","19647","NA","NA","NA","1996","42737","19644","408033","406690","406689","2089","407278","2091","19645","42737","NA","NA","NA","NA","NA","41223","408003","407278","NA","406689","LexicalDecision"
"No","577","1","Random","-12","experimental","0","1","Random","4","1","1","m","trial","1080","1920","/Users/justina/Downloads/lexical_decision","200","525","550","1061","725","0","725","737","571","1","1","1001","1101","legacy","xpyriment","1101","1110","m","577","0","20","25","12","12","12","12","12","12","ekesjh","8","200","19545","NA","19647","NA","NA","NA","1996","42737","19644","408033","410175","410175","2089","410748","2091","19645","42737","NA","NA","NA","NA","NA","41223","411326","410748","NA","410174","LexicalDecision"
"No","577","1","ALL","-12","experimental","0","1","LF","2","1","1","n","block_summary","1080","1920","/Users/justina/Downloads/lexical_decision","200","525","550","1061","725","0","725","737","571","1","1","1001","1101","legacy","xpyriment","1101","1110","m","577","0","20","25","12","12","12","12","12","12","radars","8","200","19545","NA","19647","NA","NA","NA","1996","42737","19644","408033","410175","410175","2089","410748","2091","19645","42737","NA","NA","NA","NA","NA","41223","411326","410748","NA","410174","LexicalDecision"
