"Practice","RT","accuracy","adaptive_category","adaptive_change","adaptive_phase","alternation_detected","block","cond","condition","correct","correct_keyboard_response","correct_response","data_row_type","display_height","display_width","experiment_path","experimental_trial_count","exposure_HF","exposure_LF","exposure_Pseudo","exposure_Random","exposure_floor_reached","exposure_time_after","exposure_time_before","fixation_dur","history_HF","history_LF","history_Pseudo","history_Random","keyboard_backend","mouse_backend","outcome_history_after","outcome_history_before","response_keyboard_response","response_time_keyboard_response","response_was_timeout","scaled_font_size","step_HF","step_LF","step_Pseudo","step_Random","step_size_after","step_size_applied","step_size_before","stimulus","subject_nr","testing_trial_limit","time_Experimental","time_Practice","time_block_start","time_end_of_block_trigger","time_end_of_experiment","time_end_of_practice_block_trigger","time_experiment","time_experimental_block","time_experimental_sequence","time_feedback","time_fixation","time_fixation_duration","time_generalpreps","time_keyboard_response","time_main_instructions","time_new_block","time_new_block_trigger","time_new_sketchpad","time_practice_block","time_practice_block_trigger","time_practice_sequence_1","time_practice_start","time_presstostart","time_response_trigger","time_stimulus","time_stimulus_trigger","time_trial_sequence","title"
"No","622","1","Random","-50","experimental","0","1","Random","4","1","1","m","trial","1080","1920","/Users/justina/Downloads/lexical_decision","1","2000","2000","2000","1950","0","1950","2000","482","","","","1","legacy","xpyriment","1","","m","622","0","20","50","50","50","50","50","50","50","o'mpaes","9","200","3851","NA","3945","NA","NA","NA","1801","9801","3943","NA","9886","9885","1927","10373","1929","3943","9801","NA","NA","NA","NA","NA","8694","10996","10373","NA","9885","LexicalDecision"
"No","574","1","HF","-50","experimental","0","1","HF","1","1","1","n","trial","1080","1920","/Users/justina/Downloads/lexical_decision","2","1950","2000","2000","1950","0","1950","2000","585","1","","","1","legacy","xpyriment","1","","n","574","0","20","50","50","50","50","50","50","50","woord","9","200","3851","NA","3945","NA","NA","NA","1801","9801","3943","NA","11145","11144","1927","11733","1929","3943","9801","NA","NA","NA","NA","NA","8694","12308","11732","NA","11144","LexicalDecision"
"No","538","1","Random","-50","experimental","0","1","Random","4","1","1","m","trial","1080","1920","/Users/justina/Downloads/lexical_decision","3","1950","2000","2000","1900","0","1900","1950","510","1","","","11","legacy","xpyriment","11","1","m","538","0","20","50","50","50","50","50","50","50","ssjaeak","9","200","3851","NA","3945","NA","NA","NA","1801","9801","3943","NA","12426","12425","1927","12939","1929","3943","9801","NA","NA","NA","NA","NA","8694","13478","12938","NA","12424","LexicalDecision"
"No","521","1","Random","-50","experimental","0","1","Random","4","1","1","m","trial","1080","1920","/Users/justina/Downloads/lexical_decision","4","1950","2000","2000","1850","0","1850","1900","537","1","","","111","legacy","xpyriment","111","11","m","521","0","20","50","50","50","50","50","50","50","neesztjo","9","200","3851","NA","3945","NA","NA","NA","1801","9801","3943","NA","13596","13595","1927","14135","1929","3943","9801","NA","NA","NA","NA","NA","8694","14657","14135","NA","13595","LexicalDecision"
"No","545","1","HF","-50","experimental","0","1","HF","1","1","1","n","trial","1080","1920","/Users/justina/Downloads/lexical_decision","5","1900","2000","2000","1850","0","1900","1950","495","11","","","111","legacy","xpyriment","11","1","n","545","0","20","50","50","50","50","50","50","50","acht","9","200","3851","NA","3945","NA","NA","NA","1801","9801","3943","NA","14775","14774","1927","15273","1929","3943","9801","NA","NA","NA","NA","NA","8694","15819","15273","NA","14774","LexicalDecision"
"No","705","1","Pseudo","-50","experimental","0","1","Pseudo","3","1","1","m","trial","1080","1920","/Users/justina/Downloads/lexical_decision","6","1900","2000","1950","1850","0","1950","2000","589","11","","1","111","legacy","xpyriment","1","","m","705","0","20","50","50","50","50","50","50","50","saart","9","200","3851","NA","3945","NA","NA","NA","1801","9801","3943","NA","15936","15935","1927","16528","1929","3943","9801","NA","NA","NA","NA","NA","8694","17234","16528","NA","15934","LexicalDecision"
"No","526","1","HF","-50","experimental","0","1","HF","1","1","1","n","trial","1080","1920","/Users/justina/Downloads/lexical_decision","7","1850","2000","1950","1850","0","1850","1900","582","111","","1","111","legacy","xpyriment","111","11","n","526","0","20","50","50","50","50","50","50","50","haar","9","200","3851","NA","3945","NA","NA","NA","1801","9801","3943","NA","17348","17347","1927","17932","1929","3943","9801","NA","NA","NA","NA","NA","8694","18459","17932","NA","17347","LexicalDecision"
"No","551","1","Random","-50","experimental","0","1","Random","4","1","1","m","trial","1080","1920","/Users/justina/Downloads/lexical_decision","8","1850","2000","1950","1800","0","1800","1850","580","111","","1","1111","legacy","xpyriment","1111","111","m","551","0","20","50","50","50","50","50","50","50","kurwndi","9","200","3851","NA","3945","NA","NA","NA","1801","9801","3943","NA","18578","18577","1927","19161","1929","3943","9801","NA","NA","NA","NA","NA","8694","19713","19161","NA","18577","LexicalDecision"
"No","607","1","LF","-50","experimental","0","1","LF","2","1","1","n","trial","1080","1920","/Users/justina/Downloads/lexical_decision","9","1850","1950","1950","1800","0","1950","2000","539","111","1","1","1111","legacy","xpyriment","1","","n","607","0","20","50","50","50","50","50","50","50","deukje","9","200","3851","NA","3945","NA","NA","NA","1801","9801","3943","NA","19829","19828","1927","20371","1929","3943","9801","NA","NA","NA","NA","NA","8694","20978","20370","NA","19828","LexicalDecision"
"No","655","1","Pseudo","-50","experimental","0","1","Pseudo","3","1","1","m","trial","1080","1920","/Users/justina/Downloads/lexical_decision","10","1850","1950","1900","1800","0","1900","1950","577","111","1","11","1111","legacy","xpyriment","11","1","m","655","0","20","50","50","50","50","50","50","50","boepte","9","200","3851","NA","3945","NA","NA","NA","1801","9801","3943","NA","21094","21093","1927","21675","1929","3943","9801","NA","NA","NA","NA","NA","8694","22331","21675","NA","21093","LexicalDecision"
"No","556","1","Random","-50","experimental","0","1","Random","4","1","1","m","trial","1080","1920","/Users/justina/Downloads/lexical_decision","11","1850","1950","1900","1750","0","1750","1800","526","111","1","11","1111","legacy","xpyriment","1111","1111","m","556","0","20","50","50","50","50","50","50","50","naabhdar","9","200","3851","NA","3945","NA","NA","NA","1801","9801","3943","NA","22446","22445","1927","22974","1929","3943","9801","NA","NA","NA","NA","NA","8694","23531","22974","NA","22445","LexicalDecision"
"No","711","1","Pseudo","-50","experimental","0","1","Pseudo","3","1","1","m","trial","1080","1920","/Users/justina/Downloads/lexical_decision","12","1850","1950","1850","1750","0","1850","1900","551","111","1","111","1111","legacy","xpyriment","111","11","m","711","0","20","50","50","50","50","50","50","50","baag","9","200","3851","NA","3945","NA","NA","NA","1801","9801","3943","NA","23650","23649","1927","24203","1929","3943","9801","NA","NA","NA","NA","NA","8694","24915","24203","NA","23649","LexicalDecision"
"No","539","1","Random","-50","experimental","0","1","Random","4","1","1","m","trial","1080","1920","/Users/justina/Downloads/lexical_decision","13","1850","1950","1850","1700","0","1700","1750","504","111","1","111","1111","legacy","xpyriment","1111","1111","m","539","0","20","50","50","50","50","50","50","50","ponmer","9","200","3851","NA","3945","NA","NA","NA","1801","9801","3943","NA","25037","25036","1927","25544","1929","3943","9801","NA","NA","NA","NA","NA","8694","26083","25544","NA","25035","LexicalDecision"
"No","514","1","Random","-50","experimental","0","1","Random","4","1","1","m","trial","1080","1920","/Users/justina/Downloads/lexical_decision","14","1850","1950","1850","1650","0","1650","1700","555","111","1","111","1111","legacy","xpyriment","1111","1111","m","514","0","20","50","50","50","50","50","50","50","ietm","9","200","3851","NA","3945","NA","NA","NA","1801","9801","3943","NA","26198","26197","1927","26756","1929","3943","9801","NA","NA","NA","NA","NA","8694","27271","26756","NA","26197","LexicalDecision"
"No","1222","0","LF","50","experimental","0","1","LF","2","0","0","n","trial","1080","1920","/Users/justina/Downloads/lexical_decision","15","1850","2000","1850","1650","0","2000","1950","436","111","10","111","1111","legacy","xpyriment","10","1","m","1222","0","20","50","50","50","50","50","50","50","reebok","9","200","3851","NA","3945","NA","NA","NA","1801","9801","3943","29080","27387","27387","1927","27827","1929","3943","9801","NA","NA","NA","NA","NA","8694","29049","27827","NA","27386","LexicalDecision"
"No","627","1","Random","-50","experimental","0","1","Random","4","1","1","m","trial","1080","1920","/Users/justina/Downloads/lexical_decision","16","1850","2000","1850","1600","0","1600","1650","469","111","10","111","1111","legacy","xpyriment","1111","1111","m","627","0","20","50","50","50","50","50","50","50","meeirrs","9","200","3851","NA","3945","NA","NA","NA","1801","9801","3943","29080","31219","31218","1927","31691","1929","3943","9801","NA","NA","NA","NA","NA","8694","32318","31691","NA","31218","LexicalDecision"
"No","751","1","HF","-50","experimental","0","1","HF","1","1","1","n","trial","1080","1920","/Users/justina/Downloads/lexical_decision","17","1800","2000","1850","1600","0","1800","1850","593","1111","10","111","1111","legacy","xpyriment","1111","111","n","751","0","20","50","50","50","50","50","50","50","agent","9","200","3851","NA","3945","NA","NA","NA","1801","9801","3943","29080","32433","32432","1927","33029","1929","3943","9801","NA","NA","NA","NA","NA","8694","33781","33029","NA","32432","LexicalDecision"
"No","576","1","LF","-50","experimental","0","1","LF","2","1","1","n","trial","1080","1920","/Users/justina/Downloads/lexical_decision","18","1800","1950","1850","1600","0","1950","2000","471","1111","101","111","1111","legacy","xpyriment","101","10","n","576","0","20","50","50","50","50","50","50","50","walrus","9","200","3851","NA","3945","NA","NA","NA","1801","9801","3943","29080","33897","33897","1927","34371","1929","3943","9801","NA","NA","NA","NA","NA","8694","34947","34371","NA","33896","LexicalDecision"
"No","485","1","Random","-50","experimental","0","1","Random","4","1","1","m","trial","1080","1920","/Users/justina/Downloads/lexical_decision","19","1800","1950","1850","1550","0","1550","1600","569","1111","101","111","1111","legacy","xpyriment","1111","1111","m","485","0","20","50","50","50","50","50","50","50","srejitep","9","200","3851","NA","3945","NA","NA","NA","1801","9801","3943","29080","35063","35062","1927","35635","1929","3943","9801","NA","NA","NA","NA","NA","8694","36120","35635","NA","35061","LexicalDecision"
"No","685","1","Random","-50","experimental","0","1","Random","4","1","1","m","trial","1080","1920","/Users/justina/Downloads/lexical_decision","20","1800","1950","1850","1500","0","1500","1550","400","1111","101","111","1111","legacy","xpyriment","1111","1111","m","685","0","20","50","50","50","50","50","50","50","oopl","9","200","3851","NA","3945","NA","NA","NA","1801","9801","3943","29080","36237","36236","1927","36640","1929","3943","9801","NA","NA","NA","NA","NA","8694","37325","36640","NA","36236","LexicalDecision"
"No","518","1","HF","-50","experimental","0","1","HF","1","1","1","n","trial","1080","1920","/Users/justina/Downloads/lexical_decision","21","1750","1950","1850","1500","0","1750","1800","462","1111","101","111","1111","legacy","xpyriment","1111","1111","n","518","0","20","50","50","50","50","50","50","50","staken","9","200","3851","NA","3945","NA","NA","NA","1801","9801","3943","29080","37441","37440","1927","37905","1929","3943","9801","NA","NA","NA","NA","NA","8694","38424","37905","NA","37439","LexicalDecision"
"No","855","1","HF","-50","experimental","0","1","HF","1","1","1","n","trial","1080","1920","/Users/justina/Downloads/lexical_decision","22","1700","1950","1850","1500","0","1700","1750","588","1111","101","111","1111","legacy","xpyriment","1111","1111","n","855","0","20","50","50","50","50","50","50","50","zonder","9","200","3851","NA","3945","NA","NA","NA","1801","9801","3943","29080","38541","38540","1927","39132","1929","3943","9801","NA","NA","NA","NA","NA","8694","39987","39132","NA","38539","LexicalDecision"
"No","888","0","Pseudo","50","experimental","0","1","Pseudo","3","0","0","m","trial","1080","1920","/Users/justina/Downloads/lexical_decision","23","1700","1950","1900","1500","0","1900","1850","519","1111","101","1110","1111","legacy","xpyriment","1110","111","n","888","0","20","50","50","50","50","50","50","50","blonke","9","200","3851","NA","3945","NA","NA","NA","1801","9801","3943","41565","40124","40123","1927","40646","1929","3943","9801","NA","NA","NA","NA","NA","8694","41535","40645","NA","40123","LexicalDecision"
"No","944","1","Pseudo","-50","experimental","0","1","Pseudo","3","1","1","m","trial","1080","1920","/Users/justina/Downloads/lexical_decision","24","1700","1950","1850","1500","0","1850","1900","523","1111","101","1101","1111","legacy","xpyriment","1101","1110","m","944","0","20","50","50","50","50","50","50","50","duut","9","200","3851","NA","3945","NA","NA","NA","1801","9801","3943","41565","43712","43711","1927","44238","1929","3943","9801","NA","NA","NA","NA","NA","8694","45182","44238","NA","43711","LexicalDecision"
"No","484","1","HF","-50","experimental","0","1","HF","1","1","1","n","trial","1080","1920","/Users/justina/Downloads/lexical_decision","25","1650","1950","1850","1500","0","1650","1700","423","1111","101","1101","1111","legacy","xpyriment","1111","1111","n","484","0","20","50","50","50","50","50","50","50","wacht","9","200","3851","NA","3945","NA","NA","NA","1801","9801","3943","41565","45298","45297","1927","45723","1929","3943","9801","NA","NA","NA","NA","NA","8694","46208","45723","NA","45297","LexicalDecision"
"No","652","1","LF","-50","experimental","0","1","LF","2","1","1","n","trial","1080","1920","/Users/justina/Downloads/lexical_decision","26","1650","1900","1850","1500","0","1900","1950","442","1111","1011","1101","1111","legacy","xpyriment","1011","101","n","652","0","20","50","50","50","50","50","50","50","gleufjes","9","200","3851","NA","3945","NA","NA","NA","1801","9801","3943","41565","46323","46322","1927","46767","1929","3943","9801","NA","NA","NA","NA","NA","8694","47420","46767","NA","46321","LexicalDecision"
"No","569","1","HF","-50","experimental","0","1","HF","1","1","1","n","trial","1080","1920","/Users/justina/Downloads/lexical_decision","27","1600","1900","1850","1500","0","1600","1650","543","1111","1011","1101","1111","legacy","xpyriment","1111","1111","n","569","0","20","50","50","50","50","50","50","50","horen","9","200","3851","NA","3945","NA","NA","NA","1801","9801","3943","41565","47537","47536","1927","48083","1929","3943","9801","NA","NA","NA","NA","NA","8694","48652","48083","NA","47536","LexicalDecision"
"No","485","1","Random","-50","experimental","0","1","Random","4","1","1","m","trial","1080","1920","/Users/justina/Downloads/lexical_decision","28","1600","1900","1850","1450","0","1450","1500","436","1111","1011","1101","1111","legacy","xpyriment","1111","1111","m","485","0","20","50","50","50","50","50","50","50","dsgktuuo","9","200","3851","NA","3945","NA","NA","NA","1801","9801","3943","41565","48768","48767","1927","49207","1929","3943","9801","NA","NA","NA","NA","NA","8694","49693","49207","NA","48767","LexicalDecision"
"No","519","1","HF","-50","experimental","0","1","HF","1","1","1","n","trial","1080","1920","/Users/justina/Downloads/lexical_decision","29","1550","1900","1850","1450","0","1550","1600","411","1111","1011","1101","1111","legacy","xpyriment","1111","1111","n","519","0","20","50","50","50","50","50","50","50","breng","9","200","3851","NA","3945","NA","NA","NA","1801","9801","3943","41565","49808","49807","1927","50221","1929","3943","9801","NA","NA","NA","NA","NA","8694","50741","50221","NA","49806","LexicalDecision"
"No","733","1","LF","-50","experimental","0","1","LF","2","1","1","n","trial","1080","1920","/Users/justina/Downloads/lexical_decision","30","1550","1850","1850","1450","0","1850","1900","551","1111","111","1101","1111","legacy","xpyriment","0111","1011","n","733","0","20","50","50","50","50","50","50","50","frames","9","200","3851","NA","3945","NA","NA","NA","1801","9801","3943","41565","50855","50854","1927","51409","1929","3943","9801","NA","NA","NA","NA","NA","8694","52143","51409","NA","50854","LexicalDecision"
"No","706","1","LF","-50","experimental","0","1","LF","2","1","1","n","trial","1080","1920","/Users/justina/Downloads/lexical_decision","31","1550","1800","1850","1450","0","1800","1850","483","1111","1111","1101","1111","legacy","xpyriment","1111","111","n","706","0","20","50","50","50","50","50","50","50","besje","9","200","3851","NA","3945","NA","NA","NA","1801","9801","3943","41565","52263","52262","1927","52749","1929","3943","9801","NA","NA","NA","NA","NA","8694","53456","52748","NA","52261","LexicalDecision"
"No","478","1","LF","-50","experimental","0","1","LF","2","1","1","n","trial","1080","1920","/Users/justina/Downloads/lexical_decision","32","1550","1750","1850","1450","0","1750","1800","590","1111","1111","1101","1111","legacy","xpyriment","1111","1111","n","478","0","20","50","50","50","50","50","50","50","stekkers","9","200","3851","NA","3945","NA","NA","NA","1801","9801","3943","41565","53571","53570","1927","54164","1929","3943","9801","NA","NA","NA","NA","NA","8694","54643","54164","NA","53570","LexicalDecision"
"No","556","1","Random","-50","experimental","0","1","Random","4","1","1","m","trial","1080","1920","/Users/justina/Downloads/lexical_decision","33","1550","1750","1850","1400","0","1400","1450","563","1111","1111","1101","1111","legacy","xpyriment","1111","1111","m","556","0","20","50","50","50","50","50","50","50","agenzn","9","200","3851","NA","3945","NA","NA","NA","1801","9801","3943","41565","54757","54756","1927","55322","1929","3943","9801","NA","NA","NA","NA","NA","8694","55879","55322","NA","54756","LexicalDecision"
"No","886","1","Pseudo","-50","experimental","0","1","Pseudo","3","1","1","m","trial","1080","1920","/Users/justina/Downloads/lexical_decision","34","1550","1750","1800","1400","0","1800","1850","558","1111","1111","1011","1111","legacy","xpyriment","1011","1101","m","886","0","20","50","50","50","50","50","50","50","kenst","9","200","3851","NA","3945","NA","NA","NA","1801","9801","3943","41565","55994","55993","1927","56555","1929","3943","9801","NA","NA","NA","NA","NA","8694","57442","56555","NA","55993","LexicalDecision"
"No","586","1","HF","-50","experimental","0","1","HF","1","1","1","n","trial","1080","1920","/Users/justina/Downloads/lexical_decision","35","1500","1750","1800","1400","0","1500","1550","541","1111","1111","1011","1111","legacy","xpyriment","1111","1111","n","586","0","20","50","50","50","50","50","50","50","ziek","9","200","3851","NA","3945","NA","NA","NA","1801","9801","3943","41565","57557","57556","1927","58102","1929","3943","9801","NA","NA","NA","NA","NA","8694","58689","58101","NA","57556","LexicalDecision"
"No","571","1","LF","-50","experimental","0","1","LF","2","1","1","n","trial","1080","1920","/Users/justina/Downloads/lexical_decision","36","1500","1700","1800","1400","0","1700","1750","547","1111","1111","1011","1111","legacy","xpyriment","1111","1111","n","571","0","20","50","50","50","50","50","50","50","zuiltje","9","200","3851","NA","3945","NA","NA","NA","1801","9801","3943","41565","58809","58808","1927","59358","1929","3943","9801","NA","NA","NA","NA","NA","8694","59930","59358","NA","58808","LexicalDecision"
"No","685","1","Pseudo","-50","experimental","0","1","Pseudo","3","1","1","m","trial","1080","1920","/Users/justina/Downloads/lexical_decision","37","1500","1700","1750","1400","0","1750","1800","565","1111","1111","111","1111","legacy","xpyriment","0111","1011","m","685","0","20","50","50","50","50","50","50","50","kning","9","200","3851","NA","3945","NA","NA","NA","1801","9801","3943","41565","60045","60045","1927","60613","1929","3943","9801","NA","NA","NA","NA","NA","8694","61299","60613","NA","60044","LexicalDecision"
"No","648","1","Random","-50","experimental","0","1","Random","4","1","1","m","trial","1080","1920","/Users/justina/Downloads/lexical_decision","38","1500","1700","1750","1350","0","1350","1400","510","1111","1111","111","1111","legacy","xpyriment","1111","1111","m","648","0","20","50","50","50","50","50","50","50","deimje","9","200","3851","NA","3945","NA","NA","NA","1801","9801","3943","41565","61414","61413","1927","61927","1929","3943","9801","NA","NA","NA","NA","NA","8694","62576","61927","NA","61413","LexicalDecision"
"No","592","1","LF","-50","experimental","0","1","LF","2","1","1","n","trial","1080","1920","/Users/justina/Downloads/lexical_decision","39","1500","1650","1750","1350","0","1650","1700","534","1111","1111","111","1111","legacy","xpyriment","1111","1111","n","592","0","20","50","50","50","50","50","50","50","games","9","200","3851","NA","3945","NA","NA","NA","1801","9801","3943","41565","62692","62691","1927","63229","1929","3943","9801","NA","NA","NA","NA","NA","8694","63822","63229","NA","62691","LexicalDecision"
"No","500","1","Random","-50","experimental","0","1","Random","4","1","1","m","trial","1080","1920","/Users/justina/Downloads/lexical_decision","40","1500","1650","1750","1300","0","1300","1350","458","1111","1111","111","1111","legacy","xpyriment","1111","1111","m","500","0","20","50","50","50","50","50","50","50","iotofej","9","200","3851","NA","3945","NA","NA","NA","1801","9801","3943","41565","63938","63937","1927","64399","1929","3943","9801","NA","NA","NA","NA","NA","8694","64899","64398","NA","63936","LexicalDecision"
"No","712","1","Pseudo","-50","experimental","0","1","Pseudo","3","1","1","m","trial","1080","1920","/Users/justina/Downloads/lexical_decision","41","1500","1650","1700","1300","0","1700","1750","503","1111","1111","1111","1111","legacy","xpyriment","1111","111","m","712","0","20","50","50","50","50","50","50","50","egen","9","200","3851","NA","3945","NA","NA","NA","1801","9801","3943","41565","65015","65014","1927","65521","1929","3943","9801","NA","NA","NA","NA","NA","8694","66234","65521","NA","65014","LexicalDecision"
"No","487","1","LF","-50","experimental","0","1","LF","2","1","1","n","trial","1080","1920","/Users/justina/Downloads/lexical_decision","42","1500","1600","1700","1300","0","1600","1650","532","1111","1111","1111","1111","legacy","xpyriment","1111","1111","n","487","0","20","50","50","50","50","50","50","50","zeemeeuw","9","200","3851","NA","3945","NA","NA","NA","1801","9801","3943","41565","66350","66349","1927","66884","1929","3943","9801","NA","NA","NA","NA","NA","8694","67371","66884","NA","66349","LexicalDecision"
"No","463","1","Pseudo","-50","experimental","0","1","Pseudo","3","1","1","m","trial","1080","1920","/Users/justina/Downloads/lexical_decision","43","1500","1600","1650","1300","0","1650","1700","411","1111","1111","1111","1111","legacy","xpyriment","1111","1111","m","463","0","20","50","50","50","50","50","50","50","gich","9","200","3851","NA","3945","NA","NA","NA","1801","9801","3943","41565","67488","67487","1927","67902","1929","3943","9801","NA","NA","NA","NA","NA","8694","68365","67902","NA","67487","LexicalDecision"
"No","737","0","LF","50","experimental","0","1","LF","2","0","0","n","trial","1080","1920","/Users/justina/Downloads/lexical_decision","44","1500","1650","1650","1300","0","1650","1600","450","1111","1110","1111","1111","legacy","xpyriment","1110","1111","m","737","0","20","50","50","50","50","50","50","50","koer","9","200","3851","NA","3945","NA","NA","NA","1801","9801","3943","69700","68480","68479","1927","68934","1929","3943","9801","NA","NA","NA","NA","NA","8694","69672","68933","NA","68479","LexicalDecision"
"No","835","1","Pseudo","-50","experimental","0","1","Pseudo","3","1","1","m","trial","1080","1920","/Users/justina/Downloads/lexical_decision","45","1500","1650","1600","1300","0","1600","1650","507","1111","1110","1111","1111","legacy","xpyriment","1111","1111","m","835","0","20","50","50","50","50","50","50","50","tonaar","9","200","3851","NA","3945","NA","NA","NA","1801","9801","3943","69700","71855","71854","1927","72365","1929","3943","9801","NA","NA","NA","NA","NA","8694","73201","72365","NA","71854","LexicalDecision"
"No","460","1","HF","-50","experimental","0","1","HF","1","1","1","n","trial","1080","1920","/Users/justina/Downloads/lexical_decision","46","1450","1650","1600","1300","0","1450","1500","434","1111","1110","1111","1111","legacy","xpyriment","1111","1111","n","460","0","20","50","50","50","50","50","50","50","indruk","9","200","3851","NA","3945","NA","NA","NA","1801","9801","3943","69700","73319","73318","1927","73756","1929","3943","9801","NA","NA","NA","NA","NA","8694","74217","73755","NA","73318","LexicalDecision"
"No","423","1","Random","-50","experimental","0","1","Random","4","1","1","m","trial","1080","1920","/Users/justina/Downloads/lexical_decision","47","1450","1650","1600","1250","0","1250","1300","522","1111","1110","1111","1111","legacy","xpyriment","1111","1111","m","423","0","20","50","50","50","50","50","50","50","iepgjer","9","200","3851","NA","3945","NA","NA","NA","1801","9801","3943","69700","74333","74332","1927","74857","1929","3943","9801","NA","NA","NA","NA","NA","8694","75281","74857","NA","74332","LexicalDecision"
"No","602","1","LF","-50","experimental","0","1","LF","2","1","1","n","trial","1080","1920","/Users/justina/Downloads/lexical_decision","48","1450","1600","1600","1250","0","1600","1650","543","1111","1101","1111","1111","legacy","xpyriment","1101","1110","n","602","0","20","50","50","50","50","50","50","50","delta's","9","200","3851","NA","3945","NA","NA","NA","1801","9801","3943","69700","75397","75396","1927","75944","1929","3943","9801","NA","NA","NA","NA","NA","8694","76546","75944","NA","75395","LexicalDecision"
"No","477","1","Random","-50","experimental","0","1","Random","4","1","1","m","trial","1080","1920","/Users/justina/Downloads/lexical_decision","49","1450","1600","1600","1200","0","1200","1250","466","1111","1101","1111","1111","legacy","xpyriment","1111","1111","m","477","0","20","50","50","50","50","50","50","50","earrspt","9","200","3851","NA","3945","NA","NA","NA","1801","9801","3943","69700","76662","76661","1927","77132","1929","3943","9801","NA","NA","NA","NA","NA","8694","77610","77132","NA","76661","LexicalDecision"
"No","629","1","Random","-50","experimental","0","1","Random","4","1","1","m","trial","1080","1920","/Users/justina/Downloads/lexical_decision","50","1450","1600","1600","1150","0","1150","1200","509","1111","1101","1111","1111","legacy","xpyriment","1111","1111","m","629","0","20","50","50","50","50","50","50","50","ito'rs","9","200","3851","NA","3945","NA","NA","NA","1801","9801","3943","69700","77725","77724","1927","78237","1929","3943","9801","NA","NA","NA","NA","NA","8694","78867","78236","NA","77723","LexicalDecision"
"No","484","1","Random","-50","experimental","0","1","Random","4","1","1","m","trial","1080","1920","/Users/justina/Downloads/lexical_decision","51","1450","1600","1600","1100","0","1100","1150","491","1111","1101","1111","1111","legacy","xpyriment","1111","1111","m","484","0","20","50","50","50","50","50","50","50","ejposm","9","200","3851","NA","3945","NA","NA","NA","1801","9801","3943","69700","78982","78982","1927","79476","1929","3943","9801","NA","NA","NA","NA","NA","8694","79961","79476","NA","78981","LexicalDecision"
"No","502","1","LF","-50","experimental","0","1","LF","2","1","1","n","trial","1080","1920","/Users/justina/Downloads/lexical_decision","52","1450","1550","1600","1100","0","1550","1600","490","1111","1011","1111","1111","legacy","xpyriment","1011","1101","n","502","0","20","50","50","50","50","50","50","50","kalfje","9","200","3851","NA","3945","NA","NA","NA","1801","9801","3943","69700","80076","80075","1927","80569","1929","3943","9801","NA","NA","NA","NA","NA","8694","81072","80569","NA","80075","LexicalDecision"
"No","748","1","Pseudo","-50","experimental","0","1","Pseudo","3","1","1","m","trial","1080","1920","/Users/justina/Downloads/lexical_decision","53","1450","1550","1550","1100","0","1550","1600","424","1111","1011","1111","1111","legacy","xpyriment","1111","1111","m","748","0","20","50","50","50","50","50","50","50","prap","9","200","3851","NA","3945","NA","NA","NA","1801","9801","3943","69700","81190","81189","1927","81617","1929","3943","9801","NA","NA","NA","NA","NA","8694","82365","81617","NA","81187","LexicalDecision"
"No","607","1","HF","-50","experimental","0","1","HF","1","1","1","n","trial","1080","1920","/Users/justina/Downloads/lexical_decision","54","1400","1550","1550","1100","0","1400","1450","575","1111","1011","1111","1111","legacy","xpyriment","1111","1111","n","607","0","20","50","50","50","50","50","50","50","waarom","9","200","3851","NA","3945","NA","NA","NA","1801","9801","3943","69700","82483","82482","1927","83061","1929","3943","9801","NA","NA","NA","NA","NA","8694","83669","83061","NA","82481","LexicalDecision"
"No","468","1","Random","-50","experimental","0","1","Random","4","1","1","m","trial","1080","1920","/Users/justina/Downloads/lexical_decision","55","1400","1550","1550","1050","0","1050","1100","419","1111","1011","1111","1111","legacy","xpyriment","1111","1111","m","468","0","20","50","50","50","50","50","50","50","esdsetrs","9","200","3851","NA","3945","NA","NA","NA","1801","9801","3943","69700","83785","83785","1927","84205","1929","3943","9801","NA","NA","NA","NA","NA","8694","84673","84205","NA","83784","LexicalDecision"
"No","488","1","Pseudo","-50","experimental","0","1","Pseudo","3","1","1","m","trial","1080","1920","/Users/justina/Downloads/lexical_decision","56","1400","1550","1500","1050","0","1500","1550","419","1111","1011","1111","1111","legacy","xpyriment","1111","1111","m","488","0","20","50","50","50","50","50","50","50","dorg","9","200","3851","NA","3945","NA","NA","NA","1801","9801","3943","69700","84790","84789","1927","85211","1929","3943","9801","NA","NA","NA","NA","NA","8694","85700","85210","NA","84788","LexicalDecision"
"No","381","1","Random","-50","experimental","0","1","Random","4","1","1","m","trial","1080","1920","/Users/justina/Downloads/lexical_decision","57","1400","1550","1500","1000","0","1000","1050","504","1111","1011","1111","1111","legacy","xpyriment","1111","1111","m","381","0","20","50","50","50","50","50","50","50","utjbrue","9","200","3851","NA","3945","NA","NA","NA","1801","9801","3943","69700","85817","85816","1927","86325","1929","3943","9801","NA","NA","NA","NA","NA","8694","86707","86324","NA","85815","LexicalDecision"
"No","438","1","HF","-50","experimental","0","1","HF","1","1","1","n","trial","1080","1920","/Users/justina/Downloads/lexical_decision","58","1350","1550","1500","1000","0","1350","1400","585","1111","1011","1111","1111","legacy","xpyriment","1111","1111","n","438","0","20","50","50","50","50","50","50","50","snelle","9","200","3851","NA","3945","NA","NA","NA","1801","9801","3943","69700","86822","86821","1927","87410","1929","3943","9801","NA","NA","NA","NA","NA","8694","87849","87410","NA","86821","LexicalDecision"
"No","498","1","LF","-50","experimental","0","1","LF","2","1","1","n","trial","1080","1920","/Users/justina/Downloads/lexical_decision","59","1350","1500","1500","1000","0","1500","1550","507","1111","111","1111","1111","legacy","xpyriment","0111","1011","n","498","0","20","50","50","50","50","50","50","50","sausjes","9","200","3851","NA","3945","NA","NA","NA","1801","9801","3943","69700","87966","87965","1927","88476","1929","3943","9801","NA","NA","NA","NA","NA","8694","88974","88476","NA","87964","LexicalDecision"
"No","546","1","Pseudo","-50","experimental","0","1","Pseudo","3","1","1","m","trial","1080","1920","/Users/justina/Downloads/lexical_decision","60","1350","1500","1450","1000","0","1450","1500","555","1111","111","1111","1111","legacy","xpyriment","1111","1111","m","546","0","20","50","50","50","50","50","50","50","beler","9","200","3851","NA","3945","NA","NA","NA","1801","9801","3943","69700","89091","89090","1927","89649","1929","3943","9801","NA","NA","NA","NA","NA","8694","90196","89649","NA","89090","LexicalDecision"
"No","566","1","HF","-50","experimental","0","1","HF","1","1","1","n","trial","1080","1920","/Users/justina/Downloads/lexical_decision","61","1300","1500","1450","1000","0","1300","1350","413","1111","111","1111","1111","legacy","xpyriment","1111","1111","n","566","0","20","50","50","50","50","50","50","50","type","9","200","3851","NA","3945","NA","NA","NA","1801","9801","3943","69700","90310","90310","1927","90725","1929","3943","9801","NA","NA","NA","NA","NA","8694","91291","90724","NA","90309","LexicalDecision"
"No","501","1","HF","-50","experimental","0","1","HF","1","1","1","n","trial","1080","1920","/Users/justina/Downloads/lexical_decision","62","1250","1500","1450","1000","0","1250","1300","407","1111","111","1111","1111","legacy","xpyriment","1111","1111","n","501","0","20","50","50","50","50","50","50","50","merkt","9","200","3851","NA","3945","NA","NA","NA","1801","9801","3943","69700","91408","91407","1927","91816","1929","3943","9801","NA","NA","NA","NA","NA","8694","92318","91816","NA","91407","LexicalDecision"
"No","432","1","HF","-50","experimental","0","1","HF","1","1","1","n","trial","1080","1920","/Users/justina/Downloads/lexical_decision","63","1200","1500","1450","1000","0","1200","1250","440","1111","111","1111","1111","legacy","xpyriment","1111","1111","n","432","0","20","50","50","50","50","50","50","50","snel","9","200","3851","NA","3945","NA","NA","NA","1801","9801","3943","69700","92437","92436","1927","92880","1929","3943","9801","NA","NA","NA","NA","NA","8694","93313","92880","NA","92436","LexicalDecision"
"No","605","1","LF","-50","experimental","0","1","LF","2","1","1","n","trial","1080","1920","/Users/justina/Downloads/lexical_decision","64","1200","1450","1450","1000","0","1450","1500","594","1111","1111","1111","1111","legacy","xpyriment","1111","111","n","605","0","20","50","50","50","50","50","50","50","marker","9","200","3851","NA","3945","NA","NA","NA","1801","9801","3943","69700","93429","93428","1927","94026","1929","3943","9801","NA","NA","NA","NA","NA","8694","94631","94025","NA","93428","LexicalDecision"
"No","801","1","LF","-50","experimental","0","1","LF","2","1","1","n","trial","1080","1920","/Users/justina/Downloads/lexical_decision","65","1200","1400","1450","1000","0","1400","1450","583","1111","1111","1111","1111","legacy","xpyriment","1111","1111","n","801","0","20","50","50","50","50","50","50","50","jargons","9","200","3851","NA","3945","NA","NA","NA","1801","9801","3943","69700","94748","94747","1927","95334","1929","3943","9801","NA","NA","NA","NA","NA","8694","96136","95334","NA","94746","LexicalDecision"
"No","736","1","LF","-50","experimental","0","1","LF","2","1","1","n","trial","1080","1920","/Users/justina/Downloads/lexical_decision","66","1200","1350","1450","1000","0","1350","1400","547","1111","1111","1111","1111","legacy","xpyriment","1111","1111","n","736","0","20","50","50","50","50","50","50","50","cakes","9","200","3851","NA","3945","NA","NA","NA","1801","9801","3943","69700","96253","96252","1927","96803","1929","3943","9801","NA","NA","NA","NA","NA","8694","97540","96803","NA","96252","LexicalDecision"
"No","484","1","HF","-50","experimental","0","1","HF","1","1","1","n","trial","1080","1920","/Users/justina/Downloads/lexical_decision","67","1150","1350","1450","1000","0","1150","1200","408","1111","1111","1111","1111","legacy","xpyriment","1111","1111","n","484","0","20","50","50","50","50","50","50","50","foto's","9","200","3851","NA","3945","NA","NA","NA","1801","9801","3943","69700","97658","97657","1927","98070","1929","3943","9801","NA","NA","NA","NA","NA","8694","98555","98070","NA","97656","LexicalDecision"
"No","394","1","HF","-50","experimental","0","1","HF","1","1","1","n","trial","1080","1920","/Users/justina/Downloads/lexical_decision","68","1100","1350","1450","1000","0","1100","1150","558","1111","1111","1111","1111","legacy","xpyriment","1111","1111","n","394","0","20","50","50","50","50","50","50","50","thema","9","200","3851","NA","3945","NA","NA","NA","1801","9801","3943","69700","98672","98671","1927","99233","1929","3943","9801","NA","NA","NA","NA","NA","8694","99628","99233","NA","98670","LexicalDecision"
"No","426","1","Random","-50","experimental","0","1","Random","4","1","1","m","trial","1080","1920","/Users/justina/Downloads/lexical_decision","69","1100","1350","1450","950","0","950","1000","470","1111","1111","1111","1111","legacy","xpyriment","1111","1111","m","426","0","20","50","50","50","50","50","50","50","tliezju","9","200","3851","NA","3945","NA","NA","NA","1801","9801","3943","69700","99743","99742","1927","100217","1929","3943","9801","NA","NA","NA","NA","NA","8694","100644","100217","NA","99742","LexicalDecision"
"No","542","0","Pseudo","50","experimental","0","1","Pseudo","3","0","0","m","trial","1080","1920","/Users/justina/Downloads/lexical_decision","70","1100","1350","1500","950","0","1500","1450","438","1111","1111","1110","1111","legacy","xpyriment","1110","1111","n","542","0","20","50","50","50","50","50","50","50","steeven","9","200","3851","NA","3945","NA","NA","NA","1801","9801","3943","101772","100760","100759","1927","101200","1929","3943","9801","NA","NA","NA","NA","NA","8694","101743","101200","NA","100759","LexicalDecision"
"No","1219","0","Pseudo","50","experimental","0","1","Pseudo","3","0","0","m","trial","1080","1920","/Users/justina/Downloads/lexical_decision","71","1100","1350","1550","950","0","1550","1500","438","1111","1111","1100","1111","legacy","xpyriment","1100","1110","n","1219","0","20","50","50","50","50","50","50","50","deek","9","200","3851","NA","3945","NA","NA","NA","1801","9801","3943","105610","103920","103919","1927","104361","1929","3943","9801","NA","NA","NA","NA","NA","8694","105580","104361","NA","103919","LexicalDecision"
"No","680","1","Pseudo","-50","experimental","0","1","Pseudo","3","1","1","m","trial","1080","1920","/Users/justina/Downloads/lexical_decision","72","1100","1350","1500","950","0","1500","1550","421","1111","1111","1001","1111","legacy","xpyriment","1001","1100","m","680","0","20","50","50","50","50","50","50","50","gevraald","9","200","3851","NA","3945","NA","NA","NA","1801","9801","3943","105610","107755","107754","1927","108180","1929","3943","9801","NA","NA","NA","NA","NA","8694","108861","108180","NA","107754","LexicalDecision"
"No","484","1","LF","-50","experimental","0","1","LF","2","1","1","n","trial","1080","1920","/Users/justina/Downloads/lexical_decision","73","1100","1300","1500","950","0","1300","1350","507","1111","1111","1001","1111","legacy","xpyriment","1111","1111","n","484","0","20","50","50","50","50","50","50","50","zeiltje","9","200","3851","NA","3945","NA","NA","NA","1801","9801","3943","105610","108979","108978","1927","109489","1929","3943","9801","NA","NA","NA","NA","NA","8694","109973","109489","NA","108978","LexicalDecision"
"No","1100","0","HF","50","experimental","0","1","HF","1","0","0","n","trial","1080","1920","/Users/justina/Downloads/lexical_decision","74","1150","1300","1500","950","0","1150","1100","440","1110","1111","1001","1111","legacy","xpyriment","1110","1111","None","1100","1","20","50","50","50","50","50","50","50","verse","9","200","3851","NA","3945","NA","NA","NA","1801","9801","3943","111663","110089","110088","1927","110532","1929","3943","9801","NA","NA","NA","NA","NA","8694","111632","110532","NA","110088","LexicalDecision"
"No","432","1","HF","-50","experimental","0","1","HF","1","1","1","n","trial","1080","1920","/Users/justina/Downloads/lexical_decision","75","1100","1300","1500","950","0","1100","1150","411","1101","1111","1001","1111","legacy","xpyriment","1101","1110","n","432","0","20","50","50","50","50","50","50","50","ervoor","9","200","3851","NA","3945","NA","NA","NA","1801","9801","3943","111663","113809","113808","1927","114223","1929","3943","9801","NA","NA","NA","NA","NA","8694","114656","114223","NA","113808","LexicalDecision"
"No","492","1","Random","-50","experimental","0","1","Random","4","1","1","m","trial","1080","1920","/Users/justina/Downloads/lexical_decision","76","1100","1300","1500","900","0","900","950","557","1101","1111","1001","1111","legacy","xpyriment","1111","1111","m","492","0","20","50","50","50","50","50","50","50","attemle","9","200","3851","NA","3945","NA","NA","NA","1801","9801","3943","111663","114775","114774","1927","115335","1929","3943","9801","NA","NA","NA","NA","NA","8694","115828","115334","NA","114774","LexicalDecision"
"No","650","1","Pseudo","-50","experimental","0","1","Pseudo","3","1","1","m","trial","1080","1920","/Users/justina/Downloads/lexical_decision","77","1100","1300","1450","900","0","1450","1500","430","1101","1111","11","1111","legacy","xpyriment","0011","1001","m","650","0","20","50","50","50","50","50","50","50","gieve","9","200","3851","NA","3945","NA","NA","NA","1801","9801","3943","111663","115945","115944","1927","116377","1929","3943","9801","NA","NA","NA","NA","NA","8694","117028","116377","NA","115944","LexicalDecision"
"No","815","1","LF","-50","experimental","0","1","LF","2","1","1","n","trial","1080","1920","/Users/justina/Downloads/lexical_decision","78","1100","1250","1450","900","0","1250","1300","530","1101","1111","11","1111","legacy","xpyriment","1111","1111","n","815","0","20","50","50","50","50","50","50","50","merries","9","200","3851","NA","3945","NA","NA","NA","1801","9801","3943","111663","117144","117143","1927","117678","1929","3943","9801","NA","NA","NA","NA","NA","8694","118494","117677","NA","117143","LexicalDecision"
"No","609","1","LF","-50","experimental","0","1","LF","2","1","1","n","trial","1080","1920","/Users/justina/Downloads/lexical_decision","79","1100","1200","1450","900","0","1200","1250","503","1101","1111","11","1111","legacy","xpyriment","1111","1111","n","609","0","20","50","50","50","50","50","50","50","stunts","9","200","3851","NA","3945","NA","NA","NA","1801","9801","3943","111663","118610","118609","1927","119115","1929","3943","9801","NA","NA","NA","NA","NA","8694","119725","119114","NA","118609","LexicalDecision"
"No","797","1","Pseudo","-50","experimental","0","1","Pseudo","3","1","1","m","trial","1080","1920","/Users/justina/Downloads/lexical_decision","80","1100","1200","1400","900","0","1400","1450","522","1101","1111","111","1111","legacy","xpyriment","111","11","m","797","0","20","50","50","50","50","50","50","50","sammer","9","200","3851","NA","3945","NA","NA","NA","1801","9801","3943","111663","119843","119842","1927","120368","1929","3943","9801","NA","NA","NA","NA","NA","8694","121166","120368","NA","119841","LexicalDecision"
"No","611","1","LF","-50","experimental","0","1","LF","2","1","1","n","trial","1080","1920","/Users/justina/Downloads/lexical_decision","81","1100","1150","1400","900","0","1150","1200","499","1101","1111","111","1111","legacy","xpyriment","1111","1111","n","611","0","20","50","50","50","50","50","50","50","koetje","9","200","3851","NA","3945","NA","NA","NA","1801","9801","3943","111663","121283","121282","1927","121784","1929","3943","9801","NA","NA","NA","NA","NA","8694","122395","121784","NA","121282","LexicalDecision"
"No","595","1","LF","-50","experimental","0","1","LF","2","1","1","n","trial","1080","1920","/Users/justina/Downloads/lexical_decision","82","1100","1100","1400","900","0","1100","1150","411","1101","1111","111","1111","legacy","xpyriment","1111","1111","n","595","0","20","50","50","50","50","50","50","50","lolly's","9","200","3851","NA","3945","NA","NA","NA","1801","9801","3943","111663","122512","122511","1927","122926","1929","3943","9801","NA","NA","NA","NA","NA","8694","123522","122925","NA","122511","LexicalDecision"
"No","781","1","Pseudo","-50","experimental","0","1","Pseudo","3","1","1","m","trial","1080","1920","/Users/justina/Downloads/lexical_decision","83","1100","1100","1350","900","0","1350","1400","465","1101","1111","1111","1111","legacy","xpyriment","1111","111","m","781","0","20","50","50","50","50","50","50","50","schin","9","200","3851","NA","3945","NA","NA","NA","1801","9801","3943","111663","123638","123637","1927","124105","1929","3943","9801","NA","NA","NA","NA","NA","8694","124887","124104","NA","123637","LexicalDecision"
"No","537","1","HF","-50","experimental","0","1","HF","1","1","1","n","trial","1080","1920","/Users/justina/Downloads/lexical_decision","84","1050","1100","1350","900","0","1050","1100","491","1011","1111","1111","1111","legacy","xpyriment","1011","1101","n","537","0","20","50","50","50","50","50","50","50","gezocht","9","200","3851","NA","3945","NA","NA","NA","1801","9801","3943","111663","125005","125004","1927","125498","1929","3943","9801","NA","NA","NA","NA","NA","8694","126036","125498","NA","125004","LexicalDecision"
"No","539","1","Random","-50","experimental","0","1","Random","4","1","1","m","trial","1080","1920","/Users/justina/Downloads/lexical_decision","85","1050","1100","1350","850","0","850","900","486","1011","1111","1111","1111","legacy","xpyriment","1111","1111","m","539","0","20","50","50","50","50","50","50","50","npdia","9","200","3851","NA","3945","NA","NA","NA","1801","9801","3943","111663","126152","126151","1927","126641","1929","3943","9801","NA","NA","NA","NA","NA","8694","127181","126640","NA","126151","LexicalDecision"
"No","537","1","HF","-50","experimental","0","1","HF","1","1","1","n","trial","1080","1920","/Users/justina/Downloads/lexical_decision","86","1000","1100","1350","850","0","1000","1050","563","111","1111","1111","1111","legacy","xpyriment","0111","1011","n","537","0","20","50","50","50","50","50","50","50","houten","9","200","3851","NA","3945","NA","NA","NA","1801","9801","3943","111663","127297","127296","1927","127863","1929","3943","9801","NA","NA","NA","NA","NA","8694","128401","127863","NA","127296","LexicalDecision"
"No","489","1","Random","-50","experimental","0","1","Random","4","1","1","m","trial","1080","1920","/Users/justina/Downloads/lexical_decision","87","1000","1100","1350","800","0","800","850","499","111","1111","1111","1111","legacy","xpyriment","1111","1111","m","489","0","20","50","50","50","50","50","50","50","uodj","9","200","3851","NA","3945","NA","NA","NA","1801","9801","3943","111663","128517","128516","1927","129018","1929","3943","9801","NA","NA","NA","NA","NA","8694","129507","129018","NA","128516","LexicalDecision"
"No","518","1","LF","-50","experimental","0","1","LF","2","1","1","n","trial","1080","1920","/Users/justina/Downloads/lexical_decision","88","1000","1050","1350","800","0","1050","1100","453","111","1111","1111","1111","legacy","xpyriment","1111","1111","n","518","0","20","50","50","50","50","50","50","50","stages","9","200","3851","NA","3945","NA","NA","NA","1801","9801","3943","111663","129623","129623","1927","130079","1929","3943","9801","NA","NA","NA","NA","NA","8694","130598","130079","NA","129622","LexicalDecision"
"No","475","1","Random","-50","experimental","0","1","Random","4","1","1","m","trial","1080","1920","/Users/justina/Downloads/lexical_decision","89","1000","1050","1350","750","0","750","800","587","111","1111","1111","1111","legacy","xpyriment","1111","1111","m","475","0","20","50","50","50","50","50","50","50","saesriks","9","200","3851","NA","3945","NA","NA","NA","1801","9801","3943","111663","130713","130712","1927","131303","1929","3943","9801","NA","NA","NA","NA","NA","8694","131779","131302","NA","130711","LexicalDecision"
"No","499","1","HF","-50","experimental","0","1","HF","1","1","1","n","trial","1080","1920","/Users/justina/Downloads/lexical_decision","90","950","1050","1350","750","0","950","1000","473","1111","1111","1111","1111","legacy","xpyriment","1111","111","n","499","0","20","50","50","50","50","50","50","50","moet","9","200","3851","NA","3945","NA","NA","NA","1801","9801","3943","111663","131898","131897","1927","132373","1929","3943","9801","NA","NA","NA","NA","NA","8694","132872","132373","NA","131896","LexicalDecision"
"No","878","1","Pseudo","-50","experimental","0","1","Pseudo","3","1","1","m","trial","1080","1920","/Users/justina/Downloads/lexical_decision","91","950","1050","1300","750","0","1300","1350","535","1111","1111","1111","1111","legacy","xpyriment","1111","1111","m","878","0","20","50","50","50","50","50","50","50","aden","9","200","3851","NA","3945","NA","NA","NA","1801","9801","3943","111663","132989","132988","1927","133526","1929","3943","9801","NA","NA","NA","NA","NA","8694","134405","133526","NA","132988","LexicalDecision"
"No","541","0","Pseudo","50","experimental","0","1","Pseudo","3","0","0","m","trial","1080","1920","/Users/justina/Downloads/lexical_decision","92","950","1050","1350","750","0","1350","1300","438","1111","1111","1110","1111","legacy","xpyriment","1110","1111","n","541","0","20","50","50","50","50","50","50","50","ba's","9","200","3851","NA","3945","NA","NA","NA","1801","9801","3943","135532","134522","134521","1927","134962","1929","3943","9801","NA","NA","NA","NA","NA","8694","135504","134962","NA","134521","LexicalDecision"
"No","464","1","Random","-50","experimental","0","1","Random","4","1","1","m","trial","1080","1920","/Users/justina/Downloads/lexical_decision","93","950","1050","1350","700","0","700","750","566","1111","1111","1110","1111","legacy","xpyriment","1111","1111","m","464","0","20","50","50","50","50","50","50","50","aavgrsej","9","200","3851","NA","3945","NA","NA","NA","1801","9801","3943","135532","137674","137673","1927","138243","1929","3943","9801","NA","NA","NA","NA","NA","8694","138708","138243","NA","137673","LexicalDecision"
"No","421","1","Random","-50","experimental","0","1","Random","4","1","1","m","trial","1080","1920","/Users/justina/Downloads/lexical_decision","94","950","1050","1350","650","0","650","700","572","1111","1111","1110","1111","legacy","xpyriment","1111","1111","m","421","0","20","50","50","50","50","50","50","50","dmjeaasn","9","200","3851","NA","3945","NA","NA","NA","1801","9801","3943","135532","138822","138822","1927","139397","1929","3943","9801","NA","NA","NA","NA","NA","8694","139818","139397","NA","138821","LexicalDecision"
"No","512","1","LF","-50","experimental","0","1","LF","2","1","1","n","trial","1080","1920","/Users/justina/Downloads/lexical_decision","95","950","1000","1350","650","0","1000","1050","522","1111","1111","1110","1111","legacy","xpyriment","1111","1111","n","512","0","20","50","50","50","50","50","50","50","zeefje","9","200","3851","NA","3945","NA","NA","NA","1801","9801","3943","135532","139934","139933","1927","140459","1929","3943","9801","NA","NA","NA","NA","NA","8694","140971","140458","NA","139932","LexicalDecision"
"No","588","1","HF","-50","experimental","0","1","HF","1","1","1","n","trial","1080","1920","/Users/justina/Downloads/lexical_decision","96","900","1000","1350","650","0","900","950","476","1111","1111","1110","1111","legacy","xpyriment","1111","1111","n","588","0","20","50","50","50","50","50","50","50","reis","9","200","3851","NA","3945","NA","NA","NA","1801","9801","3943","135532","141086","141085","1927","141565","1929","3943","9801","NA","NA","NA","NA","NA","8694","142154","141565","NA","141085","LexicalDecision"
"No","830","1","HF","-50","experimental","0","1","HF","1","1","1","n","trial","1080","1920","/Users/justina/Downloads/lexical_decision","97","850","1000","1350","650","0","850","900","508","1111","1111","1110","1111","legacy","xpyriment","1111","1111","n","830","0","20","50","50","50","50","50","50","50","breed","9","200","3851","NA","3945","NA","NA","NA","1801","9801","3943","135532","142269","142268","1927","142780","1929","3943","9801","NA","NA","NA","NA","NA","8694","143611","142780","NA","142268","LexicalDecision"
"No","439","0","HF","50","experimental","0","1","HF","1","0","0","n","trial","1080","1920","/Users/justina/Downloads/lexical_decision","98","900","1000","1350","650","0","900","850","414","1110","1111","1110","1111","legacy","xpyriment","1110","1111","m","439","0","20","50","50","50","50","50","50","50","alsof","9","200","3851","NA","3945","NA","NA","NA","1801","9801","3943","144614","143729","143728","1927","144146","1929","3943","9801","NA","NA","NA","NA","NA","8694","144585","144145","NA","143728","LexicalDecision"
"No","501","1","Random","-50","experimental","0","1","Random","4","1","1","m","trial","1080","1920","/Users/justina/Downloads/lexical_decision","99","900","1000","1350","600","0","600","650","431","1110","1111","1110","1111","legacy","xpyriment","1111","1111","m","501","0","20","50","50","50","50","50","50","50","jbeess","9","200","3851","NA","3945","NA","NA","NA","1801","9801","3943","144614","146755","146754","1927","147189","1929","3943","9801","NA","NA","NA","NA","NA","8694","147690","147188","NA","146754","LexicalDecision"
"No","473","1","Pseudo","-50","experimental","0","1","Pseudo","3","1","1","m","trial","1080","1920","/Users/justina/Downloads/lexical_decision","100","900","1000","1300","600","0","1300","1350","522","1110","1111","1101","1111","legacy","xpyriment","1101","1110","m","473","0","20","50","50","50","50","50","50","50","speeps","9","200","3851","NA","3945","NA","NA","NA","1801","9801","3943","144614","147806","147805","1927","148331","1929","3943","9801","NA","NA","NA","NA","NA","8694","148805","148331","NA","147804","LexicalDecision"
"No","551","1","Pseudo","-50","experimental","0","1","Pseudo","3","1","1","m","trial","1080","1920","/Users/justina/Downloads/lexical_decision","101","900","1000","1250","600","0","1250","1300","409","1110","1111","1011","1111","legacy","xpyriment","1011","1101","m","551","0","20","50","50","50","50","50","50","50","gerul","9","200","3851","NA","3945","NA","NA","NA","1801","9801","3943","144614","148921","148920","1927","149333","1929","3943","9801","NA","NA","NA","NA","NA","8694","149884","149333","NA","148919","LexicalDecision"
"No","562","0","Pseudo","50","experimental","0","1","Pseudo","3","0","0","m","trial","1080","1920","/Users/justina/Downloads/lexical_decision","102","900","1000","1300","600","0","1300","1250","558","1110","1111","110","1111","legacy","xpyriment","0110","1011","n","562","0","20","50","50","50","50","50","50","50","belder","9","200","3851","NA","3945","NA","NA","NA","1801","9801","3943","151151","149999","149998","1927","150559","1929","3943","9801","NA","NA","NA","NA","NA","8694","151122","150559","NA","149998","LexicalDecision"
"No","492","1","LF","-50","experimental","0","1","LF","2","1","1","n","trial","1080","1920","/Users/justina/Downloads/lexical_decision","103","900","950","1300","600","0","950","1000","488","1110","1111","110","1111","legacy","xpyriment","1111","1111","n","492","0","20","50","50","50","50","50","50","50","zombies","9","200","3851","NA","3945","NA","NA","NA","1801","9801","3943","151151","153288","153287","1927","153778","1929","3943","9801","NA","NA","NA","NA","NA","8694","154271","153778","NA","153287","LexicalDecision"
"No","482","1","LF","-50","experimental","0","1","LF","2","1","1","n","trial","1080","1920","/Users/justina/Downloads/lexical_decision","104","900","900","1300","600","0","900","950","575","1110","1111","110","1111","legacy","xpyriment","1111","1111","n","482","0","20","50","50","50","50","50","50","50","vijl","9","200","3851","NA","3945","NA","NA","NA","1801","9801","3943","151151","154388","154387","1927","154964","1929","3943","9801","NA","NA","NA","NA","NA","8694","155447","154964","NA","154386","LexicalDecision"
"No","435","1","Random","-50","experimental","0","1","Random","4","1","1","m","trial","1080","1920","/Users/justina/Downloads/lexical_decision","105","900","900","1300","550","0","550","600","557","1110","1111","110","1111","legacy","xpyriment","1111","1111","m","435","0","20","50","50","50","50","50","50","50","oetjls","9","200","3851","NA","3945","NA","NA","NA","1801","9801","3943","151151","155563","155562","1927","156123","1929","3943","9801","NA","NA","NA","NA","NA","8694","156558","156122","NA","155562","LexicalDecision"
"No","602","0","Pseudo","50","experimental","0","1","Pseudo","3","0","0","m","trial","1080","1920","/Users/justina/Downloads/lexical_decision","106","900","900","1350","550","0","1350","1300","409","1110","1111","1100","1111","legacy","xpyriment","1100","110","n","602","0","20","50","50","50","50","50","50","50","verde","9","200","3851","NA","3945","NA","NA","NA","1801","9801","3943","157716","156673","156672","1927","157085","1929","3943","9801","NA","NA","NA","NA","NA","8694","157687","157085","NA","156671","LexicalDecision"
"No","608","1","Pseudo","-50","experimental","0","1","Pseudo","3","1","1","m","trial","1080","1920","/Users/justina/Downloads/lexical_decision","107","900","900","1300","550","0","1300","1350","460","1110","1111","1001","1111","legacy","xpyriment","1001","1100","m","608","0","20","50","50","50","50","50","50","50","vade","9","200","3851","NA","3945","NA","NA","NA","1801","9801","3943","157716","159859","159858","1927","160321","1929","3943","9801","NA","NA","NA","NA","NA","8694","160930","160321","NA","159858","LexicalDecision"
"No","575","1","HF","-50","experimental","0","1","HF","1","1","1","n","trial","1080","1920","/Users/justina/Downloads/lexical_decision","108","850","900","1300","550","0","850","900","488","1101","1111","1001","1111","legacy","xpyriment","1101","1110","n","575","0","20","50","50","50","50","50","50","50","onzin","9","200","3851","NA","3945","NA","NA","NA","1801","9801","3943","157716","161050","161049","1927","161540","1929","3943","9801","NA","NA","NA","NA","NA","8694","162115","161540","NA","161049","LexicalDecision"
"No","655","1","HF","-50","experimental","0","1","HF","1","1","1","n","trial","1080","1920","/Users/justina/Downloads/lexical_decision","109","800","900","1300","550","0","800","850","570","1011","1111","1001","1111","legacy","xpyriment","1011","1101","n","655","0","20","50","50","50","50","50","50","50","voegde","9","200","3851","NA","3945","NA","NA","NA","1801","9801","3943","157716","162232","162231","1927","162805","1929","3943","9801","NA","NA","NA","NA","NA","8694","163461","162804","NA","162231","LexicalDecision"
"No","457","1","Random","-50","experimental","0","1","Random","4","1","1","m","trial","1080","1920","/Users/justina/Downloads/lexical_decision","110","800","900","1300","500","0","500","550","500","1011","1111","1001","1111","legacy","xpyriment","1111","1111","m","457","0","20","50","50","50","50","50","50","50","kbrfoal","9","200","3851","NA","3945","NA","NA","NA","1801","9801","3943","157716","163578","163577","1927","164081","1929","3943","9801","NA","NA","NA","NA","NA","8694","164539","164081","NA","163577","LexicalDecision"
"No","516","1","Pseudo","-50","experimental","0","1","Pseudo","3","1","1","m","trial","1080","1920","/Users/justina/Downloads/lexical_decision","111","800","900","1250","500","0","1250","1300","436","1011","1111","11","1111","legacy","xpyriment","0011","1001","m","516","0","20","50","50","50","50","50","50","50","vukt","9","200","3851","NA","3945","NA","NA","NA","1801","9801","3943","157716","164654","164653","1927","165093","1929","3943","9801","NA","NA","NA","NA","NA","8694","165610","165093","NA","164653","LexicalDecision"
"No","551","1","LF","-50","experimental","0","1","LF","2","1","1","n","trial","1080","1920","/Users/justina/Downloads/lexical_decision","112","800","850","1250","500","0","850","900","553","1011","1111","11","1111","legacy","xpyriment","1111","1111","n","551","0","20","50","50","50","50","50","50","50","haantjes","9","200","3851","NA","3945","NA","NA","NA","1801","9801","3943","157716","165725","165724","1927","166282","1929","3943","9801","NA","NA","NA","NA","NA","8694","166834","166282","NA","165724","LexicalDecision"
"No","484","1","HF","-50","experimental","0","1","HF","1","1","1","n","trial","1080","1920","/Users/justina/Downloads/lexical_decision","113","750","850","1250","500","0","750","800","586","111","1111","11","1111","legacy","xpyriment","0111","1011","n","484","0","20","50","50","50","50","50","50","50","leiders","9","200","3851","NA","3945","NA","NA","NA","1801","9801","3943","157716","166951","166950","1927","167539","1929","3943","9801","NA","NA","NA","NA","NA","8694","168024","167539","NA","166950","LexicalDecision"
"No","482","1","LF","-50","experimental","0","1","LF","2","1","1","n","trial","1080","1920","/Users/justina/Downloads/lexical_decision","114","750","800","1250","500","0","800","850","593","111","1111","11","1111","legacy","xpyriment","1111","1111","n","482","0","20","50","50","50","50","50","50","50","mossels","9","200","3851","NA","3945","NA","NA","NA","1801","9801","3943","157716","168141","168140","1927","168735","1929","3943","9801","NA","NA","NA","NA","NA","8694","169217","168735","NA","168140","LexicalDecision"
"No","496","1","LF","-50","experimental","0","1","LF","2","1","1","n","trial","1080","1920","/Users/justina/Downloads/lexical_decision","115","750","750","1250","500","0","750","800","465","111","1111","11","1111","legacy","xpyriment","1111","1111","n","496","0","20","50","50","50","50","50","50","50","gympjes","9","200","3851","NA","3945","NA","NA","NA","1801","9801","3943","157716","169339","169338","1927","169806","1929","3943","9801","NA","NA","NA","NA","NA","8694","170303","169806","NA","169337","LexicalDecision"
"No","412","1","HF","-50","experimental","0","1","HF","1","1","1","n","trial","1080","1920","/Users/justina/Downloads/lexical_decision","116","700","750","1250","500","0","700","750","567","1111","1111","11","1111","legacy","xpyriment","1111","111","n","412","0","20","50","50","50","50","50","50","50","gemeen","9","200","3851","NA","3945","NA","NA","NA","1801","9801","3943","157716","170420","170419","1927","170990","1929","3943","9801","NA","NA","NA","NA","NA","8694","171402","170989","NA","170419","LexicalDecision"
"No","525","1","LF","-50","experimental","0","1","LF","2","1","1","n","trial","1080","1920","/Users/justina/Downloads/lexical_decision","117","700","700","1250","500","0","700","750","395","1111","1111","11","1111","legacy","xpyriment","1111","1111","n","525","0","20","50","50","50","50","50","50","50","prooien","9","200","3851","NA","3945","NA","NA","NA","1801","9801","3943","157716","171520","171519","1927","171916","1929","3943","9801","NA","NA","NA","NA","NA","8694","172441","171916","NA","171519","LexicalDecision"
"No","500","0","Random","50","experimental","0","1","Random","4","0","0","m","trial","1080","1920","/Users/justina/Downloads/lexical_decision","118","700","700","1250","550","0","550","500","449","1111","1111","11","1110","legacy","xpyriment","1110","1111","None","500","1","20","50","50","50","50","50","50","50","jo'jos","9","200","3851","NA","3945","NA","NA","NA","1801","9801","3943","173539","172558","172557","1927","173010","1929","3943","9801","NA","NA","NA","NA","NA","8694","173510","173009","NA","172557","LexicalDecision"
"No","720","0","Pseudo","50","experimental","0","1","Pseudo","3","0","0","m","trial","1080","1920","/Users/justina/Downloads/lexical_decision","119","700","700","1300","550","0","1300","1250","563","1111","1111","110","1110","legacy","xpyriment","110","11","n","720","0","20","50","50","50","50","50","50","50","gezend","9","200","3851","NA","3945","NA","NA","NA","1801","9801","3943","176999","175684","175683","1927","176248","1929","3943","9801","NA","NA","NA","NA","NA","8694","176969","176248","NA","175683","LexicalDecision"
"No","505","1","Random","-50","experimental","0","1","Random","4","1","1","m","trial","1080","1920","/Users/justina/Downloads/lexical_decision","120","700","700","1300","500","0","500","550","442","1111","1111","110","1101","legacy","xpyriment","1101","1110","m","505","0","20","50","50","50","50","50","50","50","dnoser","9","200","3851","NA","3945","NA","NA","NA","1801","9801","3943","176999","179138","179137","1927","179582","1929","3943","9801","NA","NA","NA","NA","NA","8694","180087","179582","NA","179137","LexicalDecision"
"No","491","1","LF","-50","experimental","0","1","LF","2","1","1","n","trial","1080","1920","/Users/justina/Downloads/lexical_decision","121","700","650","1300","500","0","650","700","415","1111","1111","110","1101","legacy","xpyriment","1111","1111","n","491","0","20","50","50","50","50","50","50","50","weesjes","9","200","3851","NA","3945","NA","NA","NA","1801","9801","3943","176999","180204","180203","1927","180622","1929","3943","9801","NA","NA","NA","NA","NA","8694","181114","180622","NA","180203","LexicalDecision"
"No","600","1","LF","-50","experimental","0","1","LF","2","1","1","n","trial","1080","1920","/Users/justina/Downloads/lexical_decision","122","700","600","1300","500","0","600","650","402","1111","1111","110","1101","legacy","xpyriment","1111","1111","n","600","0","20","50","50","50","50","50","50","50","slede","9","200","3851","NA","3945","NA","NA","NA","1801","9801","3943","176999","181228","181227","1927","181632","1929","3943","9801","NA","NA","NA","NA","NA","8694","182233","181632","NA","181227","LexicalDecision"
"No","441","1","HF","-50","experimental","0","1","HF","1","1","1","n","trial","1080","1920","/Users/justina/Downloads/lexical_decision","123","650","600","1300","500","0","650","700","453","1111","1111","110","1101","legacy","xpyriment","1111","1111","n","441","0","20","50","50","50","50","50","50","50","donker","9","200","3851","NA","3945","NA","NA","NA","1801","9801","3943","176999","182350","182349","1927","182805","1929","3943","9801","NA","NA","NA","NA","NA","8694","183247","182805","NA","182349","LexicalDecision"
"No","964","1","Pseudo","-50","experimental","0","1","Pseudo","3","1","1","m","trial","1080","1920","/Users/justina/Downloads/lexical_decision","124","650","600","1250","500","0","1250","1300","475","1111","1111","1101","1101","legacy","xpyriment","1101","110","m","964","0","20","50","50","50","50","50","50","50","doer","9","200","3851","NA","3945","NA","NA","NA","1801","9801","3943","176999","0","0","1927","183841","1929","3943","9801","NA","NA","NA","NA","NA","8694","184806","183841","NA","0","LexicalDecision"
"No","432","1","LF","-50","experimental","0","1","LF","2","1","1","n","trial","1080","1920","/Users/justina/Downloads/lexical_decision","125","650","550","1250","500","0","550","600","517","1111","1111","1101","1101","legacy","xpyriment","1111","1111","n","432","0","20","50","50","50","50","50","50","50","deuntjes","9","200","3851","NA","3945","NA","NA","NA","1801","9801","3943","176999","184924","184923","1927","185445","1929","3943","9801","NA","NA","NA","NA","NA","8694","185877","185445","NA","184923","LexicalDecision"
"No","483","1","LF","-50","experimental","0","1","LF","2","1","1","n","trial","1080","1920","/Users/justina/Downloads/lexical_decision","126","650","500","1250","500","0","500","550","473","1111","1111","1101","1101","legacy","xpyriment","1111","1111","n","483","0","20","50","50","50","50","50","50","50","forums","9","200","3851","NA","3945","NA","NA","NA","1801","9801","3943","176999","185993","185992","1927","186469","1929","3943","9801","NA","NA","NA","NA","NA","8694","186952","186469","NA","185992","LexicalDecision"
"No","508","1","HF","-50","experimental","0","1","HF","1","1","1","n","trial","1080","1920","/Users/justina/Downloads/lexical_decision","127","600","500","1250","500","0","600","650","537","1111","1111","1101","1101","legacy","xpyriment","1111","1111","n","508","0","20","50","50","50","50","50","50","50","minste","9","200","3851","NA","3945","NA","NA","NA","1801","9801","3943","176999","187068","187067","1927","187607","1929","3943","9801","NA","NA","NA","NA","NA","8694","188116","187607","NA","187067","LexicalDecision"
"No","475","1","LF","-50","experimental","0","1","LF","2","1","1","n","trial","1080","1920","/Users/justina/Downloads/lexical_decision","128","600","450","1250","500","0","450","500","573","1111","1111","1101","1101","legacy","xpyriment","1111","1111","n","475","0","20","50","50","50","50","50","50","50","pukkel","9","200","3851","NA","3945","NA","NA","NA","1801","9801","3943","176999","188232","188231","1927","188807","1929","3943","9801","NA","NA","NA","NA","NA","8694","189283","188807","NA","188231","LexicalDecision"
"No","554","1","Pseudo","-50","experimental","0","1","Pseudo","3","1","1","m","trial","1080","1920","/Users/justina/Downloads/lexical_decision","129","600","450","1200","500","0","1200","1250","541","1111","1111","1011","1101","legacy","xpyriment","1011","1101","m","554","0","20","50","50","50","50","50","50","50","eloe","9","200","3851","NA","3945","NA","NA","NA","1801","9801","3943","176999","189401","189400","1927","189945","1929","3943","9801","NA","NA","NA","NA","NA","8694","190499","189945","NA","189399","LexicalDecision"
"No","533","1","HF","-50","experimental","0","1","HF","1","1","1","n","trial","1080","1920","/Users/justina/Downloads/lexical_decision","130","550","450","1200","500","0","550","600","497","1111","1111","1011","1101","legacy","xpyriment","1111","1111","n","533","0","20","50","50","50","50","50","50","50","vliegen","9","200","3851","NA","3945","NA","NA","NA","1801","9801","3943","176999","190616","190615","1927","191116","1929","3943","9801","NA","NA","NA","NA","NA","8694","191649","191116","NA","190614","LexicalDecision"
"No","704","1","Pseudo","-50","experimental","0","1","Pseudo","3","1","1","m","trial","1080","1920","/Users/justina/Downloads/lexical_decision","131","550","450","1150","500","0","1150","1200","421","1111","1111","111","1101","legacy","xpyriment","0111","1011","m","704","0","20","50","50","50","50","50","50","50","erben","9","200","3851","NA","3945","NA","NA","NA","1801","9801","3943","176999","191765","191765","1927","192189","1929","3943","9801","NA","NA","NA","NA","NA","8694","192893","192189","NA","191764","LexicalDecision"
"No","450","0","LF","50","experimental","0","1","LF","2","0","0","n","trial","1080","1920","/Users/justina/Downloads/lexical_decision","132","550","500","1150","500","0","500","450","395","1111","1110","111","1101","legacy","xpyriment","1110","1111","None","450","1","20","50","50","50","50","50","50","50","vaasjes","9","200","3851","NA","3945","NA","NA","NA","1801","9801","3943","193887","193011","193010","1927","193409","1929","3943","9801","NA","NA","NA","NA","NA","8694","193859","193409","NA","193009","LexicalDecision"
"No","377","1","HF","-50","experimental","0","1","HF","1","1","1","n","trial","1080","1920","/Users/justina/Downloads/lexical_decision","133","500","500","1150","500","0","500","550","527","1111","1110","111","1101","legacy","xpyriment","1111","1111","n","377","0","20","50","50","50","50","50","50","50","moeilijk","9","200","3851","NA","3945","NA","NA","NA","1801","9801","3943","193887","196041","196040","1927","196570","1929","3943","9801","NA","NA","NA","NA","NA","8694","196948","196569","NA","196040","LexicalDecision"
"No","377","1","HF","-50","experimental","0","1","HF","1","1","1","n","trial","1080","1920","/Users/justina/Downloads/lexical_decision","134","450","500","1150","500","0","450","500","576","1111","1110","111","1101","legacy","xpyriment","1111","1111","n","377","0","20","50","50","50","50","50","50","50","buren","9","200","3851","NA","3945","NA","NA","NA","1801","9801","3943","193887","197065","197064","1927","197647","1929","3943","9801","NA","NA","NA","NA","NA","8694","198024","197647","NA","197064","LexicalDecision"
"No","415","1","Random","-50","experimental","0","1","Random","4","1","1","m","trial","1080","1920","/Users/justina/Downloads/lexical_decision","135","450","500","1150","450","0","450","500","547","1111","1110","111","1011","legacy","xpyriment","1011","1101","m","415","0","20","50","50","50","50","50","50","50","esjmse","9","200","3851","NA","3945","NA","NA","NA","1801","9801","3943","193887","198140","198139","1927","198690","1929","3943","9801","NA","NA","NA","NA","NA","8694","199105","198689","NA","198139","LexicalDecision"
"No","359","0","Pseudo","50","experimental","0","1","Pseudo","3","0","0","m","trial","1080","1920","/Users/justina/Downloads/lexical_decision","136","450","500","1200","450","0","1200","1150","557","1111","1110","1110","1011","legacy","xpyriment","1110","111","n","359","0","20","50","50","50","50","50","50","50","meeld","9","200","3851","NA","3945","NA","NA","NA","1801","9801","3943","200168","199221","199220","1927","199780","1929","3943","9801","NA","NA","NA","NA","NA","8694","200139","199780","NA","199220","LexicalDecision"
"No","381","1","HF","-50","experimental","0","1","HF","1","1","1","n","trial","1080","1920","/Users/justina/Downloads/lexical_decision","137","400","500","1200","450","0","400","450","430","1111","1110","1110","1011","legacy","xpyriment","1111","1111","n","381","0","20","50","50","50","50","50","50","50","heerlijk","9","200","3851","NA","3945","NA","NA","NA","1801","9801","3943","200168","202310","202309","1927","202742","1929","3943","9801","NA","NA","NA","NA","NA","8694","203124","202742","NA","202309","LexicalDecision"
"No","401","1","LF","-50","experimental","0","1","LF","2","1","1","n","trial","1080","1920","/Users/justina/Downloads/lexical_decision","138","400","450","1200","450","0","450","500","498","1111","1101","1110","1011","legacy","xpyriment","1101","1110","n","401","0","20","50","50","50","50","50","50","50","laagjes","9","200","3851","NA","3945","NA","NA","NA","1801","9801","3943","200168","203239","203238","1927","203739","1929","3943","9801","NA","NA","NA","NA","NA","8694","204141","203739","NA","203238","LexicalDecision"
"No","437","0","Pseudo","50","experimental","0","1","Pseudo","3","0","0","m","trial","1080","1920","/Users/justina/Downloads/lexical_decision","139","400","450","1250","450","0","1250","1200","489","1111","1101","1100","1011","legacy","xpyriment","1100","1110","n","437","0","20","50","50","50","50","50","50","50","maam","9","200","3851","NA","3945","NA","NA","NA","1801","9801","3943","205213","204256","204255","1927","204746","1929","3943","9801","NA","NA","NA","NA","NA","8694","205184","204746","NA","204254","LexicalDecision"
"No","360","1","LF","-50","experimental","0","1","LF","2","1","1","n","trial","1080","1920","/Users/justina/Downloads/lexical_decision","140","400","400","1250","450","0","400","450","546","1111","1011","1100","1011","legacy","xpyriment","1011","1101","n","360","0","20","50","50","50","50","50","50","50","vormpjes","9","200","3851","NA","3945","NA","NA","NA","1801","9801","3943","205213","207356","207355","1927","207905","1929","3943","9801","NA","NA","NA","NA","NA","8694","208266","207905","NA","207355","LexicalDecision"
"No","367","1","HF","-50","experimental","0","1","HF","1","1","1","n","trial","1080","1920","/Users/justina/Downloads/lexical_decision","141","350","400","1250","450","0","350","400","487","1111","1011","1100","1011","legacy","xpyriment","1111","1111","n","367","0","20","50","50","50","50","50","50","50","haalde","9","200","3851","NA","3945","NA","NA","NA","1801","9801","3943","205213","208388","208384","1927","208879","1929","3943","9801","NA","NA","NA","NA","NA","8694","209247","208878","NA","208383","LexicalDecision"
"No","358","1","Random","-50","experimental","0","1","Random","4","1","1","m","trial","1080","1920","/Users/justina/Downloads/lexical_decision","142","350","400","1250","400","0","400","450","448","1111","1011","1100","111","legacy","xpyriment","0111","1011","m","358","0","20","50","50","50","50","50","50","50","ejdevls","9","200","3851","NA","3945","NA","NA","NA","1801","9801","3943","205213","209361","209360","1927","209812","1929","3943","9801","NA","NA","NA","NA","NA","8694","210171","209811","NA","209360","LexicalDecision"
"No","382","1","LF","-50","experimental","0","1","LF","2","1","1","n","trial","1080","1920","/Users/justina/Downloads/lexical_decision","143","350","350","1250","400","0","350","400","526","1111","111","1100","111","legacy","xpyriment","0111","1011","n","382","0","20","50","50","50","50","50","50","50","turbo","9","200","3851","NA","3945","NA","NA","NA","1801","9801","3943","205213","210291","210290","1927","210821","1929","3943","9801","NA","NA","NA","NA","NA","8694","211203","210820","NA","210290","LexicalDecision"
"No","350","0","HF","50","experimental","0","1","HF","1","0","0","n","trial","1080","1920","/Users/justina/Downloads/lexical_decision","144","400","350","1250","400","0","400","350","452","1110","111","1100","111","legacy","xpyriment","1110","1111","None","350","1","20","50","50","50","50","50","50","50","heuvel","9","200","3851","NA","3945","NA","NA","NA","1801","9801","3943","212156","211322","211322","1927","211777","1929","3943","9801","NA","NA","NA","NA","NA","8694","212127","211777","NA","211321","LexicalDecision"
"No","270","0","Pseudo","50","experimental","0","1","Pseudo","3","0","0","m","trial","1080","1920","/Users/justina/Downloads/lexical_decision","145","400","350","1300","400","0","1300","1250","474","1110","111","1000","111","legacy","xpyriment","1000","1100","n","270","0","20","50","50","50","50","50","50","50","geschakt","9","200","3851","NA","3945","NA","NA","NA","1801","9801","3943","215074","214299","214298","1927","214775","1929","3943","9801","NA","NA","NA","NA","NA","8694","215046","214775","NA","214298","LexicalDecision"
"No","352","0","Random","50","experimental","0","1","Random","4","0","0","m","trial","1080","1920","/Users/justina/Downloads/lexical_decision","146","400","350","1300","450","0","450","400","473","1110","111","1000","1110","legacy","xpyriment","1110","111","n","352","0","20","50","50","50","50","50","50","50","tetozn","9","200","3851","NA","3945","NA","NA","NA","1801","9801","3943","218077","217219","217218","1927","217695","1929","3943","9801","NA","NA","NA","NA","NA","8694","218048","217695","NA","217218","LexicalDecision"
"No","350","0","LF","50","experimental","0","1","LF","2","0","0","n","trial","1080","1920","/Users/justina/Downloads/lexical_decision","147","400","400","1300","450","0","400","350","421","1110","1110","1000","1110","legacy","xpyriment","1110","111","None","350","1","20","50","50","50","50","50","50","50","roggen","9","200","3851","NA","3945","NA","NA","NA","1801","9801","3943","221028","220225","220224","1927","220649","1929","3943","9801","NA","NA","NA","NA","NA","8694","220999","220648","NA","220224","LexicalDecision"
"No","275","1","LF","-50","experimental","0","1","LF","2","1","1","n","trial","1080","1920","/Users/justina/Downloads/lexical_decision","148","400","350","1300","450","0","350","400","512","1110","1101","1000","1110","legacy","xpyriment","1101","1110","n","275","0","20","50","50","50","50","50","50","50","wandkast","9","200","3851","NA","3945","NA","NA","NA","1801","9801","3943","221028","223175","223174","1927","223689","1929","3943","9801","NA","NA","NA","NA","NA","8694","223965","223689","NA","223174","LexicalDecision"
"No","436","1","Random","-50","experimental","0","1","Random","4","1","1","m","trial","1080","1920","/Users/justina/Downloads/lexical_decision","149","400","350","1300","400","0","400","450","477","1110","1101","1000","1101","legacy","xpyriment","1101","1110","m","436","0","20","50","50","50","50","50","50","50","tijesgwj","9","200","3851","NA","3945","NA","NA","NA","1801","9801","3943","221028","224083","224082","1927","224563","1929","3943","9801","NA","NA","NA","NA","NA","8694","225000","224562","NA","224081","LexicalDecision"
"No","404","0","Pseudo","50","experimental","0","1","Pseudo","3","0","0","m","trial","1080","1920","/Users/justina/Downloads/lexical_decision","150","400","350","1350","400","0","1350","1300","502","1110","1101","0","1101","legacy","xpyriment","0000","1000","n","404","0","20","50","50","50","50","50","50","50","deven","9","200","3851","NA","3945","NA","NA","NA","1801","9801","3943","226055","225117","225116","1927","225621","1929","3943","9801","NA","NA","NA","NA","NA","8694","226025","225620","NA","225116","LexicalDecision"
"No","320","0","Pseudo","50","experimental","0","1","Pseudo","3","0","0","m","trial","1080","1920","/Users/justina/Downloads/lexical_decision","151","400","350","1400","400","0","1400","1350","476","1110","1101","0","1101","legacy","xpyriment","00","0","n","320","0","20","50","50","50","50","50","50","50","loele","9","200","3851","NA","3945","NA","NA","NA","1801","9801","3943","229018","228191","228190","1927","228668","1929","3943","9801","NA","NA","NA","NA","NA","8694","228989","228668","NA","228190","LexicalDecision"
"No","404","0","Pseudo","50","experimental","0","1","Pseudo","3","0","0","m","trial","1080","1920","/Users/justina/Downloads/lexical_decision","152","400","350","1450","400","0","1450","1400","546","1110","1101","0","1101","legacy","xpyriment","00","0","n","404","0","20","50","50","50","50","50","50","50","dieken","9","200","3851","NA","3945","NA","NA","NA","1801","9801","3943","232141","231161","231160","1927","231709","1929","3943","9801","NA","NA","NA","NA","NA","8694","232113","231709","NA","231160","LexicalDecision"
"No","401","0","HF","50","experimental","0","1","HF","1","0","0","n","trial","1080","1920","/Users/justina/Downloads/lexical_decision","153","450","350","1450","400","0","450","400","422","1100","1101","0","1101","legacy","xpyriment","1100","1110","None","401","1","20","50","50","50","50","50","50","50","pistool","9","200","3851","NA","3945","NA","NA","NA","1801","9801","3943","235132","234278","234277","1927","234702","1929","3943","9801","NA","NA","NA","NA","NA","8694","235103","234702","NA","234277","LexicalDecision"
"No","303","0","HF","50","experimental","0","1","HF","1","0","0","n","trial","1080","1920","/Users/justina/Downloads/lexical_decision","154","500","350","1450","400","0","500","450","429","1000","1101","0","1101","legacy","xpyriment","1000","1100","m","303","0","20","50","50","50","50","50","50","50","haal","9","200","3851","NA","3945","NA","NA","NA","1801","9801","3943","238034","237272","237271","1927","237703","1929","3943","9801","NA","NA","NA","NA","NA","8694","238006","237703","NA","237271","LexicalDecision"
"No","336","1","HF","-50","experimental","0","1","HF","1","1","1","n","trial","1080","1920","/Users/justina/Downloads/lexical_decision","155","450","350","1450","400","0","450","500","474","1","1101","0","1101","legacy","xpyriment","0001","1000","n","336","0","20","50","50","50","50","50","50","50","jouw","9","200","3851","NA","3945","NA","NA","NA","1801","9801","3943","238034","240179","240178","1927","240654","1929","3943","9801","NA","NA","NA","NA","NA","8694","240990","240654","NA","240178","LexicalDecision"
"No","411","1","HF","-50","experimental","0","1","HF","1","1","1","n","trial","1080","1920","/Users/justina/Downloads/lexical_decision","156","400","350","1450","400","0","400","450","433","11","1101","0","1101","legacy","xpyriment","11","1","n","411","0","20","50","50","50","50","50","50","50","verstaan","9","200","3851","NA","3945","NA","NA","NA","1801","9801","3943","238034","241105","241104","1927","241543","1929","3943","9801","NA","NA","NA","NA","NA","8694","241955","241543","NA","241104","LexicalDecision"
"No","350","0","LF","25","experimental","1","1","LF","2","0","0","n","trial","1080","1920","/Users/justina/Downloads/lexical_decision","157","400","375","1450","400","0","375","350","420","11","","0","1101","legacy","xpyriment","","1101","None","350","1","20","50","25","50","50","25","25","50","spaties","9","200","3851","NA","3945","NA","NA","NA","1801","9801","3943","242873","242071","242070","1927","242495","1929","3943","9801","NA","NA","NA","NA","NA","8694","242845","242494","NA","242069","LexicalDecision"
"No","400","0","HF","50","experimental","0","1","HF","1","0","0","n","trial","1080","1920","/Users/justina/Downloads/lexical_decision","158","450","375","1450","400","0","450","400","477","110","","0","1101","legacy","xpyriment","110","11","None","400","1","20","50","25","50","50","50","50","50","hoewel","9","200","3851","NA","3945","NA","NA","NA","1801","9801","3943","245917","245009","245008","1927","245488","1929","3943","9801","NA","NA","NA","NA","NA","8694","245888","245488","NA","245007","LexicalDecision"
"No","344","1","LF","-25","experimental","0","1","LF","2","1","1","n","trial","1080","1920","/Users/justina/Downloads/lexical_decision","159","450","350","1450","400","0","350","375","549","110","1","0","1101","legacy","xpyriment","1","","n","344","0","20","50","25","50","50","25","25","25","hoofdzin","9","200","3851","NA","3945","NA","NA","NA","1801","9801","3943","245917","248058","248057","1927","248609","1929","3943","9801","NA","NA","NA","NA","NA","8694","248954","248609","NA","248057","LexicalDecision"
"No","400","0","Random","25","experimental","1","1","Random","4","0","0","m","trial","1080","1920","/Users/justina/Downloads/lexical_decision","160","450","350","1450","425","0","425","400","585","110","1","0","","legacy","xpyriment","","1101","None","400","1","20","50","25","50","25","25","25","50","jipelss","9","200","3851","NA","3945","NA","NA","NA","1801","9801","3943","250086","249070","249069","1927","249658","1929","3943","9801","NA","NA","NA","NA","NA","8694","250058","249658","NA","249068","LexicalDecision"
"No","337","1","LF","-25","experimental","0","1","LF","2","1","1","n","trial","1080","1920","/Users/justina/Downloads/lexical_decision","161","450","325","1450","425","0","325","350","414","110","11","0","","legacy","xpyriment","11","1","n","337","0","20","50","25","50","25","25","25","25","hangers","9","200","3851","NA","3945","NA","NA","NA","1801","9801","3943","250086","252230","252229","1927","252647","1929","3943","9801","NA","NA","NA","NA","NA","8694","252985","252647","NA","252229","LexicalDecision"
"No","389","1","HF","-50","experimental","0","1","HF","1","1","1","n","trial","1080","1920","/Users/justina/Downloads/lexical_decision","162","400","325","1450","425","0","400","450","427","1101","11","0","","legacy","xpyriment","1101","110","n","389","0","20","50","25","50","25","50","50","50","nooit","9","200","3851","NA","3945","NA","NA","NA","1801","9801","3943","250086","253100","253099","1927","253530","1929","3943","9801","NA","NA","NA","NA","NA","8694","253920","253530","NA","253098","LexicalDecision"
"No","325","0","LF","25","experimental","0","1","LF","2","0","0","n","trial","1080","1920","/Users/justina/Downloads/lexical_decision","163","400","350","1450","425","0","350","325","400","1101","110","0","","legacy","xpyriment","110","11","None","325","1","20","50","25","50","25","25","25","25","haarband","9","200","3851","NA","3945","NA","NA","NA","1801","9801","3943","254792","254036","254035","1927","254439","1929","3943","9801","NA","NA","NA","NA","NA","8694","254764","254439","NA","254034","LexicalDecision"
"No","554","0","Pseudo","50","experimental","0","1","Pseudo","3","0","0","m","trial","1080","1920","/Users/justina/Downloads/lexical_decision","164","400","350","1500","425","0","1500","1450","440","1101","110","0","","legacy","xpyriment","00","0","n","554","0","20","50","25","50","25","50","50","50","doeders","9","200","3851","NA","3945","NA","NA","NA","1801","9801","3943","257956","256932","256931","1927","257373","1929","3943","9801","NA","NA","NA","NA","NA","8694","257928","257373","NA","256931","LexicalDecision"
"No","371","1","HF","-50","experimental","0","1","HF","1","1","1","n","trial","1080","1920","/Users/justina/Downloads/lexical_decision","165","350","350","1500","425","0","350","400","470","1011","110","0","","legacy","xpyriment","1011","1101","n","371","0","20","50","25","50","25","50","50","50","leken","9","200","3851","NA","3945","NA","NA","NA","1801","9801","3943","257956","260100","260099","1927","260572","1929","3943","9801","NA","NA","NA","NA","NA","8694","260944","260572","NA","260099","LexicalDecision"
"No","423","1","Random","-25","experimental","0","1","Random","4","1","1","m","trial","1080","1920","/Users/justina/Downloads/lexical_decision","166","350","350","1500","400","0","400","425","486","1011","110","0","1","legacy","xpyriment","1","","m","423","0","20","50","25","50","25","25","25","25","hbnakol","9","200","3851","NA","3945","NA","NA","NA","1801","9801","3943","257956","261058","261057","1927","261546","1929","3943","9801","NA","NA","NA","NA","NA","8694","261970","261546","NA","261057","LexicalDecision"
"No","350","0","HF","50","experimental","0","1","HF","1","0","0","n","trial","1080","1920","/Users/justina/Downloads/lexical_decision","167","400","350","1500","400","0","400","350","437","110","110","0","1","legacy","xpyriment","0110","1011","None","350","1","20","50","25","50","25","50","50","50","geleerd","9","200","3851","NA","3945","NA","NA","NA","1801","9801","3943","262907","262085","262084","1927","262527","1929","3943","9801","NA","NA","NA","NA","NA","8694","262877","262527","NA","262084","LexicalDecision"
"No","400","0","Random","25","experimental","0","1","Random","4","0","0","m","trial","1080","1920","/Users/justina/Downloads/lexical_decision","168","400","350","1500","425","0","425","400","465","110","110","0","10","legacy","xpyriment","10","1","None","400","1","20","50","25","50","25","25","25","25","olog","9","200","3851","NA","3945","NA","NA","NA","1801","9801","3943","265942","265047","265046","1927","265514","1929","3943","9801","NA","NA","NA","NA","NA","8694","265914","265514","NA","265046","LexicalDecision"
"No","329","1","Random","-25","experimental","0","1","Random","4","1","1","m","trial","1080","1920","/Users/justina/Downloads/lexical_decision","169","400","350","1500","400","0","400","425","481","110","110","0","101","legacy","xpyriment","101","10","m","329","0","20","50","25","50","25","25","25","25","jngiogg","9","200","3851","NA","3945","NA","NA","NA","1801","9801","3943","265942","268081","268080","1927","268566","1929","3943","9801","NA","NA","NA","NA","NA","8694","268895","268566","NA","268080","LexicalDecision"
"No","334","1","LF","-25","experimental","0","1","LF","2","1","1","n","trial","1080","1920","/Users/justina/Downloads/lexical_decision","170","400","325","1500","400","0","325","350","452","110","1101","0","101","legacy","xpyriment","1101","110","n","334","0","20","50","25","50","25","25","25","25","pandje","9","200","3851","NA","3945","NA","NA","NA","1801","9801","3943","265942","269010","269009","1927","269465","1929","3943","9801","NA","NA","NA","NA","NA","8694","269799","269465","NA","269009","LexicalDecision"
"No","325","0","LF","12","experimental","1","1","LF","2","0","0","n","trial","1080","1920","/Users/justina/Downloads/lexical_decision","171","400","337","1500","400","0","337","325","521","110","","0","101","legacy","xpyriment","","1101","None","325","1","20","50","12","50","25","12","12","25","gommen","9","200","3851","NA","3945","NA","NA","NA","1801","9801","3943","270794","269915","269914","1927","270440","1929","3943","9801","NA","NA","NA","NA","NA","8694","270765","270440","NA","269913","LexicalDecision"
"No","400","0","Random","12","experimental","1","1","Random","4","0","0","m","trial","1080","1920","/Users/justina/Downloads/lexical_decision","172","400","337","1500","412","0","412","400","413","110","","0","","legacy","xpyriment","","101","None","400","1","20","50","12","50","12","12","12","25","retebjes","9","200","3851","NA","3945","NA","NA","NA","1801","9801","3943","273780","272935","272934","1927","273352","1929","3943","9801","NA","NA","NA","NA","NA","8694","273752","273351","NA","272934","LexicalDecision"
"No","368","1","HF","-50","experimental","0","1","HF","1","1","1","n","trial","1080","1920","/Users/justina/Downloads/lexical_decision","173","350","337","1500","412","0","350","400","476","1101","","0","","legacy","xpyriment","1101","110","n","368","0","20","50","12","50","12","50","50","50","crisis","9","200","3851","NA","3945","NA","NA","NA","1801","9801","3943","273780","275923","275922","1927","276401","1929","3943","9801","NA","NA","NA","NA","NA","8694","276770","276400","NA","275922","LexicalDecision"
"No","561","1","Pseudo","-50","experimental","0","1","Pseudo","3","1","1","m","trial","1080","1920","/Users/justina/Downloads/lexical_decision","174","350","337","1450","412","0","1450","1500","403","1101","","1","","legacy","xpyriment","01","0","m","561","0","20","50","12","50","12","50","50","50","jons","9","200","3851","NA","3945","NA","NA","NA","1801","9801","3943","273780","276885","276884","1927","277292","1929","3943","9801","NA","NA","NA","NA","NA","8694","277853","277292","NA","276884","LexicalDecision"
"No","350","0","HF","25","experimental","1","1","HF","1","0","0","n","trial","1080","1920","/Users/justina/Downloads/lexical_decision","175","375","337","1450","412","0","375","350","550","","","1","","legacy","xpyriment","","1101","None","350","1","20","25","12","50","12","25","25","50","slecht","9","200","3851","NA","3945","NA","NA","NA","1801","9801","3943","278900","277970","277969","1927","278522","1929","3943","9801","NA","NA","NA","NA","NA","8694","278872","278522","NA","277968","LexicalDecision"
"No","412","0","Random","12","experimental","0","1","Random","4","0","0","m","trial","1080","1920","/Users/justina/Downloads/lexical_decision","176","375","337","1450","424","0","424","412","554","","","1","0","legacy","xpyriment","0","","None","412","1","20","25","12","50","12","12","12","12","edrijr","9","200","3851","NA","3945","NA","NA","NA","1801","9801","3943","282034","281038","281037","1927","281595","1929","3943","9801","NA","NA","NA","NA","NA","8694","282007","281595","NA","281037","LexicalDecision"
"No","357","1","HF","-25","experimental","0","1","HF","1","1","1","n","trial","1080","1920","/Users/justina/Downloads/lexical_decision","177","350","337","1450","424","0","350","375","543","1","","1","0","legacy","xpyriment","1","","n","357","0","20","25","12","50","12","25","25","25","straten","9","200","3851","NA","3945","NA","NA","NA","1801","9801","3943","282034","284178","284177","1927","284724","1929","3943","9801","NA","NA","NA","NA","NA","8694","285082","284724","NA","284177","LexicalDecision"
"No","326","1","HF","-25","experimental","0","1","HF","1","1","1","n","trial","1080","1920","/Users/justina/Downloads/lexical_decision","178","325","337","1450","424","0","325","350","552","11","","1","0","legacy","xpyriment","11","1","n","326","0","20","25","12","50","12","25","25","25","peter","9","200","3851","NA","3945","NA","NA","NA","1801","9801","3943","282034","285197","285196","1927","285755","1929","3943","9801","NA","NA","NA","NA","NA","8694","286081","285754","NA","285195","LexicalDecision"
"No","367","1","Random","-12","experimental","0","1","Random","4","1","1","m","trial","1080","1920","/Users/justina/Downloads/lexical_decision","179","325","337","1450","412","0","412","424","575","11","","1","1","legacy","xpyriment","01","0","m","367","0","20","25","12","50","12","12","12","12","ejzeewps","9","200","3851","NA","3945","NA","NA","NA","1801","9801","3943","282034","286197","286196","1927","286774","1929","3943","9801","NA","NA","NA","NA","NA","8694","287142","286774","NA","286195","LexicalDecision"
"No","317","0","Pseudo","50","experimental","0","1","Pseudo","3","0","0","m","trial","1080","1920","/Users/justina/Downloads/lexical_decision","180","325","337","1500","412","0","1500","1450","577","11","","10","1","legacy","xpyriment","10","1","n","317","0","20","25","12","50","12","50","50","50","bijk","9","200","3851","NA","3945","NA","NA","NA","1801","9801","3943","288184","287257","287256","1927","287838","1929","3943","9801","NA","NA","NA","NA","NA","8694","288156","287838","NA","287256","LexicalDecision"
"No","325","0","HF","25","experimental","0","1","HF","1","0","0","n","trial","1080","1920","/Users/justina/Downloads/lexical_decision","181","350","337","1500","412","0","350","325","556","110","","10","1","legacy","xpyriment","110","11","None","325","1","20","25","12","50","12","25","25","25","direct","9","200","3851","NA","3945","NA","NA","NA","1801","9801","3943","291238","290327","290326","1927","290886","1929","3943","9801","NA","NA","NA","NA","NA","8694","291211","290886","NA","290326","LexicalDecision"
"No","426","1","Pseudo","-50","experimental","0","1","Pseudo","3","1","1","m","trial","1080","1920","/Users/justina/Downloads/lexical_decision","182","350","337","1450","412","0","1450","1500","447","110","","101","1","legacy","xpyriment","101","10","m","426","0","20","25","12","50","12","50","50","50","pronder","9","200","3851","NA","3945","NA","NA","NA","1801","9801","3943","291238","293377","293376","1927","293827","1929","3943","9801","NA","NA","NA","NA","NA","8694","294254","293826","NA","293376","LexicalDecision"
"No","404","0","Pseudo","25","experimental","1","1","Pseudo","3","0","0","m","trial","1080","1920","/Users/justina/Downloads/lexical_decision","183","350","337","1475","412","0","1475","1450","467","110","","","1","legacy","xpyriment","","101","n","404","0","20","25","12","25","12","25","25","50","hawen","9","200","3851","NA","3945","NA","NA","NA","1801","9801","3943","295273","294369","294368","1927","294840","1929","3943","9801","NA","NA","NA","NA","NA","8694","295244","294840","NA","294367","LexicalDecision"
"No","350","0","HF","25","experimental","0","1","HF","1","0","0","n","trial","1080","1920","/Users/justina/Downloads/lexical_decision","184","375","337","1475","412","0","375","350","410","1100","","","1","legacy","xpyriment","1100","110","None","350","1","20","25","12","25","12","25","25","25","gedacht","9","200","3851","NA","3945","NA","NA","NA","1801","9801","3943","298206","297415","297414","1927","297828","1929","3943","9801","NA","NA","NA","NA","NA","8694","298178","297828","NA","297414","LexicalDecision"
"No","337","0","LF","12","experimental","0","1","LF","2","0","0","n","trial","1080","1920","/Users/justina/Downloads/lexical_decision","185","375","349","1475","412","0","349","337","553","1100","0","","1","legacy","xpyriment","0","","None","337","1","20","25","12","25","12","12","12","12","graadje","9","200","3851","NA","3945","NA","NA","NA","1801","9801","3943","301269","300349","300348","1927","300905","1929","3943","9801","NA","NA","NA","NA","NA","8694","301242","300905","NA","300348","LexicalDecision"
"No","375","0","HF","25","experimental","0","1","HF","1","0","0","n","trial","1080","1920","/Users/justina/Downloads/lexical_decision","186","400","349","1475","412","0","400","375","529","1000","0","","1","legacy","xpyriment","1000","1100","None","375","1","20","25","12","25","12","25","25","25","vandaag","9","200","3851","NA","3945","NA","NA","NA","1801","9801","3943","304342","303408","303407","1927","303940","1929","3943","9801","NA","NA","NA","NA","NA","8694","304315","303940","NA","303407","LexicalDecision"
"No","349","0","LF","12","experimental","0","1","LF","2","0","0","n","trial","1080","1920","/Users/justina/Downloads/lexical_decision","187","400","361","1475","412","0","361","349","512","1000","0","","1","legacy","xpyriment","00","0","None","349","1","20","25","12","25","12","12","12","12","stinker","9","200","3851","NA","3945","NA","NA","NA","1801","9801","3943","307372","306482","306481","1927","306995","1929","3943","9801","NA","NA","NA","NA","NA","8694","307344","306995","NA","306480","LexicalDecision"
"No","406","1","Random","-12","experimental","0","1","Random","4","1","1","m","trial","1080","1920","/Users/justina/Downloads/lexical_decision","188","400","361","1475","400","0","400","412","422","1000","0","","11","legacy","xpyriment","11","1","m","406","0","20","25","12","25","12","12","12","12","alfo'rs","9","200","3851","NA","3945","NA","NA","NA","1801","9801","3943","307372","309512","309512","1927","309938","1929","3943","9801","NA","NA","NA","NA","NA","8694","310344","309938","NA","309511","LexicalDecision"
"No","382","1","HF","-25","experimental","0","1","HF","1","1","1","n","trial","1080","1920","/Users/justina/Downloads/lexical_decision","189","375","361","1475","400","0","375","400","475","1","0","","11","legacy","xpyriment","0001","1000","n","382","0","20","25","12","25","12","25","25","25","voorjaar","9","200","3851","NA","3945","NA","NA","NA","1801","9801","3943","307372","310460","310459","1927","310938","1929","3943","9801","NA","NA","NA","NA","NA","8694","311321","310938","NA","310458","LexicalDecision"
"No","388","0","Random","12","experimental","0","1","Random","4","0","0","m","trial","1080","1920","/Users/justina/Downloads/lexical_decision","190","375","361","1475","412","0","412","400","546","1","0","","110","legacy","xpyriment","110","11","n","388","0","20","25","12","25","12","12","12","12","ezgreils","9","200","3851","NA","3945","NA","NA","NA","1801","9801","3943","312402","311437","311436","1927","311986","1929","3943","9801","NA","NA","NA","NA","NA","8694","312374","311986","NA","311435","LexicalDecision"
"No","361","0","LF","12","experimental","0","1","LF","2","0","0","n","trial","1080","1920","/Users/justina/Downloads/lexical_decision","191","375","373","1475","412","0","373","361","415","1","0","","110","legacy","xpyriment","00","0","None","361","1","20","25","12","25","12","12","12","12","mentors","9","200","3851","NA","3945","NA","NA","NA","1801","9801","3943","315350","314543","314542","1927","314961","1929","3943","9801","NA","NA","NA","NA","NA","8694","315322","314961","NA","314542","LexicalDecision"
"No","412","0","Random","12","experimental","0","1","Random","4","0","0","m","trial","1080","1920","/Users/justina/Downloads/lexical_decision","192","375","373","1475","424","0","424","412","568","1","0","","1100","legacy","xpyriment","1100","110","None","412","1","20","25","12","25","12","12","12","12","twrjeas","9","200","3851","NA","3945","NA","NA","NA","1801","9801","3943","318502","317491","317490","1927","318061","1929","3943","9801","NA","NA","NA","NA","NA","8694","318473","318061","NA","317490","LexicalDecision"
"No","422","1","Random","-12","experimental","0","1","Random","4","1","1","m","trial","1080","1920","/Users/justina/Downloads/lexical_decision","193","375","373","1475","412","0","412","424","416","1","0","","1001","legacy","xpyriment","1001","1100","m","422","0","20","25","12","25","12","12","12","12","jivl","9","200","3851","NA","3945","NA","NA","NA","1801","9801","3943","318502","320645","320644","1927","321064","1929","3943","9801","NA","NA","NA","NA","NA","8694","321487","321063","NA","320644","LexicalDecision"
"No","373","0","LF","12","experimental","0","1","LF","2","0","0","n","trial","1080","1920","/Users/justina/Downloads/lexical_decision","194","375","385","1475","412","0","385","373","457","1","0","","1001","legacy","xpyriment","00","0","None","373","1","20","25","12","25","12","12","12","12","soja","9","200","3851","NA","3945","NA","NA","NA","1801","9801","3943","322463","321602","321601","1927","322063","1929","3943","9801","NA","NA","NA","NA","NA","8694","322436","322063","NA","321601","LexicalDecision"
"No","301","1","Random","-12","experimental","0","1","Random","4","1","1","m","trial","1080","1920","/Users/justina/Downloads/lexical_decision","195","375","385","1475","400","0","400","412","592","1","0","","11","legacy","xpyriment","0011","1001","m","301","0","20","25","12","25","12","12","12","12","hlnseuc","9","200","3851","NA","3945","NA","NA","NA","1801","9801","3943","322463","324607","324606","1927","325202","1929","3943","9801","NA","NA","NA","NA","NA","8694","325504","325201","NA","324606","LexicalDecision"
"No","385","0","LF","12","experimental","0","1","LF","2","0","0","n","trial","1080","1920","/Users/justina/Downloads/lexical_decision","196","375","397","1475","400","0","397","385","416","1","0","","11","legacy","xpyriment","00","0","None","385","1","20","25","12","25","12","12","12","12","dijkjes","9","200","3851","NA","3945","NA","NA","NA","1801","9801","3943","326450","325619","325618","1927","326037","1929","3943","9801","NA","NA","NA","NA","NA","8694","326422","326037","NA","325617","LexicalDecision"
"No","375","0","HF","25","experimental","0","1","HF","1","0","0","n","trial","1080","1920","/Users/justina/Downloads/lexical_decision","197","400","397","1475","400","0","400","375","447","10","0","","11","legacy","xpyriment","10","1","None","375","1","20","25","12","25","12","25","25","25","helft","9","200","3851","NA","3945","NA","NA","NA","1801","9801","3943","329446","328593","328593","1927","329043","1929","3943","9801","NA","NA","NA","NA","NA","8694","329418","329043","NA","328592","LexicalDecision"
"No","459","0","Pseudo","25","experimental","0","1","Pseudo","3","0","0","m","trial","1080","1920","/Users/justina/Downloads/lexical_decision","198","400","397","1500","400","0","1500","1475","558","10","0","0","11","legacy","xpyriment","0","","n","459","0","20","25","12","25","12","25","25","25","denstig","9","200","3851","NA","3945","NA","NA","NA","1801","9801","3943","332642","331593","331592","1927","332154","1929","3943","9801","NA","NA","NA","NA","NA","8694","332614","332153","NA","331592","LexicalDecision"
"No","400","0","Random","12","experimental","0","1","Random","4","0","0","m","trial","1080","1920","/Users/justina/Downloads/lexical_decision","199","400","397","1500","412","0","412","400","537","10","0","0","110","legacy","xpyriment","110","11","None","400","1","20","25","12","25","12","12","12","12","bsireej","9","200","3851","NA","3945","NA","NA","NA","1801","9801","3943","335755","334787","334786","1927","335326","1929","3943","9801","NA","NA","NA","NA","NA","8694","335726","335326","NA","334786","LexicalDecision"
"No","397","0","LF","12","experimental","0","1","LF","2","0","0","n","trial","1080","1920","/Users/justina/Downloads/lexical_decision","200","400","409","1500","412","0","409","397","499","10","0","0","110","legacy","xpyriment","00","0","None","397","1","20","25","12","25","12","12","12","12","sletten","9","200","3851","NA","3945","NA","NA","NA","1801","9801","3943","338827","337899","337899","1927","338402","1929","3943","9801","NA","NA","NA","NA","NA","8694","338799","338401","NA","337898","LexicalDecision"
"No","397","0","ALL","12","experimental","0","1","HF","1","0","0","n","block_summary","1080","1920","/Users/justina/Downloads/lexical_decision","200","400","409","1500","412","0","409","397","499","10","0","0","110","legacy","xpyriment","00","0","None","397","1","20","25","12","25","12","12","12","12","wang","9","200","3851","NA","3945","NA","NA","NA","1801","9801","3943","338827","337899","337899","1927","338402","1929","3943","9801","NA","NA","NA","NA","NA","8694","338799","338401","NA","337898","LexicalDecision"
