"Practice","RT","accuracy","adaptive_category","adaptive_change","adaptive_phase","alternation_detected","block","cond","condition","correct","correct_keyboard_response","correct_response","data_row_type","display_height","display_width","experiment_path","experimental_trial_count","exposure_HF","exposure_LF","exposure_Pseudo","exposure_Random","exposure_floor_reached","exposure_time_after","exposure_time_before","fixation_dur","history_HF","history_LF","history_Pseudo","history_Random","keyboard_backend","mouse_backend","outcome_history_after","outcome_history_before","response_keyboard_response","response_time_keyboard_response","response_was_timeout","scaled_font_size","step_HF","step_LF","step_Pseudo","step_Random","step_size_after","step_size_applied","step_size_before","stimulus","subject_nr","testing_trial_limit","time_Experimental","time_Practice","time_block_start","time_end_of_block_trigger","time_end_of_experiment","time_end_of_practice_block_trigger","time_experiment","time_experimental_block","time_experimental_sequence","time_feedback","time_fixation","time_fixation_duration","time_generalpreps","time_keyboard_response","time_main_instructions","time_new_block","time_new_block_trigger","time_new_sketchpad","time_practice_block","time_practice_block_trigger","time_practice_sequence_1","time_practice_start","time_presstostart","time_response_trigger","time_stimulus","time_stimulus_trigger","time_trial_sequence","title"
"No","2000","0","Random","50","experimental","0","1","Random","4","0","0","m","trial","1080","1920","/Users/justina/Downloads/lexical_decision","1","2000","2000","2000","2050","0","2050","2000","416","","","","0","legacy","xpyriment","0","","None","2000","1","20","50","50","50","50","50","50","50","vliessej","5","200","4519","NA","4611","NA","NA","NA","1946","12634","4609","15175","12725","12723","2053","13145","2055","4610","12634","NA","NA","NA","NA","NA","6475","15145","13145","NA","12722","LexicalDecision"
"No","1113","1","LF","-50","experimental","0","1","LF","2","1","1","n","trial","1080","1920","/Users/justina/Downloads/lexical_decision","2","2000","1950","2000","2050","0","1950","2000","510","","1","","0","legacy","xpyriment","1","","n","1113","0","20","50","50","50","50","50","50","50","stafje","5","200","4519","NA","4611","NA","NA","NA","1946","12634","4609","15175","17353","17352","2053","17866","2055","4610","12634","NA","NA","NA","NA","NA","6475","18980","17866","NA","17352","LexicalDecision"
"No","919","1","LF","-50","experimental","0","1","LF","2","1","1","n","trial","1080","1920","/Users/justina/Downloads/lexical_decision","3","2000","1900","2000","2050","0","1900","1950","585","","11","","0","legacy","xpyriment","11","1","n","919","0","20","50","50","50","50","50","50","50","punk","5","200","4519","NA","4611","NA","NA","NA","1946","12634","4609","15175","19097","19096","2053","19684","2055","4610","12634","NA","NA","NA","NA","NA","6475","20604","19684","NA","19096","LexicalDecision"
"No","1505","0","LF","50","experimental","0","1","LF","2","0","0","n","trial","1080","1920","/Users/justina/Downloads/lexical_decision","4","2000","1950","2000","2050","0","1950","1900","416","","110","","0","legacy","xpyriment","110","11","m","1505","0","20","50","50","50","50","50","50","50","twijgje","5","200","4519","NA","4611","NA","NA","NA","1946","12634","4609","22675","20720","20720","2053","21140","2055","4610","12634","NA","NA","NA","NA","NA","6475","22646","21139","NA","20719","LexicalDecision"
"No","898","1","Random","-50","experimental","0","1","Random","4","1","1","m","trial","1080","1920","/Users/justina/Downloads/lexical_decision","5","2000","1950","2000","2000","0","2000","2050","467","","110","","1","legacy","xpyriment","01","0","m","898","0","20","50","50","50","50","50","50","50","upnoocs","5","200","4519","NA","4611","NA","NA","NA","1946","12634","4609","22675","24818","24817","2053","25287","2055","4610","12634","NA","NA","NA","NA","NA","6475","26185","25286","NA","24817","LexicalDecision"
"No","941","1","LF","-50","experimental","0","1","LF","2","1","1","n","trial","1080","1920","/Users/justina/Downloads/lexical_decision","6","2000","1900","2000","2000","0","1900","1950","471","","1101","","1","legacy","xpyriment","1101","110","n","941","0","20","50","50","50","50","50","50","50","cricket","5","200","4519","NA","4611","NA","NA","NA","1946","12634","4609","22675","26303","26302","2053","26778","2055","4610","12634","NA","NA","NA","NA","NA","6475","27720","26777","NA","26302","LexicalDecision"
"No","1192","1","Random","-50","experimental","0","1","Random","4","1","1","m","trial","1080","1920","/Users/justina/Downloads/lexical_decision","7","2000","1900","2000","1950","0","1950","2000","508","","1101","","11","legacy","xpyriment","11","1","m","1192","0","20","50","50","50","50","50","50","50","sgjkreoe","5","200","4519","NA","4611","NA","NA","NA","1946","12634","4609","22675","27836","27835","2053","28347","2055","4610","12634","NA","NA","NA","NA","NA","6475","29540","28346","NA","27835","LexicalDecision"
"No","880","1","Random","-50","experimental","0","1","Random","4","1","1","m","trial","1080","1920","/Users/justina/Downloads/lexical_decision","8","2000","1900","2000","1900","0","1900","1950","471","","1101","","111","legacy","xpyriment","111","11","m","880","0","20","50","50","50","50","50","50","50","sa'ammg","5","200","4519","NA","4611","NA","NA","NA","1946","12634","4609","22675","29658","29657","2053","30132","2055","4610","12634","NA","NA","NA","NA","NA","6475","31013","30131","NA","29657","LexicalDecision"
"No","821","1","LF","-50","experimental","0","1","LF","2","1","1","n","trial","1080","1920","/Users/justina/Downloads/lexical_decision","9","2000","1850","2000","1900","0","1850","1900","404","","1011","","111","legacy","xpyriment","1011","1101","n","821","0","20","50","50","50","50","50","50","50","trollen","5","200","4519","NA","4611","NA","NA","NA","1946","12634","4609","22675","31137","31136","2053","31544","2055","4610","12634","NA","NA","NA","NA","NA","6475","32366","31544","NA","31136","LexicalDecision"
"No","1002","1","Random","-50","experimental","0","1","Random","4","1","1","m","trial","1080","1920","/Users/justina/Downloads/lexical_decision","10","2000","1850","2000","1850","0","1850","1900","593","","1011","","1111","legacy","xpyriment","1111","111","m","1002","0","20","50","50","50","50","50","50","50","neoornhe","5","200","4519","NA","4611","NA","NA","NA","1946","12634","4609","22675","32483","32482","2053","33080","2055","4610","12634","NA","NA","NA","NA","NA","6475","34083","33080","NA","32482","LexicalDecision"
"No","858","1","HF","-50","experimental","0","1","HF","1","1","1","n","trial","1080","1920","/Users/justina/Downloads/lexical_decision","11","1950","1850","2000","1850","0","1950","2000","575","1","1011","","1111","legacy","xpyriment","1","","n","858","0","20","50","50","50","50","50","50","50","grond","5","200","4519","NA","4611","NA","NA","NA","1946","12634","4609","22675","34201","34200","2053","34779","2055","4610","12634","NA","NA","NA","NA","NA","6475","35638","34778","NA","34200","LexicalDecision"
"No","1118","1","HF","-50","experimental","0","1","HF","1","1","1","n","trial","1080","1920","/Users/justina/Downloads/lexical_decision","12","1900","1850","2000","1850","0","1900","1950","583","11","1011","","1111","legacy","xpyriment","11","1","n","1118","0","20","50","50","50","50","50","50","50","gasten","5","200","4519","NA","4611","NA","NA","NA","1946","12634","4609","22675","35754","35753","2053","36340","2055","4610","12634","NA","NA","NA","NA","NA","6475","37459","36340","NA","35753","LexicalDecision"
"No","954","0","LF","50","experimental","0","1","LF","2","0","0","n","trial","1080","1920","/Users/justina/Downloads/lexical_decision","13","1900","1900","2000","1850","0","1900","1850","499","11","110","","1111","legacy","xpyriment","0110","1011","m","954","0","20","50","50","50","50","50","50","50","stroppen","5","200","4519","NA","4611","NA","NA","NA","1946","12634","4609","39065","37581","37580","2053","38082","2055","4610","12634","NA","NA","NA","NA","NA","6475","39037","38081","NA","37580","LexicalDecision"
"No","762","1","LF","-50","experimental","0","1","LF","2","1","1","n","trial","1080","1920","/Users/justina/Downloads/lexical_decision","14","1900","1850","2000","1850","0","1850","1900","462","11","1101","","1111","legacy","xpyriment","1101","110","n","762","0","20","50","50","50","50","50","50","50","wormpje","5","200","4519","NA","4611","NA","NA","NA","1946","12634","4609","39065","41210","41209","2053","41674","2055","4610","12634","NA","NA","NA","NA","NA","6475","42437","41674","NA","41209","LexicalDecision"
"No","1073","1","LF","-50","experimental","0","1","LF","2","1","1","n","trial","1080","1920","/Users/justina/Downloads/lexical_decision","15","1900","1800","2000","1850","0","1800","1850","428","11","1011","","1111","legacy","xpyriment","1011","1101","n","1073","0","20","50","50","50","50","50","50","50","blondjes","5","200","4519","NA","4611","NA","NA","NA","1946","12634","4609","39065","42552","42551","2053","42982","2055","4610","12634","NA","NA","NA","NA","NA","6475","44055","42982","NA","42551","LexicalDecision"
"No","850","1","LF","-50","experimental","0","1","LF","2","1","1","n","trial","1080","1920","/Users/justina/Downloads/lexical_decision","16","1900","1750","2000","1850","0","1750","1800","529","11","111","","1111","legacy","xpyriment","0111","1011","n","850","0","20","50","50","50","50","50","50","50","item","5","200","4519","NA","4611","NA","NA","NA","1946","12634","4609","39065","44173","44172","2053","44706","2055","4610","12634","NA","NA","NA","NA","NA","6475","45557","44706","NA","44172","LexicalDecision"
"No","1027","1","Random","-50","experimental","0","1","Random","4","1","1","m","trial","1080","1920","/Users/justina/Downloads/lexical_decision","17","1900","1750","2000","1800","0","1800","1850","526","11","111","","1111","legacy","xpyriment","1111","1111","m","1027","0","20","50","50","50","50","50","50","50","olok","5","200","4519","NA","4611","NA","NA","NA","1946","12634","4609","39065","45679","45678","2053","46208","2055","4610","12634","NA","NA","NA","NA","NA","6475","47235","46208","NA","45678","LexicalDecision"
"No","694","0","Random","50","experimental","0","1","Random","4","0","0","m","trial","1080","1920","/Users/justina/Downloads/lexical_decision","18","1900","1750","2000","1850","0","1850","1800","510","11","111","","1110","legacy","xpyriment","1110","1111","n","694","0","20","50","50","50","50","50","50","50","lignwob","5","200","4519","NA","4611","NA","NA","NA","1946","12634","4609","48591","47356","47353","2053","47868","2055","4610","12634","NA","NA","NA","NA","NA","6475","48562","47868","NA","47353","LexicalDecision"
"No","1023","1","Pseudo","-50","experimental","0","1","Pseudo","3","1","1","m","trial","1080","1920","/Users/justina/Downloads/lexical_decision","19","1900","1750","1950","1850","0","1950","2000","543","11","111","1","1110","legacy","xpyriment","1","","m","1023","0","20","50","50","50","50","50","50","50","chif","5","200","4519","NA","4611","NA","NA","NA","1946","12634","4609","48591","50732","50731","2053","51278","2055","4610","12634","NA","NA","NA","NA","NA","6475","52301","51278","NA","50731","LexicalDecision"
"No","782","1","HF","-50","experimental","0","1","HF","1","1","1","n","trial","1080","1920","/Users/justina/Downloads/lexical_decision","20","1850","1750","1950","1850","0","1850","1900","444","111","111","1","1110","legacy","xpyriment","111","11","n","782","0","20","50","50","50","50","50","50","50","blijken","5","200","4519","NA","4611","NA","NA","NA","1946","12634","4609","48591","52423","52422","2053","52870","2055","4610","12634","NA","NA","NA","NA","NA","6475","53652","52870","NA","52422","LexicalDecision"
"No","1087","0","Random","50","experimental","0","1","Random","4","0","0","m","trial","1080","1920","/Users/justina/Downloads/lexical_decision","21","1850","1750","1950","1900","0","1900","1850","475","111","111","1","1100","legacy","xpyriment","1100","1110","n","1087","0","20","50","50","50","50","50","50","50","ltejeiw","5","200","4519","NA","4611","NA","NA","NA","1946","12634","4609","55363","53769","53768","2053","54247","2055","4610","12634","NA","NA","NA","NA","NA","6475","55334","54247","NA","53768","LexicalDecision"
"No","672","1","Pseudo","-50","experimental","0","1","Pseudo","3","1","1","m","trial","1080","1920","/Users/justina/Downloads/lexical_decision","22","1850","1750","1900","1900","0","1900","1950","506","111","111","11","1100","legacy","xpyriment","11","1","m","672","0","20","50","50","50","50","50","50","50","anver","5","200","4519","NA","4611","NA","NA","NA","1946","12634","4609","55363","57501","57500","2053","58010","2055","4610","12634","NA","NA","NA","NA","NA","6475","58682","58010","NA","57500","LexicalDecision"
"No","666","1","HF","-50","experimental","0","1","HF","1","1","1","n","trial","1080","1920","/Users/justina/Downloads/lexical_decision","23","1800","1750","1900","1900","0","1800","1850","535","1111","111","11","1100","legacy","xpyriment","1111","111","n","666","0","20","50","50","50","50","50","50","50","slaap","5","200","4519","NA","4611","NA","NA","NA","1946","12634","4609","55363","58797","58796","2053","59336","2055","4610","12634","NA","NA","NA","NA","NA","6475","60003","59335","NA","58796","LexicalDecision"
"No","852","1","LF","-50","experimental","0","1","LF","2","1","1","n","trial","1080","1920","/Users/justina/Downloads/lexical_decision","24","1800","1700","1900","1900","0","1700","1750","403","1111","1111","11","1100","legacy","xpyriment","1111","111","n","852","0","20","50","50","50","50","50","50","50","vliegjes","5","200","4519","NA","4611","NA","NA","NA","1946","12634","4609","55363","60119","60118","2053","60526","2055","4610","12634","NA","NA","NA","NA","NA","6475","61378","60526","NA","60118","LexicalDecision"
"No","658","1","LF","-50","experimental","0","1","LF","2","1","1","n","trial","1080","1920","/Users/justina/Downloads/lexical_decision","25","1800","1650","1900","1900","0","1650","1700","420","1111","1111","11","1100","legacy","xpyriment","1111","1111","n","658","0","20","50","50","50","50","50","50","50","knikjes","5","200","4519","NA","4611","NA","NA","NA","1946","12634","4609","55363","61501","61500","2053","61925","2055","4610","12634","NA","NA","NA","NA","NA","6475","62584","61925","NA","61500","LexicalDecision"
"No","795","0","Pseudo","50","experimental","0","1","Pseudo","3","0","0","m","trial","1080","1920","/Users/justina/Downloads/lexical_decision","26","1800","1650","1950","1900","0","1950","1900","396","1111","1111","110","1100","legacy","xpyriment","110","11","n","795","0","20","50","50","50","50","50","50","50","gien","5","200","4519","NA","4611","NA","NA","NA","1946","12634","4609","63923","62698","62697","2053","63098","2055","4610","12634","NA","NA","NA","NA","NA","6475","63894","63098","NA","62697","LexicalDecision"
"No","714","1","HF","-50","experimental","0","1","HF","1","1","1","n","trial","1080","1920","/Users/justina/Downloads/lexical_decision","27","1750","1650","1950","1900","0","1750","1800","454","1111","1111","110","1100","legacy","xpyriment","1111","1111","n","714","0","20","50","50","50","50","50","50","50","gewend","5","200","4519","NA","4611","NA","NA","NA","1946","12634","4609","63923","66068","66067","2053","66525","2055","4610","12634","NA","NA","NA","NA","NA","6475","67240","66525","NA","66067","LexicalDecision"
"No","1010","0","HF","50","experimental","0","1","HF","1","0","0","n","trial","1080","1920","/Users/justina/Downloads/lexical_decision","28","1800","1650","1950","1900","0","1800","1750","535","1110","1111","110","1100","legacy","xpyriment","1110","1111","m","1010","0","20","50","50","50","50","50","50","50","komst","5","200","4519","NA","4611","NA","NA","NA","1946","12634","4609","68933","67357","67356","2053","67894","2055","4610","12634","NA","NA","NA","NA","NA","6475","68905","67894","NA","67356","LexicalDecision"
"No","985","0","Random","50","experimental","0","1","Random","4","0","0","m","trial","1080","1920","/Users/justina/Downloads/lexical_decision","29","1800","1650","1950","1950","0","1950","1900","567","1110","1111","110","1000","legacy","xpyriment","1000","1100","n","985","0","20","50","50","50","50","50","50","50","rvwesie","5","200","4519","NA","4611","NA","NA","NA","1946","12634","4609","72665","71078","71077","2053","71648","2055","4610","12634","NA","NA","NA","NA","NA","6475","72634","71647","NA","71077","LexicalDecision"
"No","929","0","LF","50","experimental","0","1","LF","2","0","0","n","trial","1080","1920","/Users/justina/Downloads/lexical_decision","30","1800","1700","1950","1950","0","1700","1650","440","1110","1110","110","1000","legacy","xpyriment","1110","1111","m","929","0","20","50","50","50","50","50","50","50","kuddes","5","200","4519","NA","4611","NA","NA","NA","1946","12634","4609","76216","74815","74814","2053","75258","2055","4610","12634","NA","NA","NA","NA","NA","6475","76188","75257","NA","74814","LexicalDecision"
"No","705","0","Pseudo","50","experimental","0","1","Pseudo","3","0","0","m","trial","1080","1920","/Users/justina/Downloads/lexical_decision","31","1800","1700","2000","1950","0","2000","1950","427","1110","1110","1100","1000","legacy","xpyriment","1100","110","n","705","0","20","50","50","50","50","50","50","50","dute","5","200","4519","NA","4611","NA","NA","NA","1946","12634","4609","79522","78354","78353","2053","78785","2055","4610","12634","NA","NA","NA","NA","NA","6475","79491","78784","NA","78353","LexicalDecision"
"No","574","0","HF","50","experimental","0","1","HF","1","0","0","n","trial","1080","1920","/Users/justina/Downloads/lexical_decision","32","1850","1700","2000","1950","0","1850","1800","465","1100","1110","1100","1000","legacy","xpyriment","1100","1110","m","574","0","20","50","50","50","50","50","50","50","moesten","5","200","4519","NA","4611","NA","NA","NA","1946","12634","4609","82742","81671","81670","2053","82139","2055","4610","12634","NA","NA","NA","NA","NA","6475","82714","82139","NA","81670","LexicalDecision"
"No","538","0","Pseudo","50","experimental","0","1","Pseudo","3","0","0","m","trial","1080","1920","/Users/justina/Downloads/lexical_decision","33","1850","1700","2050","1950","0","2050","2000","548","1100","1110","1000","1000","legacy","xpyriment","1000","1100","n","538","0","20","50","50","50","50","50","50","50","slaren","5","200","4519","NA","4611","NA","NA","NA","1946","12634","4609","86035","84916","84915","2053","85466","2055","4610","12634","NA","NA","NA","NA","NA","6475","86005","85466","NA","84915","LexicalDecision"
"No","610","0","LF","50","experimental","0","1","LF","2","0","0","n","trial","1080","1920","/Users/justina/Downloads/lexical_decision","34","1850","1750","2050","1950","0","1750","1700","590","1100","1100","1000","1000","legacy","xpyriment","1100","1110","m","610","0","20","50","50","50","50","50","50","50","factors","5","200","4519","NA","4611","NA","NA","NA","1946","12634","4609","89419","88186","88177","2053","88780","2055","4610","12634","NA","NA","NA","NA","NA","6475","89390","88780","NA","88177","LexicalDecision"
"No","778","0","Random","50","experimental","0","1","Random","4","0","0","m","trial","1080","1920","/Users/justina/Downloads/lexical_decision","35","1850","1750","2050","2000","0","2000","1950","510","1100","1100","1000","0","legacy","xpyriment","0000","1000","n","778","0","20","50","50","50","50","50","50","50","simgkons","5","200","4519","NA","4611","NA","NA","NA","1946","12634","4609","92929","91607","91605","2053","92120","2055","4610","12634","NA","NA","NA","NA","NA","6475","92899","92120","NA","91605","LexicalDecision"
"No","783","1","Random","-50","experimental","0","1","Random","4","1","1","m","trial","1080","1920","/Users/justina/Downloads/lexical_decision","36","1850","1750","2050","1950","0","1950","2000","464","1100","1100","1000","1","legacy","xpyriment","01","0","m","783","0","20","50","50","50","50","50","50","50","estlels","5","200","4519","NA","4611","NA","NA","NA","1946","12634","4609","92929","95074","95073","2053","95540","2055","4610","12634","NA","NA","NA","NA","NA","6475","96323","95539","NA","95073","LexicalDecision"
"No","728","1","LF","-50","experimental","0","1","LF","2","1","1","n","trial","1080","1920","/Users/justina/Downloads/lexical_decision","37","1850","1700","2050","1950","0","1700","1750","580","1100","1001","1000","1","legacy","xpyriment","1001","1100","n","728","0","20","50","50","50","50","50","50","50","geurtjes","5","200","4519","NA","4611","NA","NA","NA","1946","12634","4609","92929","96438","96437","2053","97022","2055","4610","12634","NA","NA","NA","NA","NA","6475","97750","97021","NA","96437","LexicalDecision"
"No","1220","1","LF","-50","experimental","0","1","LF","2","1","1","n","trial","1080","1920","/Users/justina/Downloads/lexical_decision","38","1850","1650","2050","1950","0","1650","1700","528","1100","11","1000","1","legacy","xpyriment","0011","1001","n","1220","0","20","50","50","50","50","50","50","50","raciaal","5","200","4519","NA","4611","NA","NA","NA","1946","12634","4609","92929","97865","97864","2053","98397","2055","4610","12634","NA","NA","NA","NA","NA","6475","99618","98397","NA","97864","LexicalDecision"
"No","987","0","Random","50","experimental","0","1","Random","4","0","0","m","trial","1080","1920","/Users/justina/Downloads/lexical_decision","39","1850","1650","2050","2000","0","2000","1950","536","1100","11","1000","10","legacy","xpyriment","10","1","n","987","0","20","50","50","50","50","50","50","50","tijesgwj","5","200","4519","NA","4611","NA","NA","NA","1946","12634","4609","101289","99734","99733","2053","100273","2055","4610","12634","NA","NA","NA","NA","NA","6475","101260","100272","NA","99733","LexicalDecision"
"No","855","1","LF","-50","experimental","0","1","LF","2","1","1","n","trial","1080","1920","/Users/justina/Downloads/lexical_decision","40","1850","1600","2050","2000","0","1600","1650","469","1100","111","1000","10","legacy","xpyriment","111","11","n","855","0","20","50","50","50","50","50","50","50","peddel","5","200","4519","NA","4611","NA","NA","NA","1946","12634","4609","101289","103431","103430","2053","103903","2055","4610","12634","NA","NA","NA","NA","NA","6475","104759","103903","NA","103430","LexicalDecision"
"No","1000","1","LF","-50","experimental","0","1","LF","2","1","1","n","trial","1080","1920","/Users/justina/Downloads/lexical_decision","41","1850","1550","2050","2000","0","1550","1600","554","1100","1111","1000","10","legacy","xpyriment","1111","111","n","1000","0","20","50","50","50","50","50","50","50","spaties","5","200","4519","NA","4611","NA","NA","NA","1946","12634","4609","101289","104874","104873","2053","105432","2055","4610","12634","NA","NA","NA","NA","NA","6475","106432","105431","NA","104873","LexicalDecision"
"No","842","0","Pseudo","50","experimental","0","1","Pseudo","3","0","0","m","trial","1080","1920","/Users/justina/Downloads/lexical_decision","42","1850","1550","2100","2000","0","2100","2050","409","1100","1111","0","10","legacy","xpyriment","0000","1000","n","842","0","20","50","50","50","50","50","50","50","poede","5","200","4519","NA","4611","NA","NA","NA","1946","12634","4609","107835","106550","106549","2053","106963","2055","4610","12634","NA","NA","NA","NA","NA","6475","107806","106963","NA","106549","LexicalDecision"
"No","713","1","LF","-50","experimental","0","1","LF","2","1","1","n","trial","1080","1920","/Users/justina/Downloads/lexical_decision","43","1850","1500","2100","2000","0","1500","1550","425","1100","1111","0","10","legacy","xpyriment","1111","1111","n","713","0","20","50","50","50","50","50","50","50","framboos","5","200","4519","NA","4611","NA","NA","NA","1946","12634","4609","107835","109974","109973","2053","110401","2055","4610","12634","NA","NA","NA","NA","NA","6475","111115","110401","NA","109973","LexicalDecision"
"No","966","1","Pseudo","-50","experimental","0","1","Pseudo","3","1","1","m","trial","1080","1920","/Users/justina/Downloads/lexical_decision","44","1850","1500","2050","2000","0","2050","2100","404","1100","1111","1","10","legacy","xpyriment","01","0","m","966","0","20","50","50","50","50","50","50","50","mormden","5","200","4519","NA","4611","NA","NA","NA","1946","12634","4609","107835","111230","111229","2053","111637","2055","4610","12634","NA","NA","NA","NA","NA","6475","112604","111637","NA","111228","LexicalDecision"
"No","698","0","Pseudo","50","experimental","0","1","Pseudo","3","0","0","m","trial","1080","1920","/Users/justina/Downloads/lexical_decision","45","1850","1500","2100","2000","0","2100","2050","518","1100","1111","10","10","legacy","xpyriment","10","1","n","698","0","20","50","50","50","50","50","50","50","bebijk","5","200","4519","NA","4611","NA","NA","NA","1946","12634","4609","113967","112718","112718","2053","113240","2055","4610","12634","NA","NA","NA","NA","NA","6475","113939","113240","NA","112717","LexicalDecision"
"No","556","1","Random","-50","experimental","0","1","Random","4","1","1","m","trial","1080","1920","/Users/justina/Downloads/lexical_decision","46","1850","1500","2100","1950","0","1950","2000","567","1100","1111","10","101","legacy","xpyriment","101","10","m","556","0","20","50","50","50","50","50","50","50","tntijere","5","200","4519","NA","4611","NA","NA","NA","1946","12634","4609","113967","116110","116109","2053","116681","2055","4610","12634","NA","NA","NA","NA","NA","6475","117238","116681","NA","116109","LexicalDecision"
"No","740","1","LF","-50","experimental","0","1","LF","2","1","1","n","trial","1080","1920","/Users/justina/Downloads/lexical_decision","47","1850","1450","2100","1950","0","1450","1500","397","1100","1111","10","101","legacy","xpyriment","1111","1111","n","740","0","20","50","50","50","50","50","50","50","augurk","5","200","4519","NA","4611","NA","NA","NA","1946","12634","4609","113967","117354","117353","2053","117755","2055","4610","12634","NA","NA","NA","NA","NA","6475","118496","117755","NA","117353","LexicalDecision"
"No","679","0","Pseudo","50","experimental","0","1","Pseudo","3","0","0","m","trial","1080","1920","/Users/justina/Downloads/lexical_decision","48","1850","1450","2150","1950","0","2150","2100","428","1100","1111","100","101","legacy","xpyriment","100","10","n","679","0","20","50","50","50","50","50","50","50","klarten","5","200","4519","NA","4611","NA","NA","NA","1946","12634","4609","119750","118611","118610","2053","119042","2055","4610","12634","NA","NA","NA","NA","NA","6475","119722","119042","NA","118610","LexicalDecision"
"No","799","1","Pseudo","-50","experimental","0","1","Pseudo","3","1","1","m","trial","1080","1920","/Users/justina/Downloads/lexical_decision","49","1850","1450","2100","1950","0","2100","2150","587","1100","1111","1001","101","legacy","xpyriment","1001","100","m","799","0","20","50","50","50","50","50","50","50","scappen","5","200","4519","NA","4611","NA","NA","NA","1946","12634","4609","119750","121902","121901","2053","122492","2055","4610","12634","NA","NA","NA","NA","NA","6475","123291","122492","NA","121901","LexicalDecision"
"No","1212","0","Pseudo","50","experimental","0","1","Pseudo","3","0","0","m","trial","1080","1920","/Users/justina/Downloads/lexical_decision","50","1850","1450","2150","1950","0","2150","2100","543","1100","1111","10","101","legacy","xpyriment","0010","1001","n","1212","0","20","50","50","50","50","50","50","50","molf","5","200","4519","NA","4611","NA","NA","NA","1946","12634","4609","125198","123410","123409","2053","123956","2055","4610","12634","NA","NA","NA","NA","NA","6475","125168","123956","NA","123409","LexicalDecision"
"No","602","1","Random","-50","experimental","0","1","Random","4","1","1","m","trial","1080","1920","/Users/justina/Downloads/lexical_decision","51","1850","1450","2150","1900","0","1900","1950","479","1100","1111","10","1011","legacy","xpyriment","1011","101","m","602","0","20","50","50","50","50","50","50","50","oasj","5","200","4519","NA","4611","NA","NA","NA","1946","12634","4609","125198","127342","127341","2053","127823","2055","4610","12634","NA","NA","NA","NA","NA","6475","128425","127823","NA","127341","LexicalDecision"
"No","653","0","Pseudo","50","experimental","0","1","Pseudo","3","0","0","m","trial","1080","1920","/Users/justina/Downloads/lexical_decision","52","1850","1450","2200","1900","0","2200","2150","586","1100","1111","100","1011","legacy","xpyriment","100","10","n","653","0","20","50","50","50","50","50","50","50","dwals","5","200","4519","NA","4611","NA","NA","NA","1946","12634","4609","129810","128541","128540","2053","129129","2055","4610","12634","NA","NA","NA","NA","NA","6475","129782","129128","NA","128540","LexicalDecision"
"No","472","0","LF","50","experimental","0","1","LF","2","0","0","n","trial","1080","1920","/Users/justina/Downloads/lexical_decision","53","1850","1500","2200","1900","0","1500","1450","592","1100","1110","100","1011","legacy","xpyriment","1110","1111","m","472","0","20","50","50","50","50","50","50","50","diefje","5","200","4519","NA","4611","NA","NA","NA","1946","12634","4609","133202","131952","131951","2053","132549","2055","4610","12634","NA","NA","NA","NA","NA","6475","133025","132549","NA","131951","LexicalDecision"
"No","705","0","Pseudo","50","experimental","0","1","Pseudo","3","0","0","m","trial","1080","1920","/Users/justina/Downloads/lexical_decision","54","1850","1500","2250","1900","0","2250","2200","412","1100","1110","1000","1011","legacy","xpyriment","1000","100","n","705","0","20","50","50","50","50","50","50","50","blijs","5","200","4519","NA","4611","NA","NA","NA","1946","12634","4609","136490","135342","135341","2053","135756","2055","4610","12634","NA","NA","NA","NA","NA","6475","136462","135756","NA","135341","LexicalDecision"
"No","551","1","Random","-50","experimental","0","1","Random","4","1","1","m","trial","1080","1920","/Users/justina/Downloads/lexical_decision","55","1850","1500","2250","1850","0","1850","1900","522","1100","1110","1000","111","legacy","xpyriment","0111","1011","m","551","0","20","50","50","50","50","50","50","50","ossrbek","5","200","4519","NA","4611","NA","NA","NA","1946","12634","4609","136490","138630","138629","2053","139154","2055","4610","12634","NA","NA","NA","NA","NA","6475","139705","139154","NA","138629","LexicalDecision"
"No","663","1","LF","-50","experimental","0","1","LF","2","1","1","n","trial","1080","1920","/Users/justina/Downloads/lexical_decision","56","1850","1450","2250","1850","0","1450","1500","420","1100","1101","1000","111","legacy","xpyriment","1101","1110","n","663","0","20","50","50","50","50","50","50","50","lassers","5","200","4519","NA","4611","NA","NA","NA","1946","12634","4609","136490","139820","139819","2053","140244","2055","4610","12634","NA","NA","NA","NA","NA","6475","140908","140244","NA","139819","LexicalDecision"
"No","592","0","Pseudo","50","experimental","0","1","Pseudo","3","0","0","m","trial","1080","1920","/Users/justina/Downloads/lexical_decision","57","1850","1450","2300","1850","0","2300","2250","430","1100","1101","0","111","legacy","xpyriment","0000","1000","n","592","0","20","50","50","50","50","50","50","50","haadt","5","200","4519","NA","4611","NA","NA","NA","1946","12634","4609","142076","141024","141023","2053","141456","2055","4610","12634","NA","NA","NA","NA","NA","6475","142048","141456","NA","141022","LexicalDecision"
"No","739","1","LF","-50","experimental","0","1","LF","2","1","1","n","trial","1080","1920","/Users/justina/Downloads/lexical_decision","58","1850","1400","2300","1850","0","1400","1450","439","1100","1011","0","111","legacy","xpyriment","1011","1101","n","739","0","20","50","50","50","50","50","50","50","esdoorn","5","200","4519","NA","4611","NA","NA","NA","1946","12634","4609","142076","144229","144228","2053","144671","2055","4610","12634","NA","NA","NA","NA","NA","6475","145411","144671","NA","144228","LexicalDecision"
"No","1814","1","HF","-50","experimental","0","1","HF","1","1","1","n","trial","1080","1920","/Users/justina/Downloads/lexical_decision","59","1800","1400","2300","1850","0","1800","1850","447","1001","1011","0","111","legacy","xpyriment","1001","1100","n","1814","0","20","50","50","50","50","50","50","50","keus","5","200","4519","NA","4611","NA","NA","NA","1946","12634","4609","142076","145535","145535","2053","145985","2055","4610","12634","NA","NA","NA","NA","NA","6475","147800","145985","NA","145534","LexicalDecision"
"No","675","1","Random","-50","experimental","0","1","Random","4","1","1","m","trial","1080","1920","/Users/justina/Downloads/lexical_decision","60","1800","1400","2300","1800","0","1800","1850","560","1001","1011","0","1111","legacy","xpyriment","1111","111","m","675","0","20","50","50","50","50","50","50","50","rioeer","5","200","4519","NA","4611","NA","NA","NA","1946","12634","4609","142076","147916","147915","2053","148479","2055","4610","12634","NA","NA","NA","NA","NA","6475","149155","148479","NA","147915","LexicalDecision"
"No","762","1","HF","-50","experimental","0","1","HF","1","1","1","n","trial","1080","1920","/Users/justina/Downloads/lexical_decision","61","1750","1400","2300","1800","0","1750","1800","585","11","1011","0","1111","legacy","xpyriment","0011","1001","n","762","0","20","50","50","50","50","50","50","50","haalt","5","200","4519","NA","4611","NA","NA","NA","1946","12634","4609","142076","149270","149269","2053","149857","2055","4610","12634","NA","NA","NA","NA","NA","6475","150620","149857","NA","149269","LexicalDecision"
"No","727","0","Pseudo","50","experimental","0","1","Pseudo","3","0","0","m","trial","1080","1920","/Users/justina/Downloads/lexical_decision","62","1750","1400","2350","1800","0","2350","2300","423","11","1011","0","1111","legacy","xpyriment","00","0","n","727","0","20","50","50","50","50","50","50","50","goolde","5","200","4519","NA","4611","NA","NA","NA","1946","12634","4609","151921","150736","150735","2053","151164","2055","4610","12634","NA","NA","NA","NA","NA","6475","151892","151163","NA","150735","LexicalDecision"
"No","508","1","Random","-50","experimental","0","1","Random","4","1","1","m","trial","1080","1920","/Users/justina/Downloads/lexical_decision","63","1750","1400","2350","1750","0","1750","1800","491","11","1011","0","1111","legacy","xpyriment","1111","1111","m","508","0","20","50","50","50","50","50","50","50","iejfde","5","200","4519","NA","4611","NA","NA","NA","1946","12634","4609","151921","154073","154072","2053","154567","2055","4610","12634","NA","NA","NA","NA","NA","6475","155076","154567","NA","154072","LexicalDecision"
"No","601","1","HF","-50","experimental","0","1","HF","1","1","1","n","trial","1080","1920","/Users/justina/Downloads/lexical_decision","64","1700","1400","2350","1750","0","1700","1750","537","111","1011","0","1111","legacy","xpyriment","111","11","n","601","0","20","50","50","50","50","50","50","50","schrik","5","200","4519","NA","4611","NA","NA","NA","1946","12634","4609","151921","155191","155190","2053","155730","2055","4610","12634","NA","NA","NA","NA","NA","6475","156332","155730","NA","155190","LexicalDecision"
"No","700","1","HF","-50","experimental","0","1","HF","1","1","1","n","trial","1080","1920","/Users/justina/Downloads/lexical_decision","65","1650","1400","2350","1750","0","1650","1700","449","1111","1011","0","1111","legacy","xpyriment","1111","111","n","700","0","20","50","50","50","50","50","50","50","strijd","5","200","4519","NA","4611","NA","NA","NA","1946","12634","4609","151921","156448","156447","2053","156899","2055","4610","12634","NA","NA","NA","NA","NA","6475","157600","156899","NA","156447","LexicalDecision"
"No","691","0","Pseudo","50","experimental","0","1","Pseudo","3","0","0","m","trial","1080","1920","/Users/justina/Downloads/lexical_decision","66","1650","1400","2400","1750","0","2400","2350","423","1111","1011","0","1111","legacy","xpyriment","00","0","n","691","0","20","50","50","50","50","50","50","50","kleken","5","200","4519","NA","4611","NA","NA","NA","1946","12634","4609","158862","157715","157714","2053","158142","2055","4610","12634","NA","NA","NA","NA","NA","6475","158834","158142","NA","157714","LexicalDecision"
"No","1106","1","Pseudo","-50","experimental","0","1","Pseudo","3","1","1","m","trial","1080","1920","/Users/justina/Downloads/lexical_decision","67","1650","1400","2350","1750","0","2350","2400","398","1111","1011","1","1111","legacy","xpyriment","01","0","m","1106","0","20","50","50","50","50","50","50","50","aankeen","5","200","4519","NA","4611","NA","NA","NA","1946","12634","4609","158862","161007","161006","2053","161407","2055","4610","12634","NA","NA","NA","NA","NA","6475","162513","161407","NA","161006","LexicalDecision"
"No","716","1","HF","-50","experimental","0","1","HF","1","1","1","n","trial","1080","1920","/Users/justina/Downloads/lexical_decision","68","1600","1400","2350","1750","0","1600","1650","587","1111","1011","1","1111","legacy","xpyriment","1111","1111","n","716","0","20","50","50","50","50","50","50","50","konden","5","200","4519","NA","4611","NA","NA","NA","1946","12634","4609","158862","162630","162629","2053","163221","2055","4610","12634","NA","NA","NA","NA","NA","6475","163938","163221","NA","162629","LexicalDecision"
"No","804","0","Random","50","experimental","0","1","Random","4","0","0","m","trial","1080","1920","/Users/justina/Downloads/lexical_decision","69","1600","1400","2350","1800","0","1800","1750","478","1111","1011","1","1110","legacy","xpyriment","1110","1111","n","804","0","20","50","50","50","50","50","50","50","uodj","5","200","4519","NA","4611","NA","NA","NA","1946","12634","4609","165367","164054","164053","2053","164534","2055","4610","12634","NA","NA","NA","NA","NA","6475","165339","164534","NA","164053","LexicalDecision"
"No","829","0","Pseudo","50","experimental","0","1","Pseudo","3","0","0","m","trial","1080","1920","/Users/justina/Downloads/lexical_decision","70","1600","1400","2400","1800","0","2400","2350","534","1111","1011","10","1110","legacy","xpyriment","10","1","n","829","0","20","50","50","50","50","50","50","50","damer","5","200","4519","NA","4611","NA","NA","NA","1946","12634","4609","168903","167508","167507","2053","168044","2055","4610","12634","NA","NA","NA","NA","NA","6475","168874","168044","NA","167507","LexicalDecision"
"No","704","0","LF","50","experimental","0","1","LF","2","0","0","n","trial","1080","1920","/Users/justina/Downloads/lexical_decision","71","1600","1450","2400","1800","0","1450","1400","517","1111","110","10","1110","legacy","xpyriment","0110","1011","m","704","0","20","50","50","50","50","50","50","50","unies","5","200","4519","NA","4611","NA","NA","NA","1946","12634","4609","172349","171083","171082","2053","171607","2055","4610","12634","NA","NA","NA","NA","NA","6475","172312","171605","NA","171082","LexicalDecision"
"No","1050","1","HF","-50","experimental","0","1","HF","1","1","1","n","trial","1080","1920","/Users/justina/Downloads/lexical_decision","72","1550","1450","2400","1800","0","1550","1600","567","1111","110","10","1110","legacy","xpyriment","1111","1111","n","1050","0","20","50","50","50","50","50","50","50","orde","5","200","4519","NA","4611","NA","NA","NA","1946","12634","4609","172349","174527","174526","2053","175099","2055","4610","12634","NA","NA","NA","NA","NA","6475","176150","175099","NA","174526","LexicalDecision"
"No","1489","0","Random","50","experimental","0","1","Random","4","0","0","m","trial","1080","1920","/Users/justina/Downloads/lexical_decision","73","1550","1450","2400","1850","0","1850","1800","585","1111","110","10","1100","legacy","xpyriment","1100","1110","n","1489","0","20","50","50","50","50","50","50","50","eobbss","5","200","4519","NA","4611","NA","NA","NA","1946","12634","4609","178378","176272","176271","2053","176860","2055","4610","12634","NA","NA","NA","NA","NA","6475","178349","176859","NA","176271","LexicalDecision"
"No","963","1","LF","-50","experimental","0","1","LF","2","1","1","n","trial","1080","1920","/Users/justina/Downloads/lexical_decision","74","1550","1400","2400","1850","0","1400","1450","553","1111","1101","10","1100","legacy","xpyriment","1101","110","n","963","0","20","50","50","50","50","50","50","50","mouwtjes","5","200","4519","NA","4611","NA","NA","NA","1946","12634","4609","178378","180527","180526","2053","181084","2055","4610","12634","NA","NA","NA","NA","NA","6475","182048","181084","NA","180526","LexicalDecision"
"No","606","1","HF","-50","experimental","0","1","HF","1","1","1","n","trial","1080","1920","/Users/justina/Downloads/lexical_decision","75","1500","1400","2400","1850","0","1500","1550","400","1111","1101","10","1100","legacy","xpyriment","1111","1111","n","606","0","20","50","50","50","50","50","50","50","kleuren","5","200","4519","NA","4611","NA","NA","NA","1946","12634","4609","178378","182167","182166","2053","182572","2055","4610","12634","NA","NA","NA","NA","NA","6475","183179","182572","NA","182165","LexicalDecision"
"No","645","1","HF","-50","experimental","0","1","HF","1","1","1","n","trial","1080","1920","/Users/justina/Downloads/lexical_decision","76","1450","1400","2400","1850","0","1450","1500","582","1111","1101","10","1100","legacy","xpyriment","1111","1111","n","645","0","20","50","50","50","50","50","50","50","raad","5","200","4519","NA","4611","NA","NA","NA","1946","12634","4609","178378","183296","183295","2053","183882","2055","4610","12634","NA","NA","NA","NA","NA","6475","184528","183881","NA","183295","LexicalDecision"
"No","676","0","HF","50","experimental","0","1","HF","1","0","0","n","trial","1080","1920","/Users/justina/Downloads/lexical_decision","77","1500","1400","2400","1850","0","1500","1450","532","1110","1101","10","1100","legacy","xpyriment","1110","1111","m","676","0","20","50","50","50","50","50","50","50","lachend","5","200","4519","NA","4611","NA","NA","NA","1946","12634","4609","185887","184645","184644","2053","185181","2055","4610","12634","NA","NA","NA","NA","NA","6475","185858","185181","NA","184644","LexicalDecision"
"No","550","0","Pseudo","50","experimental","0","1","Pseudo","3","0","0","m","trial","1080","1920","/Users/justina/Downloads/lexical_decision","78","1500","1400","2450","1850","0","2450","2400","478","1110","1101","100","1100","legacy","xpyriment","100","10","n","550","0","20","50","50","50","50","50","50","50","heging","5","200","4519","NA","4611","NA","NA","NA","1946","12634","4609","189091","188031","188030","2053","188512","2055","4610","12634","NA","NA","NA","NA","NA","6475","189063","188511","NA","188030","LexicalDecision"
"No","573","1","Pseudo","-50","experimental","0","1","Pseudo","3","1","1","m","trial","1080","1920","/Users/justina/Downloads/lexical_decision","79","1500","1400","2400","1850","0","2400","2450","501","1110","1101","1001","1100","legacy","xpyriment","1001","100","m","573","0","20","50","50","50","50","50","50","50","drij","5","200","4519","NA","4611","NA","NA","NA","1946","12634","4609","189091","191230","191229","2053","191734","2055","4610","12634","NA","NA","NA","NA","NA","6475","192308","191734","NA","191229","LexicalDecision"
"No","675","0","Random","50","experimental","0","1","Random","4","0","0","m","trial","1080","1920","/Users/justina/Downloads/lexical_decision","80","1500","1400","2400","1900","0","1900","1850","594","1110","1101","1001","1000","legacy","xpyriment","1000","1100","n","675","0","20","50","50","50","50","50","50","50","ripenpt","5","200","4519","NA","4611","NA","NA","NA","1946","12634","4609","193736","192429","192429","2053","193028","2055","4610","12634","NA","NA","NA","NA","NA","6475","193704","193028","NA","192428","LexicalDecision"
"No","495","0","Pseudo","50","experimental","0","1","Pseudo","3","0","0","m","trial","1080","1920","/Users/justina/Downloads/lexical_decision","81","1500","1400","2450","1900","0","2450","2400","578","1110","1101","10","1000","legacy","xpyriment","0010","1001","n","495","0","20","50","50","50","50","50","50","50","alders","5","200","4519","NA","4611","NA","NA","NA","1946","12634","4609","196992","195879","195878","2053","196462","2055","4610","12634","NA","NA","NA","NA","NA","6475","196958","196462","NA","195878","LexicalDecision"
"No","828","1","HF","-50","experimental","0","1","HF","1","1","1","n","trial","1080","1920","/Users/justina/Downloads/lexical_decision","82","1450","1400","2450","1900","0","1450","1500","525","1101","1101","10","1000","legacy","xpyriment","1101","1110","n","828","0","20","50","50","50","50","50","50","50","woont","5","200","4519","NA","4611","NA","NA","NA","1946","12634","4609","196992","199134","199133","2053","199662","2055","4610","12634","NA","NA","NA","NA","NA","6475","200491","199662","NA","199133","LexicalDecision"
"No","914","0","HF","25","experimental","1","1","HF","1","0","0","n","trial","1080","1920","/Users/justina/Downloads/lexical_decision","83","1475","1400","2450","1900","0","1475","1450","573","","1101","10","1000","legacy","xpyriment","","1101","m","914","0","20","25","50","50","50","25","25","50","kringen","5","200","4519","NA","4611","NA","NA","NA","1946","12634","4609","202129","200606","200605","2053","201184","2055","4610","12634","NA","NA","NA","NA","NA","6475","202099","201184","NA","200605","LexicalDecision"
"No","933","1","LF","-50","experimental","0","1","LF","2","1","1","n","trial","1080","1920","/Users/justina/Downloads/lexical_decision","84","1475","1350","2450","1900","0","1350","1400","415","","1011","10","1000","legacy","xpyriment","1011","1101","n","933","0","20","25","50","50","50","50","50","50","desserts","5","200","4519","NA","4611","NA","NA","NA","1946","12634","4609","202129","204269","204268","2053","204686","2055","4610","12634","NA","NA","NA","NA","NA","6475","205620","204686","NA","204267","LexicalDecision"
"No","741","0","Pseudo","50","experimental","0","1","Pseudo","3","0","0","m","trial","1080","1920","/Users/justina/Downloads/lexical_decision","85","1475","1350","2500","1900","0","2500","2450","560","","1011","100","1000","legacy","xpyriment","100","10","n","741","0","20","25","50","50","50","50","50","50","olders","5","200","4519","NA","4611","NA","NA","NA","1946","12634","4609","207071","205739","205738","2053","206301","2055","4610","12634","NA","NA","NA","NA","NA","6475","207043","206301","NA","205738","LexicalDecision"
"No","694","1","LF","-50","experimental","0","1","LF","2","1","1","n","trial","1080","1920","/Users/justina/Downloads/lexical_decision","86","1475","1300","2500","1900","0","1300","1350","504","","111","100","1000","legacy","xpyriment","0111","1011","n","694","0","20","25","50","50","50","50","50","50","vocaal","5","200","4519","NA","4611","NA","NA","NA","1946","12634","4609","207071","209209","209208","2053","209716","2055","4610","12634","NA","NA","NA","NA","NA","6475","210410","209716","NA","209208","LexicalDecision"
"No","765","0","Random","50","experimental","0","1","Random","4","0","0","m","trial","1080","1920","/Users/justina/Downloads/lexical_decision","87","1475","1300","2500","1950","0","1950","1900","502","","111","100","0","legacy","xpyriment","0000","1000","n","765","0","20","25","50","50","50","50","50","50","sauan's","5","200","4519","NA","4611","NA","NA","NA","1946","12634","4609","211829","210528","210527","2053","211032","2055","4610","12634","NA","NA","NA","NA","NA","6475","211798","211032","NA","210527","LexicalDecision"
"No","805","1","Pseudo","-50","experimental","0","1","Pseudo","3","1","1","m","trial","1080","1920","/Users/justina/Downloads/lexical_decision","88","1475","1300","2450","1950","0","2450","2500","574","","111","1001","0","legacy","xpyriment","1001","100","m","805","0","20","25","50","50","50","50","50","50","jeer","5","200","4519","NA","4611","NA","NA","NA","1946","12634","4609","211829","213978","213977","2053","214555","2055","4610","12634","NA","NA","NA","NA","NA","6475","215361","214555","NA","213977","LexicalDecision"
"No","1475","0","HF","25","experimental","0","1","HF","1","0","0","n","trial","1080","1920","/Users/justina/Downloads/lexical_decision","89","1500","1300","2450","1950","0","1500","1475","509","0","111","1001","0","legacy","xpyriment","0","","None","1475","1","20","25","50","50","50","25","25","25","juiste","5","200","4519","NA","4611","NA","NA","NA","1946","12634","4609","217494","215478","215477","2053","215990","2055","4610","12634","NA","NA","NA","NA","NA","6475","217465","215990","NA","215477","LexicalDecision"
"No","1409","1","Pseudo","-50","experimental","0","1","Pseudo","3","1","1","m","trial","1080","1920","/Users/justina/Downloads/lexical_decision","90","1500","1300","2400","1950","0","2400","2450","462","0","111","11","0","legacy","xpyriment","0011","1001","m","1409","0","20","25","50","50","50","50","50","50","traaien","5","200","4519","NA","4611","NA","NA","NA","1946","12634","4609","217494","219642","219641","2053","220107","2055","4610","12634","NA","NA","NA","NA","NA","6475","221517","220107","NA","219641","LexicalDecision"
"No","798","1","HF","-25","experimental","0","1","HF","1","1","1","n","trial","1080","1920","/Users/justina/Downloads/lexical_decision","91","1475","1300","2400","1950","0","1475","1500","494","1","111","11","0","legacy","xpyriment","01","0","n","798","0","20","25","50","50","50","25","25","25","thee","5","200","4519","NA","4611","NA","NA","NA","1946","12634","4609","217494","221655","221653","2053","222153","2055","4610","12634","NA","NA","NA","NA","NA","6475","222952","222153","NA","221653","LexicalDecision"
"No","709","0","Pseudo","50","experimental","0","1","Pseudo","3","0","0","m","trial","1080","1920","/Users/justina/Downloads/lexical_decision","92","1475","1300","2450","1950","0","2450","2400","418","1","111","110","0","legacy","xpyriment","110","11","n","709","0","20","25","50","50","50","50","50","50","falme","5","200","4519","NA","4611","NA","NA","NA","1946","12634","4609","224235","223073","223072","2053","223493","2055","4610","12634","NA","NA","NA","NA","NA","6475","224203","223493","NA","223072","LexicalDecision"
"No","826","1","Random","-50","experimental","0","1","Random","4","1","1","m","trial","1080","1920","/Users/justina/Downloads/lexical_decision","93","1475","1300","2450","1900","0","1900","1950","545","1","111","110","1","legacy","xpyriment","01","0","m","826","0","20","25","50","50","50","50","50","50","naowolt","5","200","4519","NA","4611","NA","NA","NA","1946","12634","4609","224235","226387","226386","2053","226935","2055","4610","12634","NA","NA","NA","NA","NA","6475","227762","226934","NA","226385","LexicalDecision"
"No","746","1","LF","-50","experimental","0","1","LF","2","1","1","n","trial","1080","1920","/Users/justina/Downloads/lexical_decision","94","1475","1250","2450","1900","0","1250","1300","443","1","1111","110","1","legacy","xpyriment","1111","111","n","746","0","20","25","50","50","50","50","50","50","vleesmes","5","200","4519","NA","4611","NA","NA","NA","1946","12634","4609","224235","227881","227880","2053","228326","2055","4610","12634","NA","NA","NA","NA","NA","6475","229073","228326","NA","227880","LexicalDecision"
"No","1250","0","LF","50","experimental","0","1","LF","2","0","0","n","trial","1080","1920","/Users/justina/Downloads/lexical_decision","95","1475","1300","2450","1900","0","1300","1250","519","1","1110","110","1","legacy","xpyriment","1110","1111","None","1250","1","20","25","50","50","50","50","50","50","vlokje","5","200","4519","NA","4611","NA","NA","NA","1946","12634","4609","230990","229189","229188","2053","229712","2055","4610","12634","NA","NA","NA","NA","NA","6475","230962","229712","NA","229188","LexicalDecision"
"No","1900","0","Random","50","experimental","0","1","Random","4","0","0","m","trial","1080","1920","/Users/justina/Downloads/lexical_decision","96","1475","1300","2450","1950","0","1950","1900","431","1","1110","110","10","legacy","xpyriment","10","1","None","1900","1","20","25","50","50","50","50","50","50","ulswar","5","200","4519","NA","4611","NA","NA","NA","1946","12634","4609","235490","233129","233128","2053","233561","2055","4610","12634","NA","NA","NA","NA","NA","6475","235461","233561","NA","233128","LexicalDecision"
"No","677","0","Pseudo","50","experimental","0","1","Pseudo","3","0","0","m","trial","1080","1920","/Users/justina/Downloads/lexical_decision","97","1475","1300","2500","1950","0","2500","2450","473","1","1110","1100","10","legacy","xpyriment","1100","110","n","677","0","20","25","50","50","50","50","50","50","hierkij","5","200","4519","NA","4611","NA","NA","NA","1946","12634","4609","238822","237640","237639","2053","238116","2055","4610","12634","NA","NA","NA","NA","NA","6475","238794","238116","NA","237639","LexicalDecision"
"No","2500","0","Pseudo","50","experimental","0","1","Pseudo","3","0","0","m","trial","1080","1920","/Users/justina/Downloads/lexical_decision","98","1475","1300","2550","1950","0","2550","2500","584","1","1110","1000","10","legacy","xpyriment","1000","1100","None","2500","1","20","25","50","50","50","50","50","50","gemien","5","200","4519","NA","4611","NA","NA","NA","1946","12634","4609","244087","240968","240967","2053","241555","2055","4610","12634","NA","NA","NA","NA","NA","6475","244055","241555","NA","240967","LexicalDecision"
"No","1300","0","LF","50","experimental","0","1","LF","2","0","0","n","trial","1080","1920","/Users/justina/Downloads/lexical_decision","99","1475","1350","2550","1950","0","1350","1300","515","1","1100","1000","10","legacy","xpyriment","1100","1110","None","1300","1","20","25","50","50","50","50","50","50","zithoek","5","200","4519","NA","4611","NA","NA","NA","1946","12634","4609","248103","246257","246256","2053","246774","2055","4610","12634","NA","NA","NA","NA","NA","6475","248074","246774","NA","246256","LexicalDecision"
"No","629","1","Pseudo","-50","experimental","0","1","Pseudo","3","1","1","m","trial","1080","1920","/Users/justina/Downloads/lexical_decision","100","1475","1350","2500","1950","0","2500","2550","495","1","1100","1","10","legacy","xpyriment","0001","1000","m","629","0","20","25","50","50","50","50","50","50","stons","5","200","4519","NA","4611","NA","NA","NA","1946","12634","4609","248103","250245","250245","2053","250743","2055","4610","12634","NA","NA","NA","NA","NA","6475","251373","250743","NA","250244","LexicalDecision"
"No","1057","1","HF","-25","experimental","0","1","HF","1","1","1","n","trial","1080","1920","/Users/justina/Downloads/lexical_decision","101","1450","1350","2500","1950","0","1450","1475","554","11","1100","1","10","legacy","xpyriment","11","1","n","1057","0","20","25","50","50","50","25","25","25","crisis","5","200","4519","NA","4611","NA","NA","NA","1946","12634","4609","248103","251488","251487","2053","252046","2055","4610","12634","NA","NA","NA","NA","NA","6475","253104","252046","NA","251487","LexicalDecision"
"No","924","1","LF","-50","experimental","0","1","LF","2","1","1","n","trial","1080","1920","/Users/justina/Downloads/lexical_decision","102","1450","1300","2500","1950","0","1300","1350","537","11","1001","1","10","legacy","xpyriment","1001","1100","n","924","0","20","25","50","50","50","50","50","50","bizons","5","200","4519","NA","4611","NA","NA","NA","1946","12634","4609","248103","253222","253220","2053","253761","2055","4610","12634","NA","NA","NA","NA","NA","6475","254686","253761","NA","253220","LexicalDecision"
"No","863","0","HF","25","experimental","0","1","HF","1","0","0","n","trial","1080","1920","/Users/justina/Downloads/lexical_decision","103","1475","1300","2500","1950","0","1475","1450","556","110","1001","1","10","legacy","xpyriment","110","11","m","863","0","20","25","50","50","50","25","25","25","vindt","5","200","4519","NA","4611","NA","NA","NA","1946","12634","4609","256253","254802","254801","2053","255361","2055","4610","12634","NA","NA","NA","NA","NA","6475","256225","255361","NA","254801","LexicalDecision"
"No","793","1","HF","-25","experimental","0","1","HF","1","1","1","n","trial","1080","1920","/Users/justina/Downloads/lexical_decision","104","1450","1300","2500","1950","0","1450","1475","499","1101","1001","1","10","legacy","xpyriment","1101","110","n","793","0","20","25","50","50","50","25","25","25","haren","5","200","4519","NA","4611","NA","NA","NA","1946","12634","4609","256253","258396","258395","2053","258897","2055","4610","12634","NA","NA","NA","NA","NA","6475","259690","258897","NA","258395","LexicalDecision"
"No","1281","1","Random","-50","experimental","0","1","Random","4","1","1","m","trial","1080","1920","/Users/justina/Downloads/lexical_decision","105","1450","1300","2500","1900","0","1900","1950","580","1101","1001","1","101","legacy","xpyriment","101","10","m","1281","0","20","25","50","50","50","50","50","50","tteser","5","200","4519","NA","4611","NA","NA","NA","1946","12634","4609","256253","259807","259806","2053","260390","2055","4610","12634","NA","NA","NA","NA","NA","6475","261671","260390","NA","259806","LexicalDecision"
"No","1300","0","LF","50","experimental","0","1","LF","2","0","0","n","trial","1080","1920","/Users/justina/Downloads/lexical_decision","106","1450","1350","2500","1900","0","1350","1300","550","1101","10","1","101","legacy","xpyriment","0010","1001","None","1300","1","20","25","50","50","50","50","50","50","jojo's","5","200","4519","NA","4611","NA","NA","NA","1946","12634","4609","263672","261787","261787","2053","262342","2055","4610","12634","NA","NA","NA","NA","NA","6475","263642","262341","NA","261787","LexicalDecision"
"No","722","0","HF","12","experimental","1","1","HF","1","0","0","n","trial","1080","1920","/Users/justina/Downloads/lexical_decision","107","1462","1350","2500","1900","0","1462","1450","402","","10","1","101","legacy","xpyriment","","1101","m","722","0","20","12","50","50","50","12","12","25","felle","5","200","4519","NA","4611","NA","NA","NA","1946","12634","4609","266973","265816","265815","2053","266221","2055","4610","12634","NA","NA","NA","NA","NA","6475","266944","266221","NA","265815","LexicalDecision"
"No","692","0","Pseudo","50","experimental","0","1","Pseudo","3","0","0","m","trial","1080","1920","/Users/justina/Downloads/lexical_decision","108","1462","1350","2550","1900","0","2550","2500","542","","10","10","101","legacy","xpyriment","10","1","n","692","0","20","12","50","50","50","50","50","50","ba's","5","200","4519","NA","4611","NA","NA","NA","1946","12634","4609","270383","269118","269117","2053","269663","2055","4610","12634","NA","NA","NA","NA","NA","6475","270355","269663","NA","269117","LexicalDecision"
"No","831","0","HF","12","experimental","0","1","HF","1","0","0","n","trial","1080","1920","/Users/justina/Downloads/lexical_decision","109","1474","1350","2550","1900","0","1474","1462","396","0","10","10","101","legacy","xpyriment","0","","m","831","0","20","12","50","50","50","12","12","12","schone","5","200","4519","NA","4611","NA","NA","NA","1946","12634","4609","273823","272564","272563","2053","272963","2055","4610","12634","NA","NA","NA","NA","NA","6475","273795","272963","NA","272563","LexicalDecision"
"No","657","0","Pseudo","50","experimental","0","1","Pseudo","3","0","0","m","trial","1080","1920","/Users/justina/Downloads/lexical_decision","110","1474","1350","2600","1900","0","2600","2550","532","0","10","100","101","legacy","xpyriment","100","10","n","657","0","20","12","50","50","50","50","50","50","schont","5","200","4519","NA","4611","NA","NA","NA","1946","12634","4609","277185","275964","275963","2053","276498","2055","4610","12634","NA","NA","NA","NA","NA","6475","277155","276498","NA","275963","LexicalDecision"
"No","614","0","Pseudo","50","experimental","0","1","Pseudo","3","0","0","m","trial","1080","1920","/Users/justina/Downloads/lexical_decision","111","1474","1350","2650","1900","0","2650","2600","442","0","10","1000","101","legacy","xpyriment","1000","100","n","614","0","20","12","50","50","50","50","50","50","rolken","5","200","4519","NA","4611","NA","NA","NA","1946","12634","4609","280419","279329","279328","2053","279775","2055","4610","12634","NA","NA","NA","NA","NA","6475","280389","279775","NA","279328","LexicalDecision"
"No","455","0","LF","50","experimental","0","1","LF","2","0","0","n","trial","1080","1920","/Users/justina/Downloads/lexical_decision","112","1474","1400","2650","1900","0","1400","1350","490","0","100","1000","101","legacy","xpyriment","100","10","m","455","0","20","12","50","50","50","50","50","50","deals","5","200","4519","NA","4611","NA","NA","NA","1946","12634","4609","283533","282557","282556","2053","283049","2055","4610","12634","NA","NA","NA","NA","NA","6475","283505","283049","NA","282556","LexicalDecision"
"No","664","0","Random","25","experimental","1","1","Random","4","0","0","m","trial","1080","1920","/Users/justina/Downloads/lexical_decision","113","1474","1400","2650","1925","0","1925","1900","464","0","100","1000","","legacy","xpyriment","","101","n","664","0","20","12","50","50","25","25","25","50","semutjs","5","200","4519","NA","4611","NA","NA","NA","1946","12634","4609","286834","285675","285674","2053","286141","2055","4610","12634","NA","NA","NA","NA","NA","6475","286806","286141","NA","285674","LexicalDecision"
"No","694","1","Pseudo","-50","experimental","0","1","Pseudo","3","1","1","m","trial","1080","1920","/Users/justina/Downloads/lexical_decision","114","1474","1400","2600","1925","0","2600","2650","426","0","100","1","","legacy","xpyriment","0001","1000","m","694","0","20","12","50","50","25","50","50","50","hezet","5","200","4519","NA","4611","NA","NA","NA","1946","12634","4609","286834","288988","288987","2053","289416","2055","4610","12634","NA","NA","NA","NA","NA","6475","290111","289416","NA","288987","LexicalDecision"
"No","566","0","LF","50","experimental","0","1","LF","2","0","0","n","trial","1080","1920","/Users/justina/Downloads/lexical_decision","115","1474","1450","2600","1925","0","1450","1400","404","0","1000","1","","legacy","xpyriment","1000","100","m","566","0","20","12","50","50","25","50","50","50","zeefje","5","200","4519","NA","4611","NA","NA","NA","1946","12634","4609","291229","290227","290226","2053","290634","2055","4610","12634","NA","NA","NA","NA","NA","6475","291201","290633","NA","290226","LexicalDecision"
"No","659","1","HF","-12","experimental","0","1","HF","1","1","1","n","trial","1080","1920","/Users/justina/Downloads/lexical_decision","116","1462","1450","2600","1925","0","1462","1474","428","1","1000","1","","legacy","xpyriment","01","0","n","659","0","20","12","50","50","25","12","12","12","zweeg","5","200","4519","NA","4611","NA","NA","NA","1946","12634","4609","291229","293368","293368","2053","293798","2055","4610","12634","NA","NA","NA","NA","NA","6475","294458","293798","NA","293368","LexicalDecision"
"No","1083","1","HF","-12","experimental","0","1","HF","1","1","1","n","trial","1080","1920","/Users/justina/Downloads/lexical_decision","117","1450","1450","2600","1925","0","1450","1462","477","11","1000","1","","legacy","xpyriment","11","1","n","1083","0","20","12","50","50","25","12","12","12","voorgoed","5","200","4519","NA","4611","NA","NA","NA","1946","12634","4609","291229","294573","294572","2053","295052","2055","4610","12634","NA","NA","NA","NA","NA","6475","296136","295052","NA","294572","LexicalDecision"
"No","751","1","HF","-12","experimental","0","1","HF","1","1","1","n","trial","1080","1920","/Users/justina/Downloads/lexical_decision","118","1438","1450","2600","1925","0","1438","1450","476","111","1000","1","","legacy","xpyriment","111","11","n","751","0","20","12","50","50","25","12","12","12","raakt","5","200","4519","NA","4611","NA","NA","NA","1946","12634","4609","291229","296252","296251","2053","296731","2055","4610","12634","NA","NA","NA","NA","NA","6475","297483","296730","NA","296250","LexicalDecision"
"No","647","0","Pseudo","50","experimental","0","1","Pseudo","3","0","0","m","trial","1080","1920","/Users/justina/Downloads/lexical_decision","119","1438","1450","2650","1925","0","2650","2600","510","111","1000","10","","legacy","xpyriment","10","1","n","647","0","20","12","50","50","25","50","50","50","moekten","5","200","4519","NA","4611","NA","NA","NA","1946","12634","4609","298793","297599","297598","2053","298111","2055","4610","12634","NA","NA","NA","NA","NA","6475","298759","298111","NA","297598","LexicalDecision"
"No","703","0","Random","25","experimental","0","1","Random","4","0","0","m","trial","1080","1920","/Users/justina/Downloads/lexical_decision","120","1438","1450","2650","1950","0","1950","1925","528","111","1000","10","0","legacy","xpyriment","0","","n","703","0","20","12","50","50","25","25","25","25","deelhns","5","200","4519","NA","4611","NA","NA","NA","1946","12634","4609","302208","300941","300940","2053","301474","2055","4610","12634","NA","NA","NA","NA","NA","6475","302178","301474","NA","300940","LexicalDecision"
"No","1022","1","LF","-50","experimental","0","1","LF","2","1","1","n","trial","1080","1920","/Users/justina/Downloads/lexical_decision","121","1438","1400","2650","1950","0","1400","1450","466","111","1","10","0","legacy","xpyriment","0001","1000","n","1022","0","20","12","50","50","25","50","50","50","slede","5","200","4519","NA","4611","NA","NA","NA","1946","12634","4609","302208","304351","304350","2053","304820","2055","4610","12634","NA","NA","NA","NA","NA","6475","305842","304819","NA","304350","LexicalDecision"
"No","1082","1","Random","-25","experimental","0","1","Random","4","1","1","m","trial","1080","1920","/Users/justina/Downloads/lexical_decision","122","1438","1400","2650","1925","0","1925","1950","521","111","1","10","1","legacy","xpyriment","01","0","m","1082","0","20","12","50","50","25","25","25","25","o'smott","5","200","4519","NA","4611","NA","NA","NA","1946","12634","4609","302208","305959","305958","2053","306484","2055","4610","12634","NA","NA","NA","NA","NA","6475","307566","306483","NA","305958","LexicalDecision"
"No","627","1","LF","-50","experimental","0","1","LF","2","1","1","n","trial","1080","1920","/Users/justina/Downloads/lexical_decision","123","1438","1350","2650","1925","0","1350","1400","571","111","11","10","1","legacy","xpyriment","11","1","n","627","0","20","12","50","50","25","50","50","50","sproet","5","200","4519","NA","4611","NA","NA","NA","1946","12634","4609","302208","307683","307682","2053","308255","2055","4610","12634","NA","NA","NA","NA","NA","6475","308882","308255","NA","307682","LexicalDecision"
"No","918","1","LF","-50","experimental","0","1","LF","2","1","1","n","trial","1080","1920","/Users/justina/Downloads/lexical_decision","124","1438","1300","2650","1925","0","1300","1350","533","111","111","10","1","legacy","xpyriment","111","11","n","918","0","20","12","50","50","25","50","50","50","kloofjes","5","200","4519","NA","4611","NA","NA","NA","1946","12634","4609","302208","0","0","2053","309535","2055","4610","12634","NA","NA","NA","NA","NA","6475","310454","309534","NA","0","LexicalDecision"
"No","1145","0","Random","25","experimental","0","1","Random","4","0","0","m","trial","1080","1920","/Users/justina/Downloads/lexical_decision","125","1438","1300","2650","1950","0","1950","1925","490","111","111","10","10","legacy","xpyriment","10","1","n","1145","0","20","12","50","50","25","25","25","25","jivl","5","200","4519","NA","4611","NA","NA","NA","1946","12634","4609","312237","310572","310571","2053","311064","2055","4610","12634","NA","NA","NA","NA","NA","6475","312209","311064","NA","310571","LexicalDecision"
"No","789","0","HF","12","experimental","0","1","HF","1","0","0","n","trial","1080","1920","/Users/justina/Downloads/lexical_decision","126","1450","1300","2650","1950","0","1450","1438","405","1110","111","10","10","legacy","xpyriment","1110","111","m","789","0","20","12","50","50","25","12","12","12","termijn","5","200","4519","NA","4611","NA","NA","NA","1946","12634","4609","315603","314378","314377","2053","314786","2055","4610","12634","NA","NA","NA","NA","NA","6475","315575","314785","NA","314377","LexicalDecision"
"No","589","0","Pseudo","50","experimental","0","1","Pseudo","3","0","0","m","trial","1080","1920","/Users/justina/Downloads/lexical_decision","127","1450","1300","2700","1950","0","2700","2650","413","1110","111","100","10","legacy","xpyriment","100","10","n","589","0","20","12","50","50","25","50","50","50","bevacht","5","200","4519","NA","4611","NA","NA","NA","1946","12634","4609","318784","317749","317748","2053","318165","2055","4610","12634","NA","NA","NA","NA","NA","6475","318755","318164","NA","317748","LexicalDecision"
"No","801","1","Random","-25","experimental","0","1","Random","4","1","1","m","trial","1080","1920","/Users/justina/Downloads/lexical_decision","128","1450","1300","2700","1925","0","1925","1950","432","1110","111","100","101","legacy","xpyriment","101","10","m","801","0","20","12","50","50","25","25","25","25","alfo'rs","5","200","4519","NA","4611","NA","NA","NA","1946","12634","4609","318784","320926","320925","2053","321362","2055","4610","12634","NA","NA","NA","NA","NA","6475","322164","321361","NA","320925","LexicalDecision"
"No","1060","1","Random","-25","experimental","0","1","Random","4","1","1","m","trial","1080","1920","/Users/justina/Downloads/lexical_decision","129","1450","1300","2700","1900","0","1900","1925","461","1110","111","100","1011","legacy","xpyriment","1011","101","m","1060","0","20","12","50","50","25","25","25","25","sjrieskt","5","200","4519","NA","4611","NA","NA","NA","1946","12634","4609","318784","322279","322278","2053","322744","2055","4610","12634","NA","NA","NA","NA","NA","6475","323805","322744","NA","322278","LexicalDecision"
"No","813","1","Random","-25","experimental","0","1","Random","4","1","1","m","trial","1080","1920","/Users/justina/Downloads/lexical_decision","130","1450","1300","2700","1875","0","1875","1900","551","1110","111","100","111","legacy","xpyriment","0111","1011","m","813","0","20","12","50","50","25","25","25","25","eeejlutw","5","200","4519","NA","4611","NA","NA","NA","1946","12634","4609","318784","323924","323923","2053","324477","2055","4610","12634","NA","NA","NA","NA","NA","6475","325291","324476","NA","323923","LexicalDecision"
"No","781","1","HF","-12","experimental","0","1","HF","1","1","1","n","trial","1080","1920","/Users/justina/Downloads/lexical_decision","131","1438","1300","2700","1875","0","1438","1450","446","1101","111","100","111","legacy","xpyriment","1101","1110","n","781","0","20","12","50","50","25","12","12","12","bezoek","5","200","4519","NA","4611","NA","NA","NA","1946","12634","4609","318784","325412","325411","2053","325862","2055","4610","12634","NA","NA","NA","NA","NA","6475","326643","325862","NA","325411","LexicalDecision"
"No","1268","1","Pseudo","-50","experimental","0","1","Pseudo","3","1","1","m","trial","1080","1920","/Users/justina/Downloads/lexical_decision","132","1438","1300","2650","1875","0","2650","2700","509","1101","111","1001","111","legacy","xpyriment","1001","100","m","1268","0","20","12","50","50","25","50","50","50","icht","5","200","4519","NA","4611","NA","NA","NA","1946","12634","4609","318784","326759","326758","2053","327272","2055","4610","12634","NA","NA","NA","NA","NA","6475","328541","327272","NA","326758","LexicalDecision"
"No","927","1","HF","-12","experimental","0","1","HF","1","1","1","n","trial","1080","1920","/Users/justina/Downloads/lexical_decision","133","1426","1300","2650","1875","0","1426","1438","397","1011","111","1001","111","legacy","xpyriment","1011","1101","n","927","0","20","12","50","50","25","12","12","12","toch","5","200","4519","NA","4611","NA","NA","NA","1946","12634","4609","318784","328656","328656","2053","329058","2055","4610","12634","NA","NA","NA","NA","NA","6475","329986","329058","NA","328655","LexicalDecision"
"No","1300","0","LF","50","experimental","0","1","LF","2","0","0","n","trial","1080","1920","/Users/justina/Downloads/lexical_decision","134","1426","1350","2650","1875","0","1350","1300","584","1011","1110","1001","111","legacy","xpyriment","1110","111","None","1300","1","20","12","50","50","25","50","50","50","fauna's","5","200","4519","NA","4611","NA","NA","NA","1946","12634","4609","332027","330106","330105","2053","330693","2055","4610","12634","NA","NA","NA","NA","NA","6475","331993","330693","NA","330105","LexicalDecision"
"No","1109","0","Pseudo","50","experimental","0","1","Pseudo","3","0","0","m","trial","1080","1920","/Users/justina/Downloads/lexical_decision","135","1426","1350","2700","1875","0","2700","2650","573","1011","1110","10","111","legacy","xpyriment","0010","1001","n","1109","0","20","12","50","50","25","50","50","50","lierde","5","200","4519","NA","4611","NA","NA","NA","1946","12634","4609","335888","334173","334172","2053","334748","2055","4610","12634","NA","NA","NA","NA","NA","6475","335858","334748","NA","334172","LexicalDecision"
"No","1029","0","HF","12","experimental","0","1","HF","1","0","0","n","trial","1080","1920","/Users/justina/Downloads/lexical_decision","136","1438","1350","2700","1875","0","1438","1426","553","110","1110","10","111","legacy","xpyriment","0110","1011","m","1029","0","20","12","50","50","25","12","12","12","kwam","5","200","4519","NA","4611","NA","NA","NA","1946","12634","4609","339640","338025","338024","2053","338581","2055","4610","12634","NA","NA","NA","NA","NA","6475","339611","338581","NA","338024","LexicalDecision"
"No","674","0","Pseudo","50","experimental","0","1","Pseudo","3","0","0","m","trial","1080","1920","/Users/justina/Downloads/lexical_decision","137","1438","1350","2750","1875","0","2750","2700","575","110","1110","100","111","legacy","xpyriment","100","10","n","674","0","20","12","50","50","25","50","50","50","kang","5","200","4519","NA","4611","NA","NA","NA","1946","12634","4609","343066","341786","341785","2053","342363","2055","4610","12634","NA","NA","NA","NA","NA","6475","343038","342363","NA","341785","LexicalDecision"
"No","560","1","Pseudo","-50","experimental","0","1","Pseudo","3","1","1","m","trial","1080","1920","/Users/justina/Downloads/lexical_decision","138","1438","1350","2700","1875","0","2700","2750","481","110","1110","1001","111","legacy","xpyriment","1001","100","m","560","0","20","12","50","50","25","50","50","50","bemend","5","200","4519","NA","4611","NA","NA","NA","1946","12634","4609","343066","345205","345204","2053","345689","2055","4610","12634","NA","NA","NA","NA","NA","6475","346250","345689","NA","345204","LexicalDecision"
"No","1064","0","Pseudo","50","experimental","0","1","Pseudo","3","0","0","m","trial","1080","1920","/Users/justina/Downloads/lexical_decision","139","1438","1350","2750","1875","0","2750","2700","419","110","1110","10","111","legacy","xpyriment","0010","1001","n","1064","0","20","12","50","50","25","50","50","50","kroeker","5","200","4519","NA","4611","NA","NA","NA","1946","12634","4609","347880","346365","346364","2053","346786","2055","4610","12634","NA","NA","NA","NA","NA","6475","347851","346786","NA","346364","LexicalDecision"
"No","1048","0","LF","50","experimental","0","1","LF","2","0","0","n","trial","1080","1920","/Users/justina/Downloads/lexical_decision","140","1438","1400","2750","1875","0","1400","1350","504","110","1100","10","111","legacy","xpyriment","1100","1110","m","1048","0","20","12","50","50","25","50","50","50","jojo","5","200","4519","NA","4611","NA","NA","NA","1946","12634","4609","351609","350025","350024","2053","350532","2055","4610","12634","NA","NA","NA","NA","NA","6475","351580","350532","NA","350024","LexicalDecision"
"No","613","1","HF","-12","experimental","0","1","HF","1","1","1","n","trial","1080","1920","/Users/justina/Downloads/lexical_decision","141","1426","1400","2750","1875","0","1426","1438","472","1101","1100","10","111","legacy","xpyriment","1101","110","n","613","0","20","12","50","50","25","12","12","12","ieder","5","200","4519","NA","4611","NA","NA","NA","1946","12634","4609","351609","353751","353750","2053","354226","2055","4610","12634","NA","NA","NA","NA","NA","6475","354839","354226","NA","353749","LexicalDecision"
"No","715","1","HF","-12","experimental","0","1","HF","1","1","1","n","trial","1080","1920","/Users/justina/Downloads/lexical_decision","142","1414","1400","2750","1875","0","1414","1426","563","1011","1100","10","111","legacy","xpyriment","1011","1101","n","715","0","20","12","50","50","25","12","12","12","geldt","5","200","4519","NA","4611","NA","NA","NA","1946","12634","4609","351609","354956","354955","2053","355521","2055","4610","12634","NA","NA","NA","NA","NA","6475","356236","355521","NA","354955","LexicalDecision"
"No","673","0","Random","25","experimental","0","1","Random","4","0","0","m","trial","1080","1920","/Users/justina/Downloads/lexical_decision","143","1414","1400","2750","1900","0","1900","1875","482","1011","1100","10","1110","legacy","xpyriment","1110","111","n","673","0","20","12","50","50","25","25","25","25","secjepsh","5","200","4519","NA","4611","NA","NA","NA","1946","12634","4609","357540","356351","356350","2053","356838","2055","4610","12634","NA","NA","NA","NA","NA","6475","357512","356837","NA","356350","LexicalDecision"
"No","825","1","Random","-25","experimental","0","1","Random","4","1","1","m","trial","1080","1920","/Users/justina/Downloads/lexical_decision","144","1414","1400","2750","1875","0","1875","1900","405","1011","1100","10","1101","legacy","xpyriment","1101","1110","m","825","0","20","12","50","50","25","25","25","25","tausti","5","200","4519","NA","4611","NA","NA","NA","1946","12634","4609","357540","359679","359678","2053","360086","2055","4610","12634","NA","NA","NA","NA","NA","6475","360912","360085","NA","359678","LexicalDecision"
"No","1112","0","Random","12","experimental","1","1","Random","4","0","0","m","trial","1080","1920","/Users/justina/Downloads/lexical_decision","145","1414","1400","2750","1887","0","1887","1875","553","1011","1100","10","","legacy","xpyriment","","1101","n","1112","0","20","12","50","50","12","12","12","25","acarabne","5","200","4519","NA","4611","NA","NA","NA","1946","12634","4609","362731","361029","361028","2053","361588","2055","4610","12634","NA","NA","NA","NA","NA","6475","362700","361588","NA","361028","LexicalDecision"
"No","735","1","HF","-12","experimental","0","1","HF","1","1","1","n","trial","1080","1920","/Users/justina/Downloads/lexical_decision","146","1402","1400","2750","1887","0","1402","1414","593","111","1100","10","","legacy","xpyriment","0111","1011","n","735","0","20","12","50","50","12","12","12","12","zwak","5","200","4519","NA","4611","NA","NA","NA","1946","12634","4609","362731","364876","364875","2053","365472","2055","4610","12634","NA","NA","NA","NA","NA","6475","366208","365472","NA","364875","LexicalDecision"
"No","918","1","HF","-12","experimental","0","1","HF","1","1","1","n","trial","1080","1920","/Users/justina/Downloads/lexical_decision","147","1390","1400","2750","1887","0","1390","1402","446","1111","1100","10","","legacy","xpyriment","1111","111","n","918","0","20","12","50","50","12","12","12","12","arts","5","200","4519","NA","4611","NA","NA","NA","1946","12634","4609","362731","366322","366322","2053","366774","2055","4610","12634","NA","NA","NA","NA","NA","6475","367693","366774","NA","366322","LexicalDecision"
"No","781","0","LF","50","experimental","0","1","LF","2","0","0","n","trial","1080","1920","/Users/justina/Downloads/lexical_decision","148","1390","1450","2750","1887","0","1450","1400","418","1111","1000","10","","legacy","xpyriment","1000","1100","m","781","0","20","12","50","50","12","50","50","50","frietje","5","200","4519","NA","4611","NA","NA","NA","1946","12634","4609","369044","367813","367812","2053","368233","2055","4610","12634","NA","NA","NA","NA","NA","6475","369015","368233","NA","367812","LexicalDecision"
"No","945","1","LF","-50","experimental","0","1","LF","2","1","1","n","trial","1080","1920","/Users/justina/Downloads/lexical_decision","149","1390","1400","2750","1887","0","1400","1450","524","1111","1","10","","legacy","xpyriment","0001","1000","n","945","0","20","12","50","50","12","50","50","50","mail","5","200","4519","NA","4611","NA","NA","NA","1946","12634","4609","369044","371182","371181","2053","371709","2055","4610","12634","NA","NA","NA","NA","NA","6475","372655","371709","NA","371181","LexicalDecision"
"No","1021","0","Pseudo","50","experimental","0","1","Pseudo","3","0","0","m","trial","1080","1920","/Users/justina/Downloads/lexical_decision","150","1390","1400","2800","1887","0","2800","2750","508","1111","1","100","","legacy","xpyriment","100","10","n","1021","0","20","12","50","50","12","50","50","50","leept","5","200","4519","NA","4611","NA","NA","NA","1946","12634","4609","374333","372771","372770","2053","373283","2055","4610","12634","NA","NA","NA","NA","NA","6475","374305","373282","NA","372770","LexicalDecision"
"No","919","0","HF","12","experimental","0","1","HF","1","0","0","n","trial","1080","1920","/Users/justina/Downloads/lexical_decision","151","1402","1400","2800","1887","0","1402","1390","460","1110","1","100","","legacy","xpyriment","1110","1111","m","919","0","20","12","50","50","12","12","12","12","mede","5","200","4519","NA","4611","NA","NA","NA","1946","12634","4609","377883","376472","376471","2053","376935","2055","4610","12634","NA","NA","NA","NA","NA","6475","377855","376934","NA","376471","LexicalDecision"
"No","795","1","LF","-50","experimental","0","1","LF","2","1","1","n","trial","1080","1920","/Users/justina/Downloads/lexical_decision","152","1402","1350","2800","1887","0","1350","1400","407","1110","11","100","","legacy","xpyriment","11","1","n","795","0","20","12","50","50","12","50","50","50","nestjes","5","200","4519","NA","4611","NA","NA","NA","1946","12634","4609","377883","380023","380022","2053","380432","2055","4610","12634","NA","NA","NA","NA","NA","6475","381228","380432","NA","380022","LexicalDecision"
"No","1350","0","LF","50","experimental","0","1","LF","2","0","0","n","trial","1080","1920","/Users/justina/Downloads/lexical_decision","153","1402","1400","2800","1887","0","1400","1350","517","1110","110","100","","legacy","xpyriment","110","11","None","1350","1","20","12","50","50","12","50","50","50","hangers","5","200","4519","NA","4611","NA","NA","NA","1946","12634","4609","383243","381344","381342","2053","381865","2055","4610","12634","NA","NA","NA","NA","NA","6475","383215","381865","NA","381342","LexicalDecision"
"No","1106","1","HF","-12","experimental","0","1","HF","1","1","1","n","trial","1080","1920","/Users/justina/Downloads/lexical_decision","154","1390","1400","2800","1887","0","1390","1402","404","1101","110","100","","legacy","xpyriment","1101","1110","n","1106","0","20","12","50","50","12","12","12","12","waartoe","5","200","4519","NA","4611","NA","NA","NA","1946","12634","4609","383243","385386","385385","2053","385792","2055","4610","12634","NA","NA","NA","NA","NA","6475","386899","385792","NA","385385","LexicalDecision"
"No","910","0","HF","10","experimental","1","1","HF","1","0","0","n","trial","1080","1920","/Users/justina/Downloads/lexical_decision","155","1400","1400","2800","1887","0","1400","1390","455","","110","100","","legacy","xpyriment","","1101","m","910","0","20","10","50","50","12","10","10","12","blik","5","200","4519","NA","4611","NA","NA","NA","1946","12634","4609","388411","387015","387014","2053","387473","2055","4610","12634","NA","NA","NA","NA","NA","6475","388383","387473","NA","387014","LexicalDecision"
"No","891","1","HF","-10","experimental","0","1","HF","1","1","1","n","trial","1080","1920","/Users/justina/Downloads/lexical_decision","156","1390","1400","2800","1887","0","1390","1400","548","1","110","100","","legacy","xpyriment","1","","n","891","0","20","10","50","50","12","10","10","10","vandaar","5","200","4519","NA","4611","NA","NA","NA","1946","12634","4609","388411","390558","390557","2053","391109","2055","4610","12634","NA","NA","NA","NA","NA","6475","392001","391109","NA","390557","LexicalDecision"
"No","934","1","HF","-10","experimental","0","1","HF","1","1","1","n","trial","1080","1920","/Users/justina/Downloads/lexical_decision","157","1380","1400","2800","1887","0","1380","1390","533","11","110","100","","legacy","xpyriment","11","1","n","934","0","20","10","50","50","12","10","10","10","dier","5","200","4519","NA","4611","NA","NA","NA","1946","12634","4609","388411","392125","392124","2053","392661","2055","4610","12634","NA","NA","NA","NA","NA","6475","393595","392661","NA","392124","LexicalDecision"
"No","1060","0","LF","50","experimental","0","1","LF","2","0","0","n","trial","1080","1920","/Users/justina/Downloads/lexical_decision","158","1380","1450","2800","1887","0","1450","1400","481","11","1100","100","","legacy","xpyriment","1100","110","m","1060","0","20","10","50","50","12","50","50","50","bijzin","5","200","4519","NA","4611","NA","NA","NA","1946","12634","4609","395288","393712","393711","2053","394197","2055","4610","12634","NA","NA","NA","NA","NA","6475","395257","394197","NA","393711","LexicalDecision"
"No","697","0","Pseudo","50","experimental","0","1","Pseudo","3","0","0","m","trial","1080","1920","/Users/justina/Downloads/lexical_decision","159","1380","1450","2850","1887","0","2850","2800","561","11","1100","1000","","legacy","xpyriment","1000","100","n","697","0","20","10","50","50","12","50","50","50","dangt","5","200","4519","NA","4611","NA","NA","NA","1946","12634","4609","398718","397429","397428","2053","397992","2055","4610","12634","NA","NA","NA","NA","NA","6475","398689","397992","NA","397428","LexicalDecision"
"No","1049","1","Pseudo","-50","experimental","0","1","Pseudo","3","1","1","m","trial","1080","1920","/Users/justina/Downloads/lexical_decision","160","1380","1450","2800","1887","0","2800","2850","566","11","1100","1","","legacy","xpyriment","0001","1000","m","1049","0","20","10","50","50","12","50","50","50","lorneel","5","200","4519","NA","4611","NA","NA","NA","1946","12634","4609","398718","400863","400862","2053","401434","2055","4610","12634","NA","NA","NA","NA","NA","6475","402484","401433","NA","400862","LexicalDecision"
"No","1195","1","Random","-12","experimental","0","1","Random","4","1","1","m","trial","1080","1920","/Users/justina/Downloads/lexical_decision","161","1380","1450","2800","1875","0","1875","1887","459","11","1100","1","1","legacy","xpyriment","1","","m","1195","0","20","10","50","50","12","12","12","12","eeelngt","5","200","4519","NA","4611","NA","NA","NA","1946","12634","4609","398718","402601","402600","2053","403064","2055","4610","12634","NA","NA","NA","NA","NA","6475","404260","403064","NA","402600","LexicalDecision"
"No","673","0","Random","12","experimental","0","1","Random","4","0","0","m","trial","1080","1920","/Users/justina/Downloads/lexical_decision","162","1380","1450","2800","1887","0","1887","1875","519","11","1100","1","10","legacy","xpyriment","10","1","n","673","0","20","10","50","50","12","12","12","12","obzmie","5","200","4519","NA","4611","NA","NA","NA","1946","12634","4609","405603","404377","404376","2053","404900","2055","4610","12634","NA","NA","NA","NA","NA","6475","405574","404900","NA","404376","LexicalDecision"
"No","768","0","Pseudo","50","experimental","0","1","Pseudo","3","0","0","m","trial","1080","1920","/Users/justina/Downloads/lexical_decision","163","1380","1450","2850","1887","0","2850","2800","546","11","1100","10","10","legacy","xpyriment","10","1","n","768","0","20","10","50","50","12","50","50","50","facht","5","200","4519","NA","4611","NA","NA","NA","1946","12634","4609","409095","407744","407743","2053","408293","2055","4610","12634","NA","NA","NA","NA","NA","6475","409062","408292","NA","407743","LexicalDecision"
"No","853","0","LF","50","experimental","0","1","LF","2","0","0","n","trial","1080","1920","/Users/justina/Downloads/lexical_decision","164","1380","1500","2850","1887","0","1500","1450","574","11","1000","10","10","legacy","xpyriment","1000","1100","m","853","0","20","10","50","50","12","50","50","50","rocker","5","200","4519","NA","4611","NA","NA","NA","1946","12634","4609","412691","411232","411231","2053","411808","2055","4610","12634","NA","NA","NA","NA","NA","6475","412662","411808","NA","411231","LexicalDecision"
"No","732","0","Random","12","experimental","0","1","Random","4","0","0","m","trial","1080","1920","/Users/justina/Downloads/lexical_decision","165","1380","1500","2850","1899","0","1899","1887","523","11","1000","10","100","legacy","xpyriment","100","10","n","732","0","20","10","50","50","12","12","12","12","gonmem","5","200","4519","NA","4611","NA","NA","NA","1946","12634","4609","416119","414832","414831","2053","415358","2055","4610","12634","NA","NA","NA","NA","NA","6475","416091","415357","NA","414831","LexicalDecision"
"No","714","1","Pseudo","-50","experimental","0","1","Pseudo","3","1","1","m","trial","1080","1920","/Users/justina/Downloads/lexical_decision","166","1380","1500","2800","1899","0","2800","2850","479","11","1000","101","100","legacy","xpyriment","101","10","m","714","0","20","10","50","50","12","50","50","50","reedling","5","200","4519","NA","4611","NA","NA","NA","1946","12634","4609","416119","418260","418259","2053","418741","2055","4610","12634","NA","NA","NA","NA","NA","6475","419456","418741","NA","418259","LexicalDecision"
"No","663","1","HF","-10","experimental","0","1","HF","1","1","1","n","trial","1080","1920","/Users/justina/Downloads/lexical_decision","167","1370","1500","2800","1899","0","1370","1380","564","111","1000","101","100","legacy","xpyriment","111","11","n","663","0","20","10","50","50","12","10","10","10","kruis","5","200","4519","NA","4611","NA","NA","NA","1946","12634","4609","416119","419571","419570","2053","420139","2055","4610","12634","NA","NA","NA","NA","NA","6475","420803","420139","NA","419570","LexicalDecision"
"No","1051","1","LF","-50","experimental","0","1","LF","2","1","1","n","trial","1080","1920","/Users/justina/Downloads/lexical_decision","168","1370","1450","2800","1899","0","1450","1500","591","111","1","101","100","legacy","xpyriment","0001","1000","n","1051","0","20","10","50","50","12","50","50","50","chalets","5","200","4519","NA","4611","NA","NA","NA","1946","12634","4609","416119","420917","420916","2053","421514","2055","4610","12634","NA","NA","NA","NA","NA","6475","422566","421514","NA","420916","LexicalDecision"
"No","750","1","HF","-10","experimental","0","1","HF","1","1","1","n","trial","1080","1920","/Users/justina/Downloads/lexical_decision","169","1360","1450","2800","1899","0","1360","1370","425","1111","1","101","100","legacy","xpyriment","1111","111","n","750","0","20","10","50","50","12","10","10","10","gaat","5","200","4519","NA","4611","NA","NA","NA","1946","12634","4609","416119","422688","422687","2053","423116","2055","4610","12634","NA","NA","NA","NA","NA","6475","423867","423116","NA","422687","LexicalDecision"
"No","1503","1","Pseudo","-50","experimental","0","1","Pseudo","3","1","1","m","trial","1080","1920","/Users/justina/Downloads/lexical_decision","170","1360","1450","2750","1899","0","2750","2800","501","1111","1","1011","100","legacy","xpyriment","1011","101","m","1503","0","20","10","50","50","12","50","50","50","dubriek","5","200","4519","NA","4611","NA","NA","NA","1946","12634","4609","416119","423984","423983","2053","424489","2055","4610","12634","NA","NA","NA","NA","NA","6475","425993","424489","NA","423983","LexicalDecision"
"No","798","0","Pseudo","50","experimental","0","1","Pseudo","3","0","0","m","trial","1080","1920","/Users/justina/Downloads/lexical_decision","171","1360","1450","2800","1899","0","2800","2750","578","1111","1","110","100","legacy","xpyriment","0110","1011","n","798","0","20","10","50","50","12","50","50","50","spraat","5","200","4519","NA","4611","NA","NA","NA","1946","12634","4609","427523","426115","426114","2053","426696","2055","4610","12634","NA","NA","NA","NA","NA","6475","427494","426696","NA","426114","LexicalDecision"
"No","1360","0","HF","10","experimental","0","1","HF","1","0","0","n","trial","1080","1920","/Users/justina/Downloads/lexical_decision","172","1370","1450","2800","1899","0","1370","1360","406","1110","1","110","100","legacy","xpyriment","1110","1111","None","1360","1","20","10","50","50","12","10","10","10","sluit","5","200","4519","NA","4611","NA","NA","NA","1946","12634","4609","431463","429666","429665","2053","430074","2055","4610","12634","NA","NA","NA","NA","NA","6475","431434","430074","NA","429665","LexicalDecision"
"No","512","0","Random","12","experimental","0","1","Random","4","0","0","m","trial","1080","1920","/Users/justina/Downloads/lexical_decision","173","1370","1450","2800","1911","0","1911","1899","528","1110","1","110","1000","legacy","xpyriment","1000","100","n","512","0","20","10","50","50","12","12","12","12","nstuts","5","200","4519","NA","4611","NA","NA","NA","1946","12634","4609","434678","433606","433605","2053","434138","2055","4610","12634","NA","NA","NA","NA","NA","6475","434650","434137","NA","433605","LexicalDecision"
"No","660","1","Pseudo","-50","experimental","0","1","Pseudo","3","1","1","m","trial","1080","1920","/Users/justina/Downloads/lexical_decision","174","1370","1450","2750","1911","0","2750","2800","512","1110","1","1101","1000","legacy","xpyriment","1101","110","m","660","0","20","10","50","50","12","50","50","50","wansen","5","200","4519","NA","4611","NA","NA","NA","1946","12634","4609","434678","436864","436863","2053","437378","2055","4610","12634","NA","NA","NA","NA","NA","6475","438039","437377","NA","436863","LexicalDecision"
"No","853","0","Random","12","experimental","0","1","Random","4","0","0","m","trial","1080","1920","/Users/justina/Downloads/lexical_decision","175","1370","1450","2750","1923","0","1923","1911","550","1110","1","1101","0","legacy","xpyriment","0000","1000","n","853","0","20","10","50","50","12","12","12","12","krrame","5","200","4519","NA","4611","NA","NA","NA","1946","12634","4609","439590","438155","438154","2053","438707","2055","4610","12634","NA","NA","NA","NA","NA","6475","439561","438707","NA","438154","LexicalDecision"
"No","652","0","Pseudo","25","experimental","1","1","Pseudo","3","0","0","m","trial","1080","1920","/Users/justina/Downloads/lexical_decision","176","1370","1450","2775","1923","0","2775","2750","537","1110","1","","0","legacy","xpyriment","","1101","n","652","0","20","10","50","25","12","25","25","50","noks","5","200","4519","NA","4611","NA","NA","NA","1946","12634","4609","442950","441728","441727","2053","442268","2055","4610","12634","NA","NA","NA","NA","NA","6475","442921","442268","NA","441727","LexicalDecision"
"No","554","1","Pseudo","-25","experimental","0","1","Pseudo","3","1","1","m","trial","1080","1920","/Users/justina/Downloads/lexical_decision","177","1370","1450","2750","1923","0","2750","2775","593","1110","1","1","0","legacy","xpyriment","1","","m","554","0","20","10","50","25","12","25","25","25","loel","5","200","4519","NA","4611","NA","NA","NA","1946","12634","4609","442950","445138","445137","2053","445738","2055","4610","12634","NA","NA","NA","NA","NA","6475","446293","445738","NA","445137","LexicalDecision"
"No","711","1","HF","-10","experimental","0","1","HF","1","1","1","n","trial","1080","1920","/Users/justina/Downloads/lexical_decision","178","1360","1450","2750","1923","0","1360","1370","450","1101","1","1","0","legacy","xpyriment","1101","1110","n","711","0","20","10","50","25","12","10","10","10","drinken","5","200","4519","NA","4611","NA","NA","NA","1946","12634","4609","442950","446411","446410","2053","446864","2055","4610","12634","NA","NA","NA","NA","NA","6475","447576","446864","NA","446410","LexicalDecision"
"No","685","1","HF","-10","experimental","0","1","HF","1","1","1","n","trial","1080","1920","/Users/justina/Downloads/lexical_decision","179","1350","1450","2750","1923","0","1350","1360","486","1011","1","1","0","legacy","xpyriment","1011","1101","n","685","0","20","10","50","25","12","10","10","10","speelde","5","200","4519","NA","4611","NA","NA","NA","1946","12634","4609","442950","447696","447695","2053","448186","2055","4610","12634","NA","NA","NA","NA","NA","6475","448872","448185","NA","447695","LexicalDecision"
"No","734","1","HF","-10","experimental","0","1","HF","1","1","1","n","trial","1080","1920","/Users/justina/Downloads/lexical_decision","180","1340","1450","2750","1923","0","1340","1350","411","111","1","1","0","legacy","xpyriment","0111","1011","n","734","0","20","10","50","25","12","10","10","10","waarheid","5","200","4519","NA","4611","NA","NA","NA","1946","12634","4609","442950","448988","448987","2053","449403","2055","4610","12634","NA","NA","NA","NA","NA","6475","450138","449403","NA","448987","LexicalDecision"
"No","756","1","LF","-50","experimental","0","1","LF","2","1","1","n","trial","1080","1920","/Users/justina/Downloads/lexical_decision","181","1340","1400","2750","1923","0","1400","1450","531","111","11","1","0","legacy","xpyriment","11","1","n","756","0","20","10","50","25","12","50","50","50","sausjes","5","200","4519","NA","4611","NA","NA","NA","1946","12634","4609","442950","450253","450252","2053","450788","2055","4610","12634","NA","NA","NA","NA","NA","6475","451544","450788","NA","450252","LexicalDecision"
"No","610","0","Random","12","experimental","0","1","Random","4","0","0","m","trial","1080","1920","/Users/justina/Downloads/lexical_decision","182","1340","1400","2750","1935","0","1935","1923","439","111","11","1","0","legacy","xpyriment","00","0","n","610","0","20","10","50","25","12","12","12","12","meeirrs","5","200","4519","NA","4611","NA","NA","NA","1946","12634","4609","452743","451662","451661","2053","452104","2055","4610","12634","NA","NA","NA","NA","NA","6475","452715","452104","NA","451661","LexicalDecision"
"No","617","0","HF","10","experimental","0","1","HF","1","0","0","n","trial","1080","1920","/Users/justina/Downloads/lexical_decision","183","1350","1400","2750","1935","0","1350","1340","401","1110","11","1","0","legacy","xpyriment","1110","111","m","617","0","20","10","50","25","12","10","10","10","maal","5","200","4519","NA","4611","NA","NA","NA","1946","12634","4609","455939","454888","454887","2053","455292","2055","4610","12634","NA","NA","NA","NA","NA","6475","455910","455292","NA","454887","LexicalDecision"
"No","744","1","HF","-10","experimental","0","1","HF","1","1","1","n","trial","1080","1920","/Users/justina/Downloads/lexical_decision","184","1340","1400","2750","1935","0","1340","1350","418","1101","11","1","0","legacy","xpyriment","1101","1110","n","744","0","20","10","50","25","12","10","10","10","kritiek","5","200","4519","NA","4611","NA","NA","NA","1946","12634","4609","455939","458086","458085","2053","458507","2055","4610","12634","NA","NA","NA","NA","NA","6475","459252","458506","NA","458085","LexicalDecision"
"No","836","0","Random","12","experimental","0","1","Random","4","0","0","m","trial","1080","1920","/Users/justina/Downloads/lexical_decision","185","1340","1400","2750","1947","0","1947","1935","473","1101","11","1","0","legacy","xpyriment","00","0","n","836","0","20","10","50","25","12","12","12","12","ezgreils","5","200","4519","NA","4611","NA","NA","NA","1946","12634","4609","460713","459369","459368","2053","459848","2055","4610","12634","NA","NA","NA","NA","NA","6475","460685","459847","NA","459367","LexicalDecision"
"No","833","0","Pseudo","25","experimental","0","1","Pseudo","3","0","0","m","trial","1080","1920","/Users/justina/Downloads/lexical_decision","186","1340","1400","2775","1947","0","2775","2750","499","1101","11","10","0","legacy","xpyriment","10","1","n","833","0","20","10","50","25","12","25","25","25","vroog","5","200","4519","NA","4611","NA","NA","NA","1946","12634","4609","464217","462854","462853","2053","463355","2055","4610","12634","NA","NA","NA","NA","NA","6475","464189","463354","NA","462853","LexicalDecision"
"No","935","0","Pseudo","25","experimental","0","1","Pseudo","3","0","0","m","trial","1080","1920","/Users/justina/Downloads/lexical_decision","187","1340","1400","2800","1947","0","2800","2775","449","1101","11","100","0","legacy","xpyriment","100","10","n","935","0","20","10","50","25","12","25","25","25","schoop","5","200","4519","NA","4611","NA","NA","NA","1946","12634","4609","467777","466360","466359","2053","466813","2055","4610","12634","NA","NA","NA","NA","NA","6475","467748","466813","NA","466359","LexicalDecision"
"No","712","1","Random","-12","experimental","0","1","Random","4","1","1","m","trial","1080","1920","/Users/justina/Downloads/lexical_decision","188","1340","1400","2800","1935","0","1935","1947","468","1101","11","100","1","legacy","xpyriment","01","0","m","712","0","20","10","50","25","12","12","12","12","tollenr","5","200","4519","NA","4611","NA","NA","NA","1946","12634","4609","467777","469923","469922","2053","470394","2055","4610","12634","NA","NA","NA","NA","NA","6475","471106","470394","NA","469922","LexicalDecision"
"No","1001","0","Pseudo","25","experimental","0","1","Pseudo","3","0","0","m","trial","1080","1920","/Users/justina/Downloads/lexical_decision","189","1340","1400","2825","1935","0","2825","2800","467","1101","11","1000","1","legacy","xpyriment","1000","100","n","1001","0","20","10","50","25","12","25","25","25","gevield","5","200","4519","NA","4611","NA","NA","NA","1946","12634","4609","472723","471222","471221","2053","471691","2055","4610","12634","NA","NA","NA","NA","NA","6475","472692","471691","NA","471221","LexicalDecision"
"No","875","1","LF","-50","experimental","0","1","LF","2","1","1","n","trial","1080","1920","/Users/justina/Downloads/lexical_decision","190","1340","1350","2825","1935","0","1350","1400","459","1101","111","1000","1","legacy","xpyriment","111","11","n","875","0","20","10","50","25","12","50","50","50","jacket","5","200","4519","NA","4611","NA","NA","NA","1946","12634","4609","472723","474865","474864","2053","475327","2055","4610","12634","NA","NA","NA","NA","NA","6475","476202","475326","NA","474864","LexicalDecision"
"No","840","0","Pseudo","25","experimental","0","1","Pseudo","3","0","0","m","trial","1080","1920","/Users/justina/Downloads/lexical_decision","191","1340","1350","2850","1935","0","2850","2825","576","1101","111","0","1","legacy","xpyriment","0000","1000","n","840","0","20","10","50","25","12","25","25","25","stas","5","200","4519","NA","4611","NA","NA","NA","1946","12634","4609","477765","476317","476316","2053","476897","2055","4610","12634","NA","NA","NA","NA","NA","6475","477737","476897","NA","476316","LexicalDecision"
"No","864","1","Pseudo","-25","experimental","0","1","Pseudo","3","1","1","m","trial","1080","1920","/Users/justina/Downloads/lexical_decision","192","1340","1350","2825","1935","0","2825","2850","518","1101","111","1","1","legacy","xpyriment","01","0","m","864","0","20","10","50","25","12","25","25","25","maarde","5","200","4519","NA","4611","NA","NA","NA","1946","12634","4609","477765","479905","479904","2053","480426","2055","4610","12634","NA","NA","NA","NA","NA","6475","481291","480426","NA","479904","LexicalDecision"
"No","884","1","Random","-12","experimental","0","1","Random","4","1","1","m","trial","1080","1920","/Users/justina/Downloads/lexical_decision","193","1340","1350","2825","1923","0","1923","1935","517","1101","111","1","11","legacy","xpyriment","11","1","m","884","0","20","10","50","25","12","12","12","12","jipelss","5","200","4519","NA","4611","NA","NA","NA","1946","12634","4609","477765","481406","481405","2053","481928","2055","4610","12634","NA","NA","NA","NA","NA","6475","482813","481928","NA","481405","LexicalDecision"
"No","1350","0","LF","50","experimental","0","1","LF","2","0","0","n","trial","1080","1920","/Users/justina/Downloads/lexical_decision","194","1340","1400","2825","1923","0","1400","1350","526","1101","1110","1","11","legacy","xpyriment","1110","111","None","1350","1","20","10","50","25","12","50","50","50","zombies","5","200","4519","NA","4611","NA","NA","NA","1946","12634","4609","484841","482933","482932","2053","483462","2055","4610","12634","NA","NA","NA","NA","NA","6475","484812","483462","NA","482932","LexicalDecision"
"No","785","1","LF","-50","experimental","0","1","LF","2","1","1","n","trial","1080","1920","/Users/justina/Downloads/lexical_decision","195","1340","1350","2825","1923","0","1350","1400","556","1101","1101","1","11","legacy","xpyriment","1101","1110","n","785","0","20","10","50","25","12","50","50","50","striem","5","200","4519","NA","4611","NA","NA","NA","1946","12634","4609","484841","486985","486984","2053","487544","2055","4610","12634","NA","NA","NA","NA","NA","6475","488330","487544","NA","486984","LexicalDecision"
"No","1039","1","Random","-12","experimental","0","1","Random","4","1","1","m","trial","1080","1920","/Users/justina/Downloads/lexical_decision","196","1340","1350","2825","1911","0","1911","1923","493","1101","1101","1","111","legacy","xpyriment","111","11","m","1039","0","20","10","50","25","12","12","12","12","fnstiet","5","200","4519","NA","4611","NA","NA","NA","1946","12634","4609","484841","488452","488451","2053","488950","2055","4610","12634","NA","NA","NA","NA","NA","6475","489990","488950","NA","488451","LexicalDecision"
"No","703","1","HF","-10","experimental","0","1","HF","1","1","1","n","trial","1080","1920","/Users/justina/Downloads/lexical_decision","197","1330","1350","2825","1911","0","1330","1340","431","1011","1101","1","111","legacy","xpyriment","1011","1101","n","703","0","20","10","50","25","12","10","10","10","stellen","5","200","4519","NA","4611","NA","NA","NA","1946","12634","4609","484841","490108","490107","2053","490542","2055","4610","12634","NA","NA","NA","NA","NA","6475","491246","490542","NA","490107","LexicalDecision"
"No","671","1","Random","-12","experimental","0","1","Random","4","1","1","m","trial","1080","1920","/Users/justina/Downloads/lexical_decision","198","1330","1350","2825","1899","0","1899","1911","580","1011","1101","1","1111","legacy","xpyriment","1111","111","m","671","0","20","10","50","25","12","12","12","12","arrsad","5","200","4519","NA","4611","NA","NA","NA","1946","12634","4609","484841","491362","491361","2053","491946","2055","4610","12634","NA","NA","NA","NA","NA","6475","492618","491945","NA","491361","LexicalDecision"
"No","742","1","Random","-12","experimental","0","1","Random","4","1","1","m","trial","1080","1920","/Users/justina/Downloads/lexical_decision","199","1330","1350","2825","1887","0","1887","1899","438","1011","1101","1","1111","legacy","xpyriment","1111","1111","m","742","0","20","10","50","25","12","12","12","12","iaml","5","200","4519","NA","4611","NA","NA","NA","1946","12634","4609","484841","492733","492732","2053","493175","2055","4610","12634","NA","NA","NA","NA","NA","6475","493918","493174","NA","492732","LexicalDecision"
"No","1267","1","LF","-50","experimental","0","1","LF","2","1","1","n","trial","1080","1920","/Users/justina/Downloads/lexical_decision","200","1330","1300","2825","1887","0","1300","1350","493","1011","1011","1","1111","legacy","xpyriment","1011","1101","n","1267","0","20","10","50","25","12","50","50","50","wipplank","5","200","4519","NA","4611","NA","NA","NA","1946","12634","4609","484841","494034","494033","2053","494531","2055","4610","12634","NA","NA","NA","NA","NA","6475","495799","494531","NA","494033","LexicalDecision"
"No","1267","1","ALL","-50","experimental","0","1","LF","2","1","1","n","block_summary","1080","1920","/Users/justina/Downloads/lexical_decision","200","1330","1300","2825","1887","0","1300","1350","493","1011","1011","1","1111","legacy","xpyriment","1011","1101","n","1267","0","20","10","50","25","12","50","50","50","buffers","5","200","4519","NA","4611","NA","NA","NA","1946","12634","4609","484841","494034","494033","2053","494531","2055","4610","12634","NA","NA","NA","NA","NA","6475","495799","494531","NA","494033","LexicalDecision"
