"Practice","RT","accuracy","adaptive_category","adaptive_change","adaptive_phase","alternation_detected","block","cond","condition","correct","correct_keyboard_response","correct_response","data_row_type","display_height","display_width","experiment_path","experimental_trial_count","exposure_HF","exposure_LF","exposure_Pseudo","exposure_Random","exposure_floor_reached","exposure_time_after","exposure_time_before","fixation_dur","history_HF","history_LF","history_Pseudo","history_Random","keyboard_backend","mouse_backend","outcome_history_after","outcome_history_before","response_keyboard_response","response_time_keyboard_response","response_was_timeout","scaled_font_size","step_HF","step_LF","step_Pseudo","step_Random","step_size_after","step_size_applied","step_size_before","stimulus","subject_nr","testing_trial_limit","time_Experimental","time_Practice","time_block_start","time_end_of_block_trigger","time_end_of_experiment","time_end_of_practice_block_trigger","time_experiment","time_experimental_block","time_experimental_sequence","time_feedback","time_fixation","time_fixation_duration","time_generalpreps","time_keyboard_response","time_main_instructions","time_new_block","time_new_block_trigger","time_new_sketchpad","time_practice_block","time_practice_block_trigger","time_practice_sequence_1","time_practice_start","time_presstostart","time_response_trigger","time_stimulus","time_stimulus_trigger","time_trial_sequence","title"
"No","1013","1","Pseudo","-50","experimental","0","1","Pseudo","3","1","1","m","trial","1080","1920","/Users/justina/Downloads/lexical_decision","1","2000","2000","1950","2000","0","1950","2000","563","","","1","","legacy","xpyriment","1","","m","1013","0","20","50","50","50","50","50","50","50","peinten","13","200","98859","NA","98953","NA","NA","NA","1478","115579","98951","NA","115670","115668","1561","116235","1563","98951","115579","NA","NA","NA","NA","NA","112479","117248","116235","NA","115668","LexicalDecision"
"No","610","1","LF","-50","experimental","0","1","LF","2","1","1","n","trial","1080","1920","/Users/justina/Downloads/lexical_decision","2","2000","1950","1950","2000","0","1950","2000","571","","1","1","","legacy","xpyriment","1","","n","610","0","20","50","50","50","50","50","50","50","veldjes","13","200","98859","NA","98953","NA","NA","NA","1478","115579","98951","NA","117384","117383","1561","117959","1563","98951","115579","NA","NA","NA","NA","NA","112479","118570","117959","NA","117383","LexicalDecision"
"No","622","1","HF","-50","experimental","0","1","HF","1","1","1","n","trial","1080","1920","/Users/justina/Downloads/lexical_decision","3","1950","1950","1950","2000","0","1950","2000","414","1","1","1","","legacy","xpyriment","1","","n","622","0","20","50","50","50","50","50","50","50","klein","13","200","98859","NA","98953","NA","NA","NA","1478","115579","98951","NA","118689","118688","1561","119106","1563","98951","115579","NA","NA","NA","NA","NA","112479","119729","119106","NA","118688","LexicalDecision"
"No","831","1","Random","-50","experimental","0","1","Random","4","1","1","m","trial","1080","1920","/Users/justina/Downloads/lexical_decision","4","1950","1950","1950","1950","0","1950","2000","452","1","1","1","1","legacy","xpyriment","1","","m","831","0","20","50","50","50","50","50","50","50","eembozs","13","200","98859","NA","98953","NA","NA","NA","1478","115579","98951","NA","119851","119850","1561","120305","1563","98951","115579","NA","NA","NA","NA","NA","112479","121137","120305","NA","119850","LexicalDecision"
"No","633","1","Pseudo","-50","experimental","0","1","Pseudo","3","1","1","m","trial","1080","1920","/Users/justina/Downloads/lexical_decision","5","1950","1950","1900","1950","0","1900","1950","395","1","1","11","1","legacy","xpyriment","11","1","m","633","0","20","50","50","50","50","50","50","50","mopor","13","200","98859","NA","98953","NA","NA","NA","1478","115579","98951","NA","121256","121255","1561","121653","1563","98951","115579","NA","NA","NA","NA","NA","112479","122287","121653","NA","121255","LexicalDecision"
"No","551","1","Random","-50","experimental","0","1","Random","4","1","1","m","trial","1080","1920","/Users/justina/Downloads/lexical_decision","6","1950","1950","1900","1900","0","1900","1950","435","1","1","11","11","legacy","xpyriment","11","1","m","551","0","20","50","50","50","50","50","50","50","ujekde","13","200","98859","NA","98953","NA","NA","NA","1478","115579","98951","NA","122404","122403","1561","122842","1563","98951","115579","NA","NA","NA","NA","NA","112479","123394","122842","NA","122403","LexicalDecision"
"No","994","1","Pseudo","-50","experimental","0","1","Pseudo","3","1","1","m","trial","1080","1920","/Users/justina/Downloads/lexical_decision","7","1950","1950","1850","1900","0","1850","1900","520","1","1","111","11","legacy","xpyriment","111","11","m","994","0","20","50","50","50","50","50","50","50","faarden","13","200","98859","NA","98953","NA","NA","NA","1478","115579","98951","NA","123511","123510","1561","124035","1563","98951","115579","NA","NA","NA","NA","NA","112479","125029","124035","NA","123510","LexicalDecision"
"No","622","1","HF","-50","experimental","0","1","HF","1","1","1","n","trial","1080","1920","/Users/justina/Downloads/lexical_decision","8","1900","1950","1850","1900","0","1900","1950","551","11","1","111","11","legacy","xpyriment","11","1","n","622","0","20","50","50","50","50","50","50","50","meende","13","200","98859","NA","98953","NA","NA","NA","1478","115579","98951","NA","125148","125147","1561","125701","1563","98951","115579","NA","NA","NA","NA","NA","112479","126324","125701","NA","125147","LexicalDecision"
"No","784","0","LF","50","experimental","0","1","LF","2","0","0","n","trial","1080","1920","/Users/justina/Downloads/lexical_decision","9","1900","2000","1850","1900","0","2000","1950","455","11","10","111","11","legacy","xpyriment","10","1","m","784","0","20","50","50","50","50","50","50","50","kotje","13","200","98859","NA","98953","NA","NA","NA","1478","115579","98951","127714","126443","126442","1561","126900","1563","98951","115579","NA","NA","NA","NA","NA","112479","127685","126900","NA","126442","LexicalDecision"
"No","1211","1","Pseudo","-50","experimental","0","1","Pseudo","3","1","1","m","trial","1080","1920","/Users/justina/Downloads/lexical_decision","10","1900","2000","1800","1900","0","1800","1850","455","11","10","1111","11","legacy","xpyriment","1111","111","m","1211","0","20","50","50","50","50","50","50","50","kraagt","13","200","98859","NA","98953","NA","NA","NA","1478","115579","98951","127714","129851","129850","1561","130308","1563","98951","115579","NA","NA","NA","NA","NA","112479","131520","130308","NA","129850","LexicalDecision"
"No","667","1","Random","-50","experimental","0","1","Random","4","1","1","m","trial","1080","1920","/Users/justina/Downloads/lexical_decision","11","1900","2000","1800","1850","0","1850","1900","404","11","10","1111","111","legacy","xpyriment","111","11","m","667","0","20","50","50","50","50","50","50","50","tnokars","13","200","98859","NA","98953","NA","NA","NA","1478","115579","98951","127714","131638","131637","1561","132044","1563","98951","115579","NA","NA","NA","NA","NA","112479","132711","132044","NA","131636","LexicalDecision"
"No","492","1","Pseudo","-50","experimental","0","1","Pseudo","3","1","1","m","trial","1080","1920","/Users/justina/Downloads/lexical_decision","12","1900","2000","1750","1850","0","1750","1800","439","11","10","1111","111","legacy","xpyriment","1111","1111","m","492","0","20","50","50","50","50","50","50","50","minaag","13","200","98859","NA","98953","NA","NA","NA","1478","115579","98951","127714","132830","132829","1561","133271","1563","98951","115579","NA","NA","NA","NA","NA","112479","133763","133271","NA","132829","LexicalDecision"
"No","798","1","Pseudo","-50","experimental","0","1","Pseudo","3","1","1","m","trial","1080","1920","/Users/justina/Downloads/lexical_decision","13","1900","2000","1700","1850","0","1700","1750","427","11","10","1111","111","legacy","xpyriment","1111","1111","m","798","0","20","50","50","50","50","50","50","50","bertend","13","200","98859","NA","98953","NA","NA","NA","1478","115579","98951","127714","133886","133885","1561","134316","1563","98951","115579","NA","NA","NA","NA","NA","112479","135115","134316","NA","133885","LexicalDecision"
"No","514","1","HF","-50","experimental","0","1","HF","1","1","1","n","trial","1080","1920","/Users/justina/Downloads/lexical_decision","14","1850","2000","1700","1850","0","1850","1900","537","111","10","1111","111","legacy","xpyriment","111","11","n","514","0","20","50","50","50","50","50","50","50","stof","13","200","98859","NA","98953","NA","NA","NA","1478","115579","98951","127714","135233","135232","1561","135773","1563","98951","115579","NA","NA","NA","NA","NA","112479","136288","135772","NA","135232","LexicalDecision"
"No","553","1","Pseudo","-50","experimental","0","1","Pseudo","3","1","1","m","trial","1080","1920","/Users/justina/Downloads/lexical_decision","15","1850","2000","1650","1850","0","1650","1700","500","111","10","1111","111","legacy","xpyriment","1111","1111","m","553","0","20","50","50","50","50","50","50","50","duut","13","200","98859","NA","98953","NA","NA","NA","1478","115579","98951","127714","136405","136404","1561","136908","1563","98951","115579","NA","NA","NA","NA","NA","112479","137461","136908","NA","136404","LexicalDecision"
"No","613","1","LF","-50","experimental","0","1","LF","2","1","1","n","trial","1080","1920","/Users/justina/Downloads/lexical_decision","16","1850","1950","1650","1850","0","1950","2000","406","111","101","1111","111","legacy","xpyriment","101","10","n","613","0","20","50","50","50","50","50","50","50","dutjes","13","200","98859","NA","98953","NA","NA","NA","1478","115579","98951","127714","137589","137588","1561","137996","1563","98951","115579","NA","NA","NA","NA","NA","112479","138610","137996","NA","137588","LexicalDecision"
"No","708","1","LF","-50","experimental","0","1","LF","2","1","1","n","trial","1080","1920","/Users/justina/Downloads/lexical_decision","17","1850","1900","1650","1850","0","1900","1950","595","111","1011","1111","111","legacy","xpyriment","1011","101","n","708","0","20","50","50","50","50","50","50","50","hendels","13","200","98859","NA","98953","NA","NA","NA","1478","115579","98951","127714","138729","138729","1561","139327","1563","98951","115579","NA","NA","NA","NA","NA","112479","140036","139327","NA","138728","LexicalDecision"
"No","866","1","LF","-50","experimental","0","1","LF","2","1","1","n","trial","1080","1920","/Users/justina/Downloads/lexical_decision","18","1850","1850","1650","1850","0","1850","1900","534","111","111","1111","111","legacy","xpyriment","0111","1011","n","866","0","20","50","50","50","50","50","50","50","esdoorn","13","200","98859","NA","98953","NA","NA","NA","1478","115579","98951","127714","140155","140154","1561","140692","1563","98951","115579","NA","NA","NA","NA","NA","112479","141558","140692","NA","140153","LexicalDecision"
"No","594","1","Pseudo","-50","experimental","0","1","Pseudo","3","1","1","m","trial","1080","1920","/Users/justina/Downloads/lexical_decision","19","1850","1850","1600","1850","0","1600","1650","563","111","111","1111","111","legacy","xpyriment","1111","1111","m","594","0","20","50","50","50","50","50","50","50","egnect","13","200","98859","NA","98953","NA","NA","NA","1478","115579","98951","127714","141677","141676","1561","142242","1563","98951","115579","NA","NA","NA","NA","NA","112479","142836","142242","NA","141676","LexicalDecision"
"No","586","1","Random","-50","experimental","0","1","Random","4","1","1","m","trial","1080","1920","/Users/justina/Downloads/lexical_decision","20","1850","1850","1600","1800","0","1800","1850","589","111","111","1111","1111","legacy","xpyriment","1111","111","m","586","0","20","50","50","50","50","50","50","50","tetozn","13","200","98859","NA","98953","NA","NA","NA","1478","115579","98951","127714","142955","142954","1561","143547","1563","98951","115579","NA","NA","NA","NA","NA","112479","144134","143546","NA","142954","LexicalDecision"
"No","831","1","Random","-50","experimental","0","1","Random","4","1","1","m","trial","1080","1920","/Users/justina/Downloads/lexical_decision","21","1850","1850","1600","1750","0","1750","1800","416","111","111","1111","1111","legacy","xpyriment","1111","1111","m","831","0","20","50","50","50","50","50","50","50","scibuit","13","200","98859","NA","98953","NA","NA","NA","1478","115579","98951","127714","144253","144252","1561","144672","1563","98951","115579","NA","NA","NA","NA","NA","112479","145504","144672","NA","144252","LexicalDecision"
"No","703","1","Random","-50","experimental","0","1","Random","4","1","1","m","trial","1080","1920","/Users/justina/Downloads/lexical_decision","22","1850","1850","1600","1700","0","1700","1750","426","111","111","1111","1111","legacy","xpyriment","1111","1111","m","703","0","20","50","50","50","50","50","50","50","neuiks","13","200","98859","NA","98953","NA","NA","NA","1478","115579","98951","127714","145626","145625","1561","146054","1563","98951","115579","NA","NA","NA","NA","NA","112479","146758","146054","NA","145624","LexicalDecision"
"No","946","1","HF","-50","experimental","0","1","HF","1","1","1","n","trial","1080","1920","/Users/justina/Downloads/lexical_decision","23","1800","1850","1600","1700","0","1800","1850","398","1111","111","1111","1111","legacy","xpyriment","1111","111","n","946","0","20","50","50","50","50","50","50","50","ring","13","200","98859","NA","98953","NA","NA","NA","1478","115579","98951","127714","146876","146875","1561","147277","1563","98951","115579","NA","NA","NA","NA","NA","112479","148224","147277","NA","146875","LexicalDecision"
"No","510","1","Random","-50","experimental","0","1","Random","4","1","1","m","trial","1080","1920","/Users/justina/Downloads/lexical_decision","24","1800","1850","1600","1650","0","1650","1700","427","1111","111","1111","1111","legacy","xpyriment","1111","1111","m","510","0","20","50","50","50","50","50","50","50","tfsroac","13","200","98859","NA","98953","NA","NA","NA","1478","115579","98951","127714","148343","148342","1561","148773","1563","98951","115579","NA","NA","NA","NA","NA","112479","149284","148773","NA","148342","LexicalDecision"
"No","518","1","Random","-50","experimental","0","1","Random","4","1","1","m","trial","1080","1920","/Users/justina/Downloads/lexical_decision","25","1800","1850","1600","1600","0","1600","1650","467","1111","111","1111","1111","legacy","xpyriment","1111","1111","m","518","0","20","50","50","50","50","50","50","50","jngiogg","13","200","98859","NA","98953","NA","NA","NA","1478","115579","98951","127714","149401","149400","1561","149870","1563","98951","115579","NA","NA","NA","NA","NA","112479","150388","149870","NA","149400","LexicalDecision"
"No","753","1","Pseudo","-50","experimental","0","1","Pseudo","3","1","1","m","trial","1080","1920","/Users/justina/Downloads/lexical_decision","26","1800","1850","1550","1600","0","1550","1600","473","1111","111","1111","1111","legacy","xpyriment","1111","1111","m","753","0","20","50","50","50","50","50","50","50","hact","13","200","98859","NA","98953","NA","NA","NA","1478","115579","98951","127714","150505","150504","1561","150981","1563","98951","115579","NA","NA","NA","NA","NA","112479","151735","150981","NA","150504","LexicalDecision"
"No","1210","0","LF","50","experimental","0","1","LF","2","0","0","n","trial","1080","1920","/Users/justina/Downloads/lexical_decision","27","1800","1900","1550","1600","0","1900","1850","467","1111","1110","1111","1111","legacy","xpyriment","1110","111","m","1210","0","20","50","50","50","50","50","50","50","eisers","13","200","98859","NA","98953","NA","NA","NA","1478","115579","98951","153563","151853","151852","1561","152322","1563","98951","115579","NA","NA","NA","NA","NA","112479","153533","152322","NA","151852","LexicalDecision"
"No","724","1","HF","-50","experimental","0","1","HF","1","1","1","n","trial","1080","1920","/Users/justina/Downloads/lexical_decision","28","1750","1900","1550","1600","0","1750","1800","422","1111","1110","1111","1111","legacy","xpyriment","1111","1111","n","724","0","20","50","50","50","50","50","50","50","sporen","13","200","98859","NA","98953","NA","NA","NA","1478","115579","98951","153563","155701","155700","1561","156126","1563","98951","115579","NA","NA","NA","NA","NA","112479","156851","156125","NA","155700","LexicalDecision"
"No","566","1","HF","-50","experimental","0","1","HF","1","1","1","n","trial","1080","1920","/Users/justina/Downloads/lexical_decision","29","1700","1900","1550","1600","0","1700","1750","520","1111","1110","1111","1111","legacy","xpyriment","1111","1111","n","566","0","20","50","50","50","50","50","50","50","mooi","13","200","98859","NA","98953","NA","NA","NA","1478","115579","98951","153563","156969","156968","1561","157492","1563","98951","115579","NA","NA","NA","NA","NA","112479","158059","157491","NA","156968","LexicalDecision"
"No","548","1","Random","-50","experimental","0","1","Random","4","1","1","m","trial","1080","1920","/Users/justina/Downloads/lexical_decision","30","1700","1900","1550","1550","0","1550","1600","409","1111","1110","1111","1111","legacy","xpyriment","1111","1111","m","548","0","20","50","50","50","50","50","50","50","lryla","13","200","98859","NA","98953","NA","NA","NA","1478","115579","98951","153563","158177","158176","1561","158589","1563","98951","115579","NA","NA","NA","NA","NA","112479","159138","158589","NA","158176","LexicalDecision"
"No","832","1","LF","-50","experimental","0","1","LF","2","1","1","n","trial","1080","1920","/Users/justina/Downloads/lexical_decision","31","1700","1850","1550","1550","0","1850","1900","571","1111","1101","1111","1111","legacy","xpyriment","1101","1110","n","832","0","20","50","50","50","50","50","50","50","buffers","13","200","98859","NA","98953","NA","NA","NA","1478","115579","98951","153563","159255","159254","1561","159829","1563","98951","115579","NA","NA","NA","NA","NA","112479","160662","159829","NA","159254","LexicalDecision"
"No","818","0","Pseudo","50","experimental","0","1","Pseudo","3","0","0","m","trial","1080","1920","/Users/justina/Downloads/lexical_decision","32","1700","1850","1600","1550","0","1600","1550","439","1111","1101","1110","1111","legacy","xpyriment","1110","1111","n","818","0","20","50","50","50","50","50","50","50","syndeem","13","200","98859","NA","98953","NA","NA","NA","1478","115579","98951","162068","160779","160778","1561","161220","1563","98951","115579","NA","NA","NA","NA","NA","112479","162039","161220","NA","160778","LexicalDecision"
"No","677","1","Random","-50","experimental","0","1","Random","4","1","1","m","trial","1080","1920","/Users/justina/Downloads/lexical_decision","33","1700","1850","1600","1500","0","1500","1550","497","1111","1101","1110","1111","legacy","xpyriment","1111","1111","m","677","0","20","50","50","50","50","50","50","50","keotj","13","200","98859","NA","98953","NA","NA","NA","1478","115579","98951","162068","164205","164204","1561","164704","1563","98951","115579","NA","NA","NA","NA","NA","112479","165382","164704","NA","164204","LexicalDecision"
"No","430","1","Random","-50","experimental","0","1","Random","4","1","1","m","trial","1080","1920","/Users/justina/Downloads/lexical_decision","34","1700","1850","1600","1450","0","1450","1500","523","1111","1101","1110","1111","legacy","xpyriment","1111","1111","m","430","0","20","50","50","50","50","50","50","50","mrkneom","13","200","98859","NA","98953","NA","NA","NA","1478","115579","98951","162068","165501","165500","1561","166028","1563","98951","115579","NA","NA","NA","NA","NA","112479","166459","166027","NA","165500","LexicalDecision"
"No","673","1","Pseudo","-50","experimental","0","1","Pseudo","3","1","1","m","trial","1080","1920","/Users/justina/Downloads/lexical_decision","35","1700","1850","1550","1450","0","1550","1600","547","1111","1101","1101","1111","legacy","xpyriment","1101","1110","m","673","0","20","50","50","50","50","50","50","50","verlelt","13","200","98859","NA","98953","NA","NA","NA","1478","115579","98951","162068","166575","166574","1561","167125","1563","98951","115579","NA","NA","NA","NA","NA","112479","167799","167125","NA","166574","LexicalDecision"
"No","477","1","Pseudo","-50","experimental","0","1","Pseudo","3","1","1","m","trial","1080","1920","/Users/justina/Downloads/lexical_decision","36","1700","1850","1500","1450","0","1500","1550","425","1111","1101","1011","1111","legacy","xpyriment","1011","1101","m","477","0","20","50","50","50","50","50","50","50","gegt","13","200","98859","NA","98953","NA","NA","NA","1478","115579","98951","162068","167917","167916","1561","168345","1563","98951","115579","NA","NA","NA","NA","NA","112479","168823","168345","NA","167916","LexicalDecision"
"No","555","1","LF","-50","experimental","0","1","LF","2","1","1","n","trial","1080","1920","/Users/justina/Downloads/lexical_decision","37","1700","1800","1500","1450","0","1800","1850","431","1111","1011","1011","1111","legacy","xpyriment","1011","1101","n","555","0","20","50","50","50","50","50","50","50","zwaantje","13","200","98859","NA","98953","NA","NA","NA","1478","115579","98951","162068","168940","168939","1561","169373","1563","98951","115579","NA","NA","NA","NA","NA","112479","169928","169373","NA","168939","LexicalDecision"
"No","533","1","LF","-50","experimental","0","1","LF","2","1","1","n","trial","1080","1920","/Users/justina/Downloads/lexical_decision","38","1700","1750","1500","1450","0","1750","1800","466","1111","111","1011","1111","legacy","xpyriment","0111","1011","n","533","0","20","50","50","50","50","50","50","50","slipjes","13","200","98859","NA","98953","NA","NA","NA","1478","115579","98951","162068","170046","170045","1561","170515","1563","98951","115579","NA","NA","NA","NA","NA","112479","171049","170514","NA","170045","LexicalDecision"
"No","861","1","Pseudo","-50","experimental","0","1","Pseudo","3","1","1","m","trial","1080","1920","/Users/justina/Downloads/lexical_decision","39","1700","1750","1450","1450","0","1450","1500","429","1111","111","111","1111","legacy","xpyriment","0111","1011","m","861","0","20","50","50","50","50","50","50","50","eitel","13","200","98859","NA","98953","NA","NA","NA","1478","115579","98951","162068","171169","171168","1561","171601","1563","98951","115579","NA","NA","NA","NA","NA","112479","172463","171600","NA","171167","LexicalDecision"
"No","448","0","HF","50","experimental","0","1","HF","1","0","0","n","trial","1080","1920","/Users/justina/Downloads/lexical_decision","40","1750","1750","1450","1450","0","1750","1700","578","1110","111","111","1111","legacy","xpyriment","1110","1111","m","448","0","20","50","50","50","50","50","50","50","kleur","13","200","98859","NA","98953","NA","NA","NA","1478","115579","98951","173640","172580","172579","1561","173162","1563","98951","115579","NA","NA","NA","NA","NA","112479","173611","173162","NA","172579","LexicalDecision"
"No","749","1","Pseudo","-50","experimental","0","1","Pseudo","3","1","1","m","trial","1080","1920","/Users/justina/Downloads/lexical_decision","41","1750","1750","1400","1450","0","1400","1450","554","1110","111","1111","1111","legacy","xpyriment","1111","111","m","749","0","20","50","50","50","50","50","50","50","plaar","13","200","98859","NA","98953","NA","NA","NA","1478","115579","98951","173640","175781","175780","1561","176338","1563","98951","115579","NA","NA","NA","NA","NA","112479","177087","176337","NA","175780","LexicalDecision"
"No","563","1","Random","-50","experimental","0","1","Random","4","1","1","m","trial","1080","1920","/Users/justina/Downloads/lexical_decision","42","1750","1750","1400","1400","0","1400","1450","415","1110","111","1111","1111","legacy","xpyriment","1111","1111","m","563","0","20","50","50","50","50","50","50","50","earrspt","13","200","98859","NA","98953","NA","NA","NA","1478","115579","98951","173640","177206","177205","1561","177623","1563","98951","115579","NA","NA","NA","NA","NA","112479","178187","177623","NA","177204","LexicalDecision"
"No","494","1","Random","-50","experimental","0","1","Random","4","1","1","m","trial","1080","1920","/Users/justina/Downloads/lexical_decision","43","1750","1750","1400","1350","0","1350","1400","507","1110","111","1111","1111","legacy","xpyriment","1111","1111","m","494","0","20","50","50","50","50","50","50","50","robtu","13","200","98859","NA","98953","NA","NA","NA","1478","115579","98951","173640","178304","178303","1561","178815","1563","98951","115579","NA","NA","NA","NA","NA","112479","179310","178814","NA","178303","LexicalDecision"
"No","514","1","Random","-50","experimental","0","1","Random","4","1","1","m","trial","1080","1920","/Users/justina/Downloads/lexical_decision","44","1750","1750","1400","1300","0","1300","1350","507","1110","111","1111","1111","legacy","xpyriment","1111","1111","m","514","0","20","50","50","50","50","50","50","50","ilwotfo","13","200","98859","NA","98953","NA","NA","NA","1478","115579","98951","173640","179427","179426","1561","179938","1563","98951","115579","NA","NA","NA","NA","NA","112479","180452","179937","NA","179426","LexicalDecision"
"No","485","1","HF","-50","experimental","0","1","HF","1","1","1","n","trial","1080","1920","/Users/justina/Downloads/lexical_decision","45","1700","1750","1400","1300","0","1700","1750","592","1101","111","1111","1111","legacy","xpyriment","1101","1110","n","485","0","20","50","50","50","50","50","50","50","vogel","13","200","98859","NA","98953","NA","NA","NA","1478","115579","98951","173640","180570","180569","1561","181165","1563","98951","115579","NA","NA","NA","NA","NA","112479","181651","181165","NA","180569","LexicalDecision"
"No","569","1","HF","-50","experimental","0","1","HF","1","1","1","n","trial","1080","1920","/Users/justina/Downloads/lexical_decision","46","1650","1750","1400","1300","0","1650","1700","554","1011","111","1111","1111","legacy","xpyriment","1011","1101","n","569","0","20","50","50","50","50","50","50","50","luid","13","200","98859","NA","98953","NA","NA","NA","1478","115579","98951","173640","181768","181767","1561","182325","1563","98951","115579","NA","NA","NA","NA","NA","112479","182895","182325","NA","181767","LexicalDecision"
"No","557","1","LF","-50","experimental","0","1","LF","2","1","1","n","trial","1080","1920","/Users/justina/Downloads/lexical_decision","47","1650","1700","1400","1300","0","1700","1750","463","1011","1111","1111","1111","legacy","xpyriment","1111","111","n","557","0","20","50","50","50","50","50","50","50","haarband","13","200","98859","NA","98953","NA","NA","NA","1478","115579","98951","173640","183012","183011","1561","183478","1563","98951","115579","NA","NA","NA","NA","NA","112479","184036","183478","NA","183011","LexicalDecision"
"No","479","1","LF","-50","experimental","0","1","LF","2","1","1","n","trial","1080","1920","/Users/justina/Downloads/lexical_decision","48","1650","1650","1400","1300","0","1650","1700","562","1011","1111","1111","1111","legacy","xpyriment","1111","1111","n","479","0","20","50","50","50","50","50","50","50","beertjes","13","200","98859","NA","98953","NA","NA","NA","1478","115579","98951","173640","184153","184152","1561","184717","1563","98951","115579","NA","NA","NA","NA","NA","112479","185197","184717","NA","184151","LexicalDecision"
"No","478","1","LF","-50","experimental","0","1","LF","2","1","1","n","trial","1080","1920","/Users/justina/Downloads/lexical_decision","49","1650","1600","1400","1300","0","1600","1650","587","1011","1111","1111","1111","legacy","xpyriment","1111","1111","n","478","0","20","50","50","50","50","50","50","50","racebaan","13","200","98859","NA","98953","NA","NA","NA","1478","115579","98951","173640","185317","185316","1561","185905","1563","98951","115579","NA","NA","NA","NA","NA","112479","186383","185905","NA","185315","LexicalDecision"
"No","481","1","Random","-50","experimental","0","1","Random","4","1","1","m","trial","1080","1920","/Users/justina/Downloads/lexical_decision","50","1650","1600","1400","1250","0","1250","1300","517","1011","1111","1111","1111","legacy","xpyriment","1111","1111","m","481","0","20","50","50","50","50","50","50","50","eoggrn","13","200","98859","NA","98953","NA","NA","NA","1478","115579","98951","173640","186500","186500","1561","187021","1563","98951","115579","NA","NA","NA","NA","NA","112479","187503","187020","NA","186499","LexicalDecision"
"No","500","1","LF","-50","experimental","0","1","LF","2","1","1","n","trial","1080","1920","/Users/justina/Downloads/lexical_decision","51","1650","1550","1400","1250","0","1550","1600","414","1011","1111","1111","1111","legacy","xpyriment","1111","1111","n","500","0","20","50","50","50","50","50","50","50","gieters","13","200","98859","NA","98953","NA","NA","NA","1478","115579","98951","173640","187621","187620","1561","188038","1563","98951","115579","NA","NA","NA","NA","NA","112479","188538","188038","NA","187620","LexicalDecision"
"No","688","1","HF","-50","experimental","0","1","HF","1","1","1","n","trial","1080","1920","/Users/justina/Downloads/lexical_decision","52","1600","1550","1400","1250","0","1600","1650","399","111","1111","1111","1111","legacy","xpyriment","0111","1011","n","688","0","20","50","50","50","50","50","50","50","fles","13","200","98859","NA","98953","NA","NA","NA","1478","115579","98951","173640","188657","188656","1561","189059","1563","98951","115579","NA","NA","NA","NA","NA","112479","189748","189058","NA","188656","LexicalDecision"
"No","720","1","Pseudo","-50","experimental","0","1","Pseudo","3","1","1","m","trial","1080","1920","/Users/justina/Downloads/lexical_decision","53","1600","1550","1350","1250","0","1350","1400","551","111","1111","1111","1111","legacy","xpyriment","1111","1111","m","720","0","20","50","50","50","50","50","50","50","peide","13","200","98859","NA","98953","NA","NA","NA","1478","115579","98951","173640","189866","189865","1561","190419","1563","98951","115579","NA","NA","NA","NA","NA","112479","191140","190419","NA","189865","LexicalDecision"
"No","569","1","Random","-50","experimental","0","1","Random","4","1","1","m","trial","1080","1920","/Users/justina/Downloads/lexical_decision","54","1600","1550","1350","1200","0","1200","1250","573","111","1111","1111","1111","legacy","xpyriment","1111","1111","m","569","0","20","50","50","50","50","50","50","50","andslaa","13","200","98859","NA","98953","NA","NA","NA","1478","115579","98951","173640","191258","191257","1561","191833","1563","98951","115579","NA","NA","NA","NA","NA","112479","192403","191833","NA","191257","LexicalDecision"
"No","846","1","Pseudo","-50","experimental","0","1","Pseudo","3","1","1","m","trial","1080","1920","/Users/justina/Downloads/lexical_decision","55","1600","1550","1300","1200","0","1300","1350","466","111","1111","1111","1111","legacy","xpyriment","1111","1111","m","846","0","20","50","50","50","50","50","50","50","begen","13","200","98859","NA","98953","NA","NA","NA","1478","115579","98951","173640","192520","192519","1561","192989","1563","98951","115579","NA","NA","NA","NA","NA","112479","193836","192988","NA","192519","LexicalDecision"
"No","519","1","LF","-50","experimental","0","1","LF","2","1","1","n","trial","1080","1920","/Users/justina/Downloads/lexical_decision","56","1600","1500","1300","1200","0","1500","1550","505","111","1111","1111","1111","legacy","xpyriment","1111","1111","n","519","0","20","50","50","50","50","50","50","50","koortje","13","200","98859","NA","98953","NA","NA","NA","1478","115579","98951","173640","193954","193953","1561","194463","1563","98951","115579","NA","NA","NA","NA","NA","112479","194983","194463","NA","193953","LexicalDecision"
"No","613","1","Random","-50","experimental","0","1","Random","4","1","1","m","trial","1080","1920","/Users/justina/Downloads/lexical_decision","57","1600","1500","1300","1150","0","1150","1200","456","111","1111","1111","1111","legacy","xpyriment","1111","1111","m","613","0","20","50","50","50","50","50","50","50","pty'ans","13","200","98859","NA","98953","NA","NA","NA","1478","115579","98951","173640","195101","195100","1561","195561","1563","98951","115579","NA","NA","NA","NA","NA","112479","196175","195560","NA","195100","LexicalDecision"
"No","795","1","LF","-50","experimental","0","1","LF","2","1","1","n","trial","1080","1920","/Users/justina/Downloads/lexical_decision","58","1600","1450","1300","1150","0","1450","1500","465","111","1111","1111","1111","legacy","xpyriment","1111","1111","n","795","0","20","50","50","50","50","50","50","50","wimper","13","200","98859","NA","98953","NA","NA","NA","1478","115579","98951","173640","196293","196292","1561","196760","1563","98951","115579","NA","NA","NA","NA","NA","112479","197556","196760","NA","196292","LexicalDecision"
"No","471","1","HF","-50","experimental","0","1","HF","1","1","1","n","trial","1080","1920","/Users/justina/Downloads/lexical_decision","59","1550","1450","1300","1150","0","1550","1600","480","1111","1111","1111","1111","legacy","xpyriment","1111","111","n","471","0","20","50","50","50","50","50","50","50","hangt","13","200","98859","NA","98953","NA","NA","NA","1478","115579","98951","173640","197683","197683","1561","198166","1563","98951","115579","NA","NA","NA","NA","NA","112479","198638","198166","NA","197682","LexicalDecision"
"No","447","1","LF","-50","experimental","0","1","LF","2","1","1","n","trial","1080","1920","/Users/justina/Downloads/lexical_decision","60","1550","1400","1300","1150","0","1400","1450","546","1111","1111","1111","1111","legacy","xpyriment","1111","1111","n","447","0","20","50","50","50","50","50","50","50","rietjes","13","200","98859","NA","98953","NA","NA","NA","1478","115579","98951","173640","198758","198757","1561","199307","1563","98951","115579","NA","NA","NA","NA","NA","112479","199755","199306","NA","198757","LexicalDecision"
"No","712","1","LF","-50","experimental","0","1","LF","2","1","1","n","trial","1080","1920","/Users/justina/Downloads/lexical_decision","61","1550","1350","1300","1150","0","1350","1400","562","1111","1111","1111","1111","legacy","xpyriment","1111","1111","n","712","0","20","50","50","50","50","50","50","50","racket","13","200","98859","NA","98953","NA","NA","NA","1478","115579","98951","173640","199872","199871","1561","200436","1563","98951","115579","NA","NA","NA","NA","NA","112479","201149","200436","NA","199870","LexicalDecision"
"No","481","1","LF","-50","experimental","0","1","LF","2","1","1","n","trial","1080","1920","/Users/justina/Downloads/lexical_decision","62","1550","1300","1300","1150","0","1300","1350","572","1111","1111","1111","1111","legacy","xpyriment","1111","1111","n","481","0","20","50","50","50","50","50","50","50","bowling","13","200","98859","NA","98953","NA","NA","NA","1478","115579","98951","173640","201267","201266","1561","201841","1563","98951","115579","NA","NA","NA","NA","NA","112479","202323","201841","NA","201266","LexicalDecision"
"No","509","1","HF","-50","experimental","0","1","HF","1","1","1","n","trial","1080","1920","/Users/justina/Downloads/lexical_decision","63","1500","1300","1300","1150","0","1500","1550","512","1111","1111","1111","1111","legacy","xpyriment","1111","1111","n","509","0","20","50","50","50","50","50","50","50","werk","13","200","98859","NA","98953","NA","NA","NA","1478","115579","98951","173640","202440","202439","1561","202955","1563","98951","115579","NA","NA","NA","NA","NA","112479","203465","202955","NA","202439","LexicalDecision"
"No","789","1","HF","-50","experimental","0","1","HF","1","1","1","n","trial","1080","1920","/Users/justina/Downloads/lexical_decision","64","1450","1300","1300","1150","0","1450","1500","401","1111","1111","1111","1111","legacy","xpyriment","1111","1111","n","789","0","20","50","50","50","50","50","50","50","milieu","13","200","98859","NA","98953","NA","NA","NA","1478","115579","98951","173640","203583","203582","1561","203986","1563","98951","115579","NA","NA","NA","NA","NA","112479","204776","203986","NA","203582","LexicalDecision"
"No","832","1","Pseudo","-50","experimental","0","1","Pseudo","3","1","1","m","trial","1080","1920","/Users/justina/Downloads/lexical_decision","65","1450","1300","1250","1150","0","1250","1300","555","1111","1111","1111","1111","legacy","xpyriment","1111","1111","m","832","0","20","50","50","50","50","50","50","50","cangs","13","200","98859","NA","98953","NA","NA","NA","1478","115579","98951","173640","204895","204894","1561","205453","1563","98951","115579","NA","NA","NA","NA","NA","112479","206286","205453","NA","204894","LexicalDecision"
"No","942","1","Pseudo","-50","experimental","0","1","Pseudo","3","1","1","m","trial","1080","1920","/Users/justina/Downloads/lexical_decision","66","1450","1300","1200","1150","0","1200","1250","551","1111","1111","1111","1111","legacy","xpyriment","1111","1111","m","942","0","20","50","50","50","50","50","50","50","loorden","13","200","98859","NA","98953","NA","NA","NA","1478","115579","98951","173640","206403","206402","1561","206956","1563","98951","115579","NA","NA","NA","NA","NA","112479","207899","206956","NA","206402","LexicalDecision"
"No","687","1","Random","-50","experimental","0","1","Random","4","1","1","m","trial","1080","1920","/Users/justina/Downloads/lexical_decision","67","1450","1300","1200","1100","0","1100","1150","453","1111","1111","1111","1111","legacy","xpyriment","1111","1111","m","687","0","20","50","50","50","50","50","50","50","jivl","13","200","98859","NA","98953","NA","NA","NA","1478","115579","98951","173640","208017","208016","1561","208473","1563","98951","115579","NA","NA","NA","NA","NA","112479","209160","208473","NA","208016","LexicalDecision"
"No","559","1","Random","-50","experimental","0","1","Random","4","1","1","m","trial","1080","1920","/Users/justina/Downloads/lexical_decision","68","1450","1300","1200","1050","0","1050","1100","400","1111","1111","1111","1111","legacy","xpyriment","1111","1111","m","559","0","20","50","50","50","50","50","50","50","sonbs","13","200","98859","NA","98953","NA","NA","NA","1478","115579","98951","173640","209280","209279","1561","209682","1563","98951","115579","NA","NA","NA","NA","NA","112479","210241","209682","NA","209279","LexicalDecision"
"No","706","1","Pseudo","-50","experimental","0","1","Pseudo","3","1","1","m","trial","1080","1920","/Users/justina/Downloads/lexical_decision","69","1450","1300","1150","1050","0","1150","1200","488","1111","1111","1111","1111","legacy","xpyriment","1111","1111","m","706","0","20","50","50","50","50","50","50","50","snaan","13","200","98859","NA","98953","NA","NA","NA","1478","115579","98951","173640","210359","210358","1561","210849","1563","98951","115579","NA","NA","NA","NA","NA","112479","211556","210849","NA","210358","LexicalDecision"
"No","670","1","Pseudo","-50","experimental","0","1","Pseudo","3","1","1","m","trial","1080","1920","/Users/justina/Downloads/lexical_decision","70","1450","1300","1100","1050","0","1100","1150","543","1111","1111","1111","1111","legacy","xpyriment","1111","1111","m","670","0","20","50","50","50","50","50","50","50","ergels","13","200","98859","NA","98953","NA","NA","NA","1478","115579","98951","173640","211674","211673","1561","212220","1563","98951","115579","NA","NA","NA","NA","NA","112479","212891","212220","NA","211673","LexicalDecision"
"No","546","1","Random","-50","experimental","0","1","Random","4","1","1","m","trial","1080","1920","/Users/justina/Downloads/lexical_decision","71","1450","1300","1100","1000","0","1000","1050","534","1111","1111","1111","1111","legacy","xpyriment","1111","1111","m","546","0","20","50","50","50","50","50","50","50","nhtsi","13","200","98859","NA","98953","NA","NA","NA","1478","115579","98951","173640","213009","213008","1561","213546","1563","98951","115579","NA","NA","NA","NA","NA","112479","214092","213546","NA","213008","LexicalDecision"
"No","587","1","HF","-50","experimental","0","1","HF","1","1","1","n","trial","1080","1920","/Users/justina/Downloads/lexical_decision","72","1400","1300","1100","1000","0","1400","1450","462","1111","1111","1111","1111","legacy","xpyriment","1111","1111","n","587","0","20","50","50","50","50","50","50","50","draagt","13","200","98859","NA","98953","NA","NA","NA","1478","115579","98951","173640","214213","214213","1561","214678","1563","98951","115579","NA","NA","NA","NA","NA","112479","215266","214678","NA","214212","LexicalDecision"
"No","480","0","Pseudo","50","experimental","0","1","Pseudo","3","0","0","m","trial","1080","1920","/Users/justina/Downloads/lexical_decision","73","1400","1300","1150","1000","0","1150","1100","428","1111","1111","1110","1111","legacy","xpyriment","1110","1111","n","480","0","20","50","50","50","50","50","50","50","schrijgt","13","200","98859","NA","98953","NA","NA","NA","1478","115579","98951","216325","215385","215384","1561","215815","1563","98951","115579","NA","NA","NA","NA","NA","112479","216295","215815","NA","215384","LexicalDecision"
"No","571","1","Random","-50","experimental","0","1","Random","4","1","1","m","trial","1080","1920","/Users/justina/Downloads/lexical_decision","74","1400","1300","1150","950","0","950","1000","516","1111","1111","1110","1111","legacy","xpyriment","1111","1111","m","571","0","20","50","50","50","50","50","50","50","ebnfof","13","200","98859","NA","98953","NA","NA","NA","1478","115579","98951","216325","218469","218468","1561","218989","1563","98951","115579","NA","NA","NA","NA","NA","112479","219561","218988","NA","218468","LexicalDecision"
"No","1062","1","HF","-50","experimental","0","1","HF","1","1","1","n","trial","1080","1920","/Users/justina/Downloads/lexical_decision","75","1350","1300","1150","950","0","1350","1400","449","1111","1111","1110","1111","legacy","xpyriment","1111","1111","n","1062","0","20","50","50","50","50","50","50","50","rondom","13","200","98859","NA","98953","NA","NA","NA","1478","115579","98951","216325","219678","219677","1561","220131","1563","98951","115579","NA","NA","NA","NA","NA","112479","221194","220131","NA","219677","LexicalDecision"
"No","635","1","Random","-50","experimental","0","1","Random","4","1","1","m","trial","1080","1920","/Users/justina/Downloads/lexical_decision","76","1350","1300","1150","900","0","900","950","404","1111","1111","1110","1111","legacy","xpyriment","1111","1111","m","635","0","20","50","50","50","50","50","50","50","solpejs","13","200","98859","NA","98953","NA","NA","NA","1478","115579","98951","216325","221313","221312","1561","221720","1563","98951","115579","NA","NA","NA","NA","NA","112479","222355","221720","NA","221311","LexicalDecision"
"No","570","1","HF","-50","experimental","0","1","HF","1","1","1","n","trial","1080","1920","/Users/justina/Downloads/lexical_decision","77","1300","1300","1150","900","0","1300","1350","474","1111","1111","1110","1111","legacy","xpyriment","1111","1111","n","570","0","20","50","50","50","50","50","50","50","gaat","13","200","98859","NA","98953","NA","NA","NA","1478","115579","98951","216325","222474","222473","1561","222950","1563","98951","115579","NA","NA","NA","NA","NA","112479","223521","222950","NA","222473","LexicalDecision"
"No","524","1","HF","-50","experimental","0","1","HF","1","1","1","n","trial","1080","1920","/Users/justina/Downloads/lexical_decision","78","1250","1300","1150","900","0","1250","1300","459","1111","1111","1110","1111","legacy","xpyriment","1111","1111","n","524","0","20","50","50","50","50","50","50","50","vreemde","13","200","98859","NA","98953","NA","NA","NA","1478","115579","98951","216325","223638","223637","1561","224100","1563","98951","115579","NA","NA","NA","NA","NA","112479","224624","224100","NA","223637","LexicalDecision"
"No","532","1","HF","-50","experimental","0","1","HF","1","1","1","n","trial","1080","1920","/Users/justina/Downloads/lexical_decision","79","1200","1300","1150","900","0","1200","1250","503","1111","1111","1110","1111","legacy","xpyriment","1111","1111","n","532","0","20","50","50","50","50","50","50","50","sluiten","13","200","98859","NA","98953","NA","NA","NA","1478","115579","98951","216325","224742","224741","1561","225248","1563","98951","115579","NA","NA","NA","NA","NA","112479","225781","225248","NA","224741","LexicalDecision"
"No","565","1","Random","-50","experimental","0","1","Random","4","1","1","m","trial","1080","1920","/Users/justina/Downloads/lexical_decision","80","1200","1300","1150","850","0","850","900","586","1111","1111","1110","1111","legacy","xpyriment","1111","1111","m","565","0","20","50","50","50","50","50","50","50","jfwole","13","200","98859","NA","98953","NA","NA","NA","1478","115579","98951","216325","225900","225899","1561","226488","1563","98951","115579","NA","NA","NA","NA","NA","112479","227054","226488","NA","225899","LexicalDecision"
"No","579","1","LF","-50","experimental","0","1","LF","2","1","1","n","trial","1080","1920","/Users/justina/Downloads/lexical_decision","81","1200","1250","1150","850","0","1250","1300","497","1111","1111","1110","1111","legacy","xpyriment","1111","1111","n","579","0","20","50","50","50","50","50","50","50","zwijntje","13","200","98859","NA","98953","NA","NA","NA","1478","115579","98951","216325","227171","227170","1561","227671","1563","98951","115579","NA","NA","NA","NA","NA","112479","228250","227671","NA","227170","LexicalDecision"
"No","646","1","HF","-50","experimental","0","1","HF","1","1","1","n","trial","1080","1920","/Users/justina/Downloads/lexical_decision","82","1150","1250","1150","850","0","1150","1200","427","1111","1111","1110","1111","legacy","xpyriment","1111","1111","n","646","0","20","50","50","50","50","50","50","50","krijgen","13","200","98859","NA","98953","NA","NA","NA","1478","115579","98951","216325","228368","228368","1561","228798","1563","98951","115579","NA","NA","NA","NA","NA","112479","229445","228797","NA","228367","LexicalDecision"
"No","543","1","HF","-50","experimental","0","1","HF","1","1","1","n","trial","1080","1920","/Users/justina/Downloads/lexical_decision","83","1100","1250","1150","850","0","1100","1150","581","1111","1111","1110","1111","legacy","xpyriment","1111","1111","n","543","0","20","50","50","50","50","50","50","50","kerk","13","200","98859","NA","98953","NA","NA","NA","1478","115579","98951","216325","229564","229563","1561","230148","1563","98951","115579","NA","NA","NA","NA","NA","112479","230692","230147","NA","229563","LexicalDecision"
"No","772","1","Random","-50","experimental","0","1","Random","4","1","1","m","trial","1080","1920","/Users/justina/Downloads/lexical_decision","84","1100","1250","1150","800","0","800","850","484","1111","1111","1110","1111","legacy","xpyriment","1111","1111","m","772","0","20","50","50","50","50","50","50","50","elipskn","13","200","98859","NA","98953","NA","NA","NA","1478","115579","98951","216325","230810","230809","1561","231297","1563","98951","115579","NA","NA","NA","NA","NA","112479","232070","231297","NA","230809","LexicalDecision"
"No","838","1","HF","-50","experimental","0","1","HF","1","1","1","n","trial","1080","1920","/Users/justina/Downloads/lexical_decision","85","1050","1250","1150","800","0","1050","1100","465","1111","1111","1110","1111","legacy","xpyriment","1111","1111","n","838","0","20","50","50","50","50","50","50","50","tijdstip","13","200","98859","NA","98953","NA","NA","NA","1478","115579","98951","216325","232189","232188","1561","232657","1563","98951","115579","NA","NA","NA","NA","NA","112479","233496","232657","NA","232188","LexicalDecision"
"No","529","1","HF","-50","experimental","0","1","HF","1","1","1","n","trial","1080","1920","/Users/justina/Downloads/lexical_decision","86","1000","1250","1150","800","0","1000","1050","556","1111","1111","1110","1111","legacy","xpyriment","1111","1111","n","529","0","20","50","50","50","50","50","50","50","vissen","13","200","98859","NA","98953","NA","NA","NA","1478","115579","98951","216325","233615","233614","1561","234174","1563","98951","115579","NA","NA","NA","NA","NA","112479","234704","234173","NA","233614","LexicalDecision"
"No","844","1","Pseudo","-50","experimental","0","1","Pseudo","3","1","1","m","trial","1080","1920","/Users/justina/Downloads/lexical_decision","87","1000","1250","1100","800","0","1100","1150","516","1111","1111","1101","1111","legacy","xpyriment","1101","1110","m","844","0","20","50","50","50","50","50","50","50","stezen","13","200","98859","NA","98953","NA","NA","NA","1478","115579","98951","216325","234823","234822","1561","235342","1563","98951","115579","NA","NA","NA","NA","NA","112479","236187","235342","NA","234822","LexicalDecision"
"No","564","1","HF","-50","experimental","0","1","HF","1","1","1","n","trial","1080","1920","/Users/justina/Downloads/lexical_decision","88","950","1250","1100","800","0","950","1000","569","1111","1111","1101","1111","legacy","xpyriment","1111","1111","n","564","0","20","50","50","50","50","50","50","50","seks","13","200","98859","NA","98953","NA","NA","NA","1478","115579","98951","216325","236305","236304","1561","236878","1563","98951","115579","NA","NA","NA","NA","NA","112479","237443","236877","NA","236304","LexicalDecision"
"No","548","1","HF","-50","experimental","0","1","HF","1","1","1","n","trial","1080","1920","/Users/justina/Downloads/lexical_decision","89","900","1250","1100","800","0","900","950","483","1111","1111","1101","1111","legacy","xpyriment","1111","1111","n","548","0","20","50","50","50","50","50","50","50","terecht","13","200","98859","NA","98953","NA","NA","NA","1478","115579","98951","216325","237560","237559","1561","238047","1563","98951","115579","NA","NA","NA","NA","NA","112479","238596","238046","NA","237559","LexicalDecision"
"No","433","1","Random","-50","experimental","0","1","Random","4","1","1","m","trial","1080","1920","/Users/justina/Downloads/lexical_decision","90","900","1250","1100","750","0","750","800","432","1111","1111","1101","1111","legacy","xpyriment","1111","1111","m","433","0","20","50","50","50","50","50","50","50","eteelsj","13","200","98859","NA","98953","NA","NA","NA","1478","115579","98951","216325","238713","238712","1561","239149","1563","98951","115579","NA","NA","NA","NA","NA","112479","239583","239149","NA","238712","LexicalDecision"
"No","612","1","Pseudo","-50","experimental","0","1","Pseudo","3","1","1","m","trial","1080","1920","/Users/justina/Downloads/lexical_decision","91","900","1250","1050","750","0","1050","1100","554","1111","1111","1011","1111","legacy","xpyriment","1011","1101","m","612","0","20","50","50","50","50","50","50","50","monste","13","200","98859","NA","98953","NA","NA","NA","1478","115579","98951","216325","239703","239702","1561","240261","1563","98951","115579","NA","NA","NA","NA","NA","112479","240874","240260","NA","239702","LexicalDecision"
"No","700","1","Pseudo","-50","experimental","0","1","Pseudo","3","1","1","m","trial","1080","1920","/Users/justina/Downloads/lexical_decision","92","900","1250","1000","750","0","1000","1050","573","1111","1111","111","1111","legacy","xpyriment","0111","1011","m","700","0","20","50","50","50","50","50","50","50","bemen","13","200","98859","NA","98953","NA","NA","NA","1478","115579","98951","216325","240992","240991","1561","241568","1563","98951","115579","NA","NA","NA","NA","NA","112479","242269","241567","NA","240991","LexicalDecision"
"No","485","1","Random","-50","experimental","0","1","Random","4","1","1","m","trial","1080","1920","/Users/justina/Downloads/lexical_decision","93","900","1250","1000","700","0","700","750","495","1111","1111","111","1111","legacy","xpyriment","1111","1111","m","485","0","20","50","50","50","50","50","50","50","ekjcat","13","200","98859","NA","98953","NA","NA","NA","1478","115579","98951","216325","242386","242385","1561","242884","1563","98951","115579","NA","NA","NA","NA","NA","112479","243370","242884","NA","242385","LexicalDecision"
"No","527","1","HF","-50","experimental","0","1","HF","1","1","1","n","trial","1080","1920","/Users/justina/Downloads/lexical_decision","94","850","1250","1000","700","0","850","900","522","1111","1111","111","1111","legacy","xpyriment","1111","1111","n","527","0","20","50","50","50","50","50","50","50","leidde","13","200","98859","NA","98953","NA","NA","NA","1478","115579","98951","216325","243487","243486","1561","244012","1563","98951","115579","NA","NA","NA","NA","NA","112479","244540","244012","NA","243486","LexicalDecision"
"No","536","0","LF","50","experimental","0","1","LF","2","0","0","n","trial","1080","1920","/Users/justina/Downloads/lexical_decision","95","850","1300","1000","700","0","1300","1250","487","1111","1110","111","1111","legacy","xpyriment","1110","1111","m","536","0","20","50","50","50","50","50","50","50","serres","13","200","98859","NA","98953","NA","NA","NA","1478","115579","98951","245714","244658","244657","1561","245147","1563","98951","115579","NA","NA","NA","NA","NA","112479","245684","245147","NA","244657","LexicalDecision"
"No","697","1","HF","-50","experimental","0","1","HF","1","1","1","n","trial","1080","1920","/Users/justina/Downloads/lexical_decision","96","800","1300","1000","700","0","800","850","520","1111","1110","111","1111","legacy","xpyriment","1111","1111","n","697","0","20","50","50","50","50","50","50","50","hitte","13","200","98859","NA","98953","NA","NA","NA","1478","115579","98951","245714","247853","247852","1561","248376","1563","98951","115579","NA","NA","NA","NA","NA","112479","249073","248376","NA","247852","LexicalDecision"
"No","492","1","LF","-50","experimental","0","1","LF","2","1","1","n","trial","1080","1920","/Users/justina/Downloads/lexical_decision","97","800","1250","1000","700","0","1250","1300","419","1111","1101","111","1111","legacy","xpyriment","1101","1110","n","492","0","20","50","50","50","50","50","50","50","honkbal","13","200","98859","NA","98953","NA","NA","NA","1478","115579","98951","245714","249192","249191","1561","249613","1563","98951","115579","NA","NA","NA","NA","NA","112479","250106","249613","NA","249191","LexicalDecision"
"No","497","1","HF","-50","experimental","0","1","HF","1","1","1","n","trial","1080","1920","/Users/justina/Downloads/lexical_decision","98","750","1250","1000","700","0","750","800","441","1111","1101","111","1111","legacy","xpyriment","1111","1111","n","497","0","20","50","50","50","50","50","50","50","voorjaar","13","200","98859","NA","98953","NA","NA","NA","1478","115579","98951","245714","250222","250221","1561","250665","1563","98951","115579","NA","NA","NA","NA","NA","112479","251162","250665","NA","250221","LexicalDecision"
"No","526","1","HF","-50","experimental","0","1","HF","1","1","1","n","trial","1080","1920","/Users/justina/Downloads/lexical_decision","99","700","1250","1000","700","0","700","750","397","1111","1101","111","1111","legacy","xpyriment","1111","1111","n","526","0","20","50","50","50","50","50","50","50","hield","13","200","98859","NA","98953","NA","NA","NA","1478","115579","98951","245714","251280","251279","1561","251681","1563","98951","115579","NA","NA","NA","NA","NA","112479","252208","251681","NA","251279","LexicalDecision"
"No","635","1","Pseudo","-50","experimental","0","1","Pseudo","3","1","1","m","trial","1080","1920","/Users/justina/Downloads/lexical_decision","100","700","1250","950","700","0","950","1000","506","1111","1101","1111","1111","legacy","xpyriment","1111","111","m","635","0","20","50","50","50","50","50","50","50","bestest","13","200","98859","NA","98953","NA","NA","NA","1478","115579","98951","245714","252325","252324","1561","252834","1563","98951","115579","NA","NA","NA","NA","NA","112479","253469","252834","NA","252324","LexicalDecision"
"No","592","1","Pseudo","-50","experimental","0","1","Pseudo","3","1","1","m","trial","1080","1920","/Users/justina/Downloads/lexical_decision","101","700","1250","900","700","0","900","950","438","1111","1101","1111","1111","legacy","xpyriment","1111","1111","m","592","0","20","50","50","50","50","50","50","50","hoten","13","200","98859","NA","98953","NA","NA","NA","1478","115579","98951","245714","253586","253585","1561","254027","1563","98951","115579","NA","NA","NA","NA","NA","112479","254620","254027","NA","253585","LexicalDecision"
"No","567","1","Random","-50","experimental","0","1","Random","4","1","1","m","trial","1080","1920","/Users/justina/Downloads/lexical_decision","102","700","1250","900","650","0","650","700","408","1111","1101","1111","1111","legacy","xpyriment","1111","1111","m","567","0","20","50","50","50","50","50","50","50","ansa'uf","13","200","98859","NA","98953","NA","NA","NA","1478","115579","98951","245714","254737","254736","1561","255149","1563","98951","115579","NA","NA","NA","NA","NA","112479","255717","255149","NA","254736","LexicalDecision"
"No","586","1","HF","-50","experimental","0","1","HF","1","1","1","n","trial","1080","1920","/Users/justina/Downloads/lexical_decision","103","650","1250","900","650","0","650","700","411","1111","1101","1111","1111","legacy","xpyriment","1111","1111","n","586","0","20","50","50","50","50","50","50","50","bloot","13","200","98859","NA","98953","NA","NA","NA","1478","115579","98951","245714","255834","255833","1561","256248","1563","98951","115579","NA","NA","NA","NA","NA","112479","256834","256247","NA","255833","LexicalDecision"
"No","452","1","HF","-50","experimental","0","1","HF","1","1","1","n","trial","1080","1920","/Users/justina/Downloads/lexical_decision","104","600","1250","900","650","0","600","650","436","1111","1101","1111","1111","legacy","xpyriment","1111","1111","n","452","0","20","50","50","50","50","50","50","50","vrienden","13","200","98859","NA","98953","NA","NA","NA","1478","115579","98951","245714","256952","256951","1561","257391","1563","98951","115579","NA","NA","NA","NA","NA","112479","257843","257391","NA","256951","LexicalDecision"
"No","875","1","Pseudo","-50","experimental","0","1","Pseudo","3","1","1","m","trial","1080","1920","/Users/justina/Downloads/lexical_decision","105","600","1250","850","650","0","850","900","478","1111","1101","1111","1111","legacy","xpyriment","1111","1111","m","875","0","20","50","50","50","50","50","50","50","lijpt","13","200","98859","NA","98953","NA","NA","NA","1478","115579","98951","245714","257960","257959","1561","258441","1563","98951","115579","NA","NA","NA","NA","NA","112479","259317","258441","NA","257959","LexicalDecision"
"No","703","1","Pseudo","-50","experimental","0","1","Pseudo","3","1","1","m","trial","1080","1920","/Users/justina/Downloads/lexical_decision","106","600","1250","800","650","0","800","850","453","1111","1101","1111","1111","legacy","xpyriment","1111","1111","m","703","0","20","50","50","50","50","50","50","50","corat","13","200","98859","NA","98953","NA","NA","NA","1478","115579","98951","245714","259435","259435","1561","259890","1563","98951","115579","NA","NA","NA","NA","NA","112479","260594","259890","NA","259434","LexicalDecision"
"No","683","1","LF","-50","experimental","0","1","LF","2","1","1","n","trial","1080","1920","/Users/justina/Downloads/lexical_decision","107","600","1200","800","650","0","1200","1250","572","1111","1011","1111","1111","legacy","xpyriment","1011","1101","n","683","0","20","50","50","50","50","50","50","50","uiltje","13","200","98859","NA","98953","NA","NA","NA","1478","115579","98951","245714","260713","260712","1561","261287","1563","98951","115579","NA","NA","NA","NA","NA","112479","261971","261287","NA","260712","LexicalDecision"
"No","487","1","Random","-50","experimental","0","1","Random","4","1","1","m","trial","1080","1920","/Users/justina/Downloads/lexical_decision","108","600","1200","800","600","0","600","650","531","1111","1011","1111","1111","legacy","xpyriment","1111","1111","m","487","0","20","50","50","50","50","50","50","50","smyjpeg","13","200","98859","NA","98953","NA","NA","NA","1478","115579","98951","245714","262089","262088","1561","262623","1563","98951","115579","NA","NA","NA","NA","NA","112479","263111","262623","NA","262088","LexicalDecision"
"No","482","1","Random","-50","experimental","0","1","Random","4","1","1","m","trial","1080","1920","/Users/justina/Downloads/lexical_decision","109","600","1200","800","550","0","550","600","557","1111","1011","1111","1111","legacy","xpyriment","1111","1111","m","482","0","20","50","50","50","50","50","50","50","netepsr","13","200","98859","NA","98953","NA","NA","NA","1478","115579","98951","245714","263228","263227","1561","263788","1563","98951","115579","NA","NA","NA","NA","NA","112479","264271","263788","NA","263227","LexicalDecision"
"No","597","1","HF","-50","experimental","0","1","HF","1","1","1","n","trial","1080","1920","/Users/justina/Downloads/lexical_decision","110","550","1200","800","550","0","550","600","526","1111","1011","1111","1111","legacy","xpyriment","1111","1111","n","597","0","20","50","50","50","50","50","50","50","omvat","13","200","98859","NA","98953","NA","NA","NA","1478","115579","98951","245714","264390","264389","1561","264919","1563","98951","115579","NA","NA","NA","NA","NA","112479","265517","264918","NA","264389","LexicalDecision"
"No","1040","1","LF","-50","experimental","0","1","LF","2","1","1","n","trial","1080","1920","/Users/justina/Downloads/lexical_decision","111","550","1150","800","550","0","1150","1200","499","1111","111","1111","1111","legacy","xpyriment","0111","1011","n","1040","0","20","50","50","50","50","50","50","50","lotions","13","200","98859","NA","98953","NA","NA","NA","1478","115579","98951","245714","265634","265634","1561","266135","1563","98951","115579","NA","NA","NA","NA","NA","112479","267176","266135","NA","265633","LexicalDecision"
"No","766","1","Pseudo","-50","experimental","0","1","Pseudo","3","1","1","m","trial","1080","1920","/Users/justina/Downloads/lexical_decision","112","550","1150","750","550","0","750","800","432","1111","111","1111","1111","legacy","xpyriment","1111","1111","m","766","0","20","50","50","50","50","50","50","50","getten","13","200","98859","NA","98953","NA","NA","NA","1478","115579","98951","245714","267295","267294","1561","267731","1563","98951","115579","NA","NA","NA","NA","NA","112479","268498","267731","NA","267294","LexicalDecision"
"No","438","1","HF","-50","experimental","0","1","HF","1","1","1","n","trial","1080","1920","/Users/justina/Downloads/lexical_decision","113","500","1150","750","550","0","500","550","491","1111","111","1111","1111","legacy","xpyriment","1111","1111","n","438","0","20","50","50","50","50","50","50","50","weet","13","200","98859","NA","98953","NA","NA","NA","1478","115579","98951","245714","268617","268616","1561","269111","1563","98951","115579","NA","NA","NA","NA","NA","112479","269550","269110","NA","268615","LexicalDecision"
"No","464","1","HF","-50","experimental","0","1","HF","1","1","1","n","trial","1080","1920","/Users/justina/Downloads/lexical_decision","114","450","1150","750","550","0","450","500","554","1111","111","1111","1111","legacy","xpyriment","1111","1111","n","464","0","20","50","50","50","50","50","50","50","toegang","13","200","98859","NA","98953","NA","NA","NA","1478","115579","98951","245714","269667","269666","1561","270224","1563","98951","115579","NA","NA","NA","NA","NA","112479","270689","270223","NA","269666","LexicalDecision"
"No","656","1","LF","-50","experimental","0","1","LF","2","1","1","n","trial","1080","1920","/Users/justina/Downloads/lexical_decision","115","450","1100","750","550","0","1100","1150","431","1111","1111","1111","1111","legacy","xpyriment","1111","111","n","656","0","20","50","50","50","50","50","50","50","vlokje","13","200","98859","NA","98953","NA","NA","NA","1478","115579","98951","245714","270809","270808","1561","271242","1563","98951","115579","NA","NA","NA","NA","NA","112479","271899","271242","NA","270808","LexicalDecision"
"No","724","1","Pseudo","-50","experimental","0","1","Pseudo","3","1","1","m","trial","1080","1920","/Users/justina/Downloads/lexical_decision","116","450","1100","700","550","0","700","750","414","1111","1111","1111","1111","legacy","xpyriment","1111","1111","m","724","0","20","50","50","50","50","50","50","50","adries","13","200","98859","NA","98953","NA","NA","NA","1478","115579","98951","245714","272018","272017","1561","272435","1563","98951","115579","NA","NA","NA","NA","NA","112479","273160","272435","NA","272017","LexicalDecision"
"No","565","1","Pseudo","-50","experimental","0","1","Pseudo","3","1","1","m","trial","1080","1920","/Users/justina/Downloads/lexical_decision","117","450","1100","650","550","0","650","700","423","1111","1111","1111","1111","legacy","xpyriment","1111","1111","m","565","0","20","50","50","50","50","50","50","50","sezen","13","200","98859","NA","98953","NA","NA","NA","1478","115579","98951","245714","273279","273278","1561","273705","1563","98951","115579","NA","NA","NA","NA","NA","112479","274271","273705","NA","273277","LexicalDecision"
"No","543","1","Random","-50","experimental","0","1","Random","4","1","1","m","trial","1080","1920","/Users/justina/Downloads/lexical_decision","118","450","1100","650","500","0","500","550","424","1111","1111","1111","1111","legacy","xpyriment","1111","1111","m","543","0","20","50","50","50","50","50","50","50","pisjuets","13","200","98859","NA","98953","NA","NA","NA","1478","115579","98951","245714","274390","274389","1561","274819","1563","98951","115579","NA","NA","NA","NA","NA","112479","275363","274819","NA","274389","LexicalDecision"
"No","450","0","HF","50","experimental","0","1","HF","1","0","0","n","trial","1080","1920","/Users/justina/Downloads/lexical_decision","119","500","1100","650","500","0","500","450","422","1110","1111","1111","1111","legacy","xpyriment","1110","1111","None","450","1","20","50","50","50","50","50","50","50","adres","13","200","98859","NA","98953","NA","NA","NA","1478","115579","98951","276387","275482","275481","1561","275908","1563","98951","115579","NA","NA","NA","NA","NA","112479","276358","275907","NA","275481","LexicalDecision"
"No","650","0","Pseudo","50","experimental","0","1","Pseudo","3","0","0","m","trial","1080","1920","/Users/justina/Downloads/lexical_decision","120","500","1100","700","500","0","700","650","577","1110","1111","1110","1111","legacy","xpyriment","1110","1111","None","650","1","20","50","50","50","50","50","50","50","temgeen","13","200","98859","NA","98953","NA","NA","NA","1478","115579","98951","279792","278532","278531","1561","279112","1563","98951","115579","NA","NA","NA","NA","NA","112479","279762","279112","NA","278531","LexicalDecision"
"No","495","1","Random","-50","experimental","0","1","Random","4","1","1","m","trial","1080","1920","/Users/justina/Downloads/lexical_decision","121","500","1100","700","450","0","450","500","492","1110","1111","1110","1111","legacy","xpyriment","1111","1111","m","495","0","20","50","50","50","50","50","50","50","hcmoa","13","200","98859","NA","98953","NA","NA","NA","1478","115579","98951","279792","281933","281932","1561","282429","1563","98951","115579","NA","NA","NA","NA","NA","112479","282925","282428","NA","281932","LexicalDecision"
"No","437","1","LF","-50","experimental","0","1","LF","2","1","1","n","trial","1080","1920","/Users/justina/Downloads/lexical_decision","122","500","1050","700","450","0","1050","1100","502","1110","1111","1110","1111","legacy","xpyriment","1111","1111","n","437","0","20","50","50","50","50","50","50","50","dealen","13","200","98859","NA","98953","NA","NA","NA","1478","115579","98951","279792","283041","283040","1561","283545","1563","98951","115579","NA","NA","NA","NA","NA","112479","283983","283545","NA","283040","LexicalDecision"
"No","555","1","Pseudo","-50","experimental","0","1","Pseudo","3","1","1","m","trial","1080","1920","/Users/justina/Downloads/lexical_decision","123","500","1050","650","450","0","650","700","489","1110","1111","1101","1111","legacy","xpyriment","1101","1110","m","555","0","20","50","50","50","50","50","50","50","denstig","13","200","98859","NA","98953","NA","NA","NA","1478","115579","98951","279792","284100","284099","1561","284592","1563","98951","115579","NA","NA","NA","NA","NA","112479","285147","284591","NA","284099","LexicalDecision"
"No","450","0","Random","50","experimental","0","1","Random","4","0","0","m","trial","1080","1920","/Users/justina/Downloads/lexical_decision","124","500","1050","650","500","0","500","450","406","1110","1111","1101","1110","legacy","xpyriment","1110","1111","None","450","1","20","50","50","50","50","50","50","50","plepfir","13","200","98859","NA","98953","NA","NA","NA","1478","115579","98951","286152","0","0","1561","285672","1563","98951","115579","NA","NA","NA","NA","NA","112479","286122","285672","NA","0","LexicalDecision"
"No","500","0","HF","50","experimental","0","1","HF","1","0","0","n","trial","1080","1920","/Users/justina/Downloads/lexical_decision","125","550","1050","650","500","0","550","500","563","1100","1111","1101","1110","legacy","xpyriment","1100","1110","None","500","1","20","50","50","50","50","50","50","50","toont","13","200","98859","NA","98953","NA","NA","NA","1478","115579","98951","289386","288292","288291","1561","288857","1563","98951","115579","NA","NA","NA","NA","NA","112479","289357","288857","NA","288291","LexicalDecision"
"No","431","1","Random","-50","experimental","0","1","Random","4","1","1","m","trial","1080","1920","/Users/justina/Downloads/lexical_decision","126","550","1050","650","450","0","450","500","485","1100","1111","1101","1101","legacy","xpyriment","1101","1110","m","431","0","20","50","50","50","50","50","50","50","eiljtwed","13","200","98859","NA","98953","NA","NA","NA","1478","115579","98951","289386","291530","291529","1561","292018","1563","98951","115579","NA","NA","NA","NA","NA","112479","292450","292018","NA","291529","LexicalDecision"
"No","415","0","Pseudo","25","experimental","1","1","Pseudo","3","0","0","m","trial","1080","1920","/Users/justina/Downloads/lexical_decision","127","550","1050","675","450","0","675","650","406","1100","1111","","1101","legacy","xpyriment","","1101","n","415","0","20","50","50","25","50","25","25","50","vinter","13","200","98859","NA","98953","NA","NA","NA","1478","115579","98951","293419","292565","292564","1561","292975","1563","98951","115579","NA","NA","NA","NA","NA","112479","293391","292974","NA","292564","LexicalDecision"
"No","450","1","HF","-50","experimental","0","1","HF","1","1","1","n","trial","1080","1920","/Users/justina/Downloads/lexical_decision","128","500","1050","675","450","0","500","550","433","1001","1111","","1101","legacy","xpyriment","1001","1100","n","450","0","20","50","50","25","50","50","50","50","hoefde","13","200","98859","NA","98953","NA","NA","NA","1478","115579","98951","293419","295560","295559","1561","295996","1563","98951","115579","NA","NA","NA","NA","NA","112479","296447","295996","NA","295558","LexicalDecision"
"No","648","1","LF","-50","experimental","0","1","LF","2","1","1","n","trial","1080","1920","/Users/justina/Downloads/lexical_decision","129","500","1000","675","450","0","1000","1050","437","1001","1111","","1101","legacy","xpyriment","1111","1111","n","648","0","20","50","50","25","50","50","50","50","wekkers","13","200","98859","NA","98953","NA","NA","NA","1478","115579","98951","293419","296562","296561","1561","297002","1563","98951","115579","NA","NA","NA","NA","NA","112479","297651","297002","NA","296561","LexicalDecision"
"No","500","0","HF","50","experimental","0","1","HF","1","0","0","n","trial","1080","1920","/Users/justina/Downloads/lexical_decision","130","550","1000","675","450","0","550","500","433","10","1111","","1101","legacy","xpyriment","0010","1001","None","500","1","20","50","50","25","50","50","50","50","lange","13","200","98859","NA","98953","NA","NA","NA","1478","115579","98951","298732","297767","297766","1561","298203","1563","98951","115579","NA","NA","NA","NA","NA","112479","298703","298203","NA","297766","LexicalDecision"
"No","432","1","Random","-50","experimental","0","1","Random","4","1","1","m","trial","1080","1920","/Users/justina/Downloads/lexical_decision","131","550","1000","675","400","0","400","450","435","10","1111","","1011","legacy","xpyriment","1011","1101","m","432","0","20","50","50","25","50","50","50","50","sjrieskt","13","200","98859","NA","98953","NA","NA","NA","1478","115579","98951","298732","300868","300867","1561","301305","1563","98951","115579","NA","NA","NA","NA","NA","112479","301738","301305","NA","300867","LexicalDecision"
"No","431","1","LF","-50","experimental","0","1","LF","2","1","1","n","trial","1080","1920","/Users/justina/Downloads/lexical_decision","132","550","950","675","400","0","950","1000","416","10","1111","","1011","legacy","xpyriment","1111","1111","n","431","0","20","50","50","25","50","50","50","50","brandje","13","200","98859","NA","98953","NA","NA","NA","1478","115579","98951","298732","301855","301854","1561","302273","1563","98951","115579","NA","NA","NA","NA","NA","112479","302705","302273","NA","301854","LexicalDecision"
"No","400","0","Random","50","experimental","0","1","Random","4","0","0","m","trial","1080","1920","/Users/justina/Downloads/lexical_decision","133","550","950","675","450","0","450","400","536","10","1111","","110","legacy","xpyriment","0110","1011","None","400","1","20","50","50","25","50","50","50","50","savsjae","13","200","98859","NA","98953","NA","NA","NA","1478","115579","98951","303789","302821","302820","1561","303360","1563","98951","115579","NA","NA","NA","NA","NA","112479","303760","303359","NA","302820","LexicalDecision"
"No","675","0","Pseudo","25","experimental","0","1","Pseudo","3","0","0","m","trial","1080","1920","/Users/justina/Downloads/lexical_decision","134","550","950","700","450","0","700","675","397","10","1111","0","110","legacy","xpyriment","0","","None","675","1","20","50","50","25","50","25","25","25","krolijn","13","200","98859","NA","98953","NA","NA","NA","1478","115579","98951","307038","305934","305933","1561","306334","1563","98951","115579","NA","NA","NA","NA","NA","112479","307009","306334","NA","305933","LexicalDecision"
"No","610","1","LF","-50","experimental","0","1","LF","2","1","1","n","trial","1080","1920","/Users/justina/Downloads/lexical_decision","135","550","900","700","450","0","900","950","472","10","1111","0","110","legacy","xpyriment","1111","1111","n","610","0","20","50","50","25","50","50","50","50","sausjes","13","200","98859","NA","98953","NA","NA","NA","1478","115579","98951","307038","309178","309178","1561","309652","1563","98951","115579","NA","NA","NA","NA","NA","112479","310263","309652","NA","309177","LexicalDecision"
"No","700","0","Pseudo","25","experimental","0","1","Pseudo","3","0","0","m","trial","1080","1920","/Users/justina/Downloads/lexical_decision","136","550","900","725","450","0","725","700","528","10","1111","0","110","legacy","xpyriment","00","0","None","700","1","20","50","50","25","50","25","25","25","schempen","13","200","98859","NA","98953","NA","NA","NA","1478","115579","98951","311641","310379","310378","1561","310911","1563","98951","115579","NA","NA","NA","NA","NA","112479","311611","310911","NA","310378","LexicalDecision"
"No","450","0","Random","50","experimental","0","1","Random","4","0","0","m","trial","1080","1920","/Users/justina/Downloads/lexical_decision","137","550","900","725","500","0","500","450","475","10","1111","0","1100","legacy","xpyriment","1100","110","None","450","1","20","50","50","25","50","50","50","50","dnoser","13","200","98859","NA","98953","NA","NA","NA","1478","115579","98951","314738","313782","313781","1561","314259","1563","98951","115579","NA","NA","NA","NA","NA","112479","314709","314258","NA","313781","LexicalDecision"
"No","597","1","Pseudo","-25","experimental","0","1","Pseudo","3","1","1","m","trial","1080","1920","/Users/justina/Downloads/lexical_decision","138","550","900","700","500","0","700","725","454","10","1111","1","1100","legacy","xpyriment","01","0","m","597","0","20","50","50","25","50","25","25","25","tieden","13","200","98859","NA","98953","NA","NA","NA","1478","115579","98951","314738","316884","316883","1561","317339","1563","98951","115579","NA","NA","NA","NA","NA","112479","317937","317339","NA","316883","LexicalDecision"
"No","680","1","LF","-50","experimental","0","1","LF","2","1","1","n","trial","1080","1920","/Users/justina/Downloads/lexical_decision","139","550","850","700","500","0","850","900","449","10","1111","1","1100","legacy","xpyriment","1111","1111","n","680","0","20","50","50","25","50","50","50","50","lieverds","13","200","98859","NA","98953","NA","NA","NA","1478","115579","98951","314738","318056","318055","1561","318508","1563","98951","115579","NA","NA","NA","NA","NA","112479","319189","318507","NA","318054","LexicalDecision"
"No","500","0","Random","50","experimental","0","1","Random","4","0","0","m","trial","1080","1920","/Users/justina/Downloads/lexical_decision","140","550","850","700","550","0","550","500","397","10","1111","1","1000","legacy","xpyriment","1000","1100","None","500","1","20","50","50","25","50","50","50","50","alevr","13","200","98859","NA","98953","NA","NA","NA","1478","115579","98951","320236","319306","319305","1561","319707","1563","98951","115579","NA","NA","NA","NA","NA","112479","320207","319707","NA","319305","LexicalDecision"
"No","481","1","HF","-50","experimental","0","1","HF","1","1","1","n","trial","1080","1920","/Users/justina/Downloads/lexical_decision","141","500","850","700","550","0","500","550","420","101","1111","1","1000","legacy","xpyriment","101","10","n","481","0","20","50","50","25","50","50","50","50","heeft","13","200","98859","NA","98953","NA","NA","NA","1478","115579","98951","320236","322376","322375","1561","322799","1563","98951","115579","NA","NA","NA","NA","NA","112479","323281","322799","NA","322375","LexicalDecision"
"No","562","1","LF","-50","experimental","0","1","LF","2","1","1","n","trial","1080","1920","/Users/justina/Downloads/lexical_decision","142","500","800","700","550","0","800","850","595","101","1111","1","1000","legacy","xpyriment","1111","1111","n","562","0","20","50","50","25","50","50","50","50","dansjes","13","200","98859","NA","98953","NA","NA","NA","1478","115579","98951","320236","323396","323395","1561","323994","1563","98951","115579","NA","NA","NA","NA","NA","112479","324557","323994","NA","323395","LexicalDecision"
"No","633","1","LF","-50","experimental","0","1","LF","2","1","1","n","trial","1080","1920","/Users/justina/Downloads/lexical_decision","143","500","750","700","550","0","750","800","579","101","1111","1","1000","legacy","xpyriment","1111","1111","n","633","0","20","50","50","25","50","50","50","50","kalfje","13","200","98859","NA","98953","NA","NA","NA","1478","115579","98951","320236","324673","324672","1561","325256","1563","98951","115579","NA","NA","NA","NA","NA","112479","325890","325256","NA","324672","LexicalDecision"
"No","492","1","LF","-50","experimental","0","1","LF","2","1","1","n","trial","1080","1920","/Users/justina/Downloads/lexical_decision","144","500","700","700","550","0","700","750","476","101","1111","1","1000","legacy","xpyriment","1111","1111","n","492","0","20","50","50","25","50","50","50","50","bijzin","13","200","98859","NA","98953","NA","NA","NA","1478","115579","98951","320236","326008","326007","1561","326487","1563","98951","115579","NA","NA","NA","NA","NA","112479","326980","326487","NA","326006","LexicalDecision"
"No","463","1","Random","-50","experimental","0","1","Random","4","1","1","m","trial","1080","1920","/Users/justina/Downloads/lexical_decision","145","500","700","700","500","0","500","550","541","101","1111","1","1","legacy","xpyriment","0001","1000","m","463","0","20","50","50","25","50","50","50","50","apkjse","13","200","98859","NA","98953","NA","NA","NA","1478","115579","98951","320236","327097","327096","1561","327641","1563","98951","115579","NA","NA","NA","NA","NA","112479","328105","327641","NA","327095","LexicalDecision"
"No","500","0","Random","50","experimental","0","1","Random","4","0","0","m","trial","1080","1920","/Users/justina/Downloads/lexical_decision","146","500","700","700","550","0","550","500","544","101","1111","1","10","legacy","xpyriment","10","1","None","500","1","20","50","50","25","50","50","50","50","nsesjad","13","200","98859","NA","98953","NA","NA","NA","1478","115579","98951","329297","328221","328220","1561","328768","1563","98951","115579","NA","NA","NA","NA","NA","112479","329268","328767","NA","328220","LexicalDecision"
"No","550","0","Random","50","experimental","0","1","Random","4","0","0","m","trial","1080","1920","/Users/justina/Downloads/lexical_decision","147","500","700","700","600","0","600","550","410","101","1111","1","100","legacy","xpyriment","100","10","None","550","1","20","50","50","25","50","50","50","50","naowolt","13","200","98859","NA","98953","NA","NA","NA","1478","115579","98951","332429","331438","331437","1561","331851","1563","98951","115579","NA","NA","NA","NA","NA","112479","332401","331851","NA","331437","LexicalDecision"
"No","600","0","Random","50","experimental","0","1","Random","4","0","0","m","trial","1080","1920","/Users/justina/Downloads/lexical_decision","148","500","700","700","650","0","650","600","449","101","1111","1","1000","legacy","xpyriment","1000","100","None","600","1","20","50","50","25","50","50","50","50","edbjsonl","13","200","98859","NA","98953","NA","NA","NA","1478","115579","98951","335652","334571","334570","1561","335022","1563","98951","115579","NA","NA","NA","NA","NA","112479","335622","335022","NA","334569","LexicalDecision"
"No","591","1","LF","-50","experimental","0","1","LF","2","1","1","n","trial","1080","1920","/Users/justina/Downloads/lexical_decision","149","500","650","700","650","0","650","700","459","101","1111","1","1000","legacy","xpyriment","1111","1111","n","591","0","20","50","50","25","50","50","50","50","coupons","13","200","98859","NA","98953","NA","NA","NA","1478","115579","98951","335652","337794","337793","1561","338256","1563","98951","115579","NA","NA","NA","NA","NA","112479","338849","338256","NA","337793","LexicalDecision"
"No","439","1","LF","-50","experimental","0","1","LF","2","1","1","n","trial","1080","1920","/Users/justina/Downloads/lexical_decision","150","500","600","700","650","0","600","650","510","101","1111","1","1000","legacy","xpyriment","1111","1111","n","439","0","20","50","50","25","50","50","50","50","maandjes","13","200","98859","NA","98953","NA","NA","NA","1478","115579","98951","335652","338966","338965","1561","339479","1563","98951","115579","NA","NA","NA","NA","NA","112479","339919","339479","NA","338965","LexicalDecision"
"No","418","1","LF","-50","experimental","0","1","LF","2","1","1","n","trial","1080","1920","/Users/justina/Downloads/lexical_decision","151","500","550","700","650","0","550","600","434","101","1111","1","1000","legacy","xpyriment","1111","1111","n","418","0","20","50","50","25","50","50","50","50","olijf","13","200","98859","NA","98953","NA","NA","NA","1478","115579","98951","335652","340034","340033","1561","340472","1563","98951","115579","NA","NA","NA","NA","NA","112479","340891","340472","NA","340033","LexicalDecision"
"No","429","1","LF","-50","experimental","0","1","LF","2","1","1","n","trial","1080","1920","/Users/justina/Downloads/lexical_decision","152","500","500","700","650","0","500","550","556","101","1111","1","1000","legacy","xpyriment","1111","1111","n","429","0","20","50","50","25","50","50","50","50","snoetjes","13","200","98859","NA","98953","NA","NA","NA","1478","115579","98951","335652","341007","341007","1561","341566","1563","98951","115579","NA","NA","NA","NA","NA","112479","341996","341565","NA","341006","LexicalDecision"
"No","430","1","HF","-50","experimental","0","1","HF","1","1","1","n","trial","1080","1920","/Users/justina/Downloads/lexical_decision","153","450","500","700","650","0","450","500","516","1011","1111","1","1000","legacy","xpyriment","1011","101","n","430","0","20","50","50","25","50","50","50","50","kale","13","200","98859","NA","98953","NA","NA","NA","1478","115579","98951","335652","342112","342111","1561","342632","1563","98951","115579","NA","NA","NA","NA","NA","112479","343063","342632","NA","342111","LexicalDecision"
"No","376","1","HF","-50","experimental","0","1","HF","1","1","1","n","trial","1080","1920","/Users/justina/Downloads/lexical_decision","154","400","500","700","650","0","400","450","584","111","1111","1","1000","legacy","xpyriment","0111","1011","n","376","0","20","50","50","25","50","50","50","50","wachten","13","200","98859","NA","98953","NA","NA","NA","1478","115579","98951","335652","343180","343179","1561","343766","1563","98951","115579","NA","NA","NA","NA","NA","112479","344143","343766","NA","343178","LexicalDecision"
"No","400","0","HF","50","experimental","0","1","HF","1","0","0","n","trial","1080","1920","/Users/justina/Downloads/lexical_decision","155","450","500","700","650","0","450","400","568","1110","1111","1","1000","legacy","xpyriment","1110","111","None","400","1","20","50","50","25","50","50","50","50","haalde","13","200","98859","NA","98953","NA","NA","NA","1478","115579","98951","345258","344258","344257","1561","344829","1563","98951","115579","NA","NA","NA","NA","NA","112479","345229","344829","NA","344257","LexicalDecision"
"No","473","1","LF","-50","experimental","0","1","LF","2","1","1","n","trial","1080","1920","/Users/justina/Downloads/lexical_decision","156","450","450","700","650","0","450","500","481","1110","1111","1","1000","legacy","xpyriment","1111","1111","n","473","0","20","50","50","25","50","50","50","50","koordjes","13","200","98859","NA","98953","NA","NA","NA","1478","115579","98951","345258","347397","347396","1561","347881","1563","98951","115579","NA","NA","NA","NA","NA","112479","348355","347880","NA","347396","LexicalDecision"
"No","450","0","HF","50","experimental","0","1","HF","1","0","0","n","trial","1080","1920","/Users/justina/Downloads/lexical_decision","157","500","450","700","650","0","500","450","551","1100","1111","1","1000","legacy","xpyriment","1100","1110","None","450","1","20","50","50","25","50","50","50","50","eeuwig","13","200","98859","NA","98953","NA","NA","NA","1478","115579","98951","349504","348470","348469","1561","349024","1563","98951","115579","NA","NA","NA","NA","NA","112479","349474","349023","NA","348469","LexicalDecision"
"No","456","1","Random","-50","experimental","0","1","Random","4","1","1","m","trial","1080","1920","/Users/justina/Downloads/lexical_decision","158","500","450","700","600","0","600","650","480","1100","1111","1","1","legacy","xpyriment","0001","1000","m","456","0","20","50","50","25","50","50","50","50","tsrjike","13","200","98859","NA","98953","NA","NA","NA","1478","115579","98951","349504","351645","351644","1561","352128","1563","98951","115579","NA","NA","NA","NA","NA","112479","352586","352128","NA","351644","LexicalDecision"
"No","472","1","Random","-50","experimental","0","1","Random","4","1","1","m","trial","1080","1920","/Users/justina/Downloads/lexical_decision","159","500","450","700","550","0","550","600","513","1100","1111","1","11","legacy","xpyriment","11","1","m","472","0","20","50","50","25","50","50","50","50","tselke","13","200","98859","NA","98953","NA","NA","NA","1478","115579","98951","349504","352704","352702","1561","353220","1563","98951","115579","NA","NA","NA","NA","NA","112479","353693","353220","NA","352702","LexicalDecision"
"No","407","1","Random","-50","experimental","0","1","Random","4","1","1","m","trial","1080","1920","/Users/justina/Downloads/lexical_decision","160","500","450","700","500","0","500","550","403","1100","1111","1","111","legacy","xpyriment","111","11","m","407","0","20","50","50","25","50","50","50","50","t'aasps","13","200","98859","NA","98953","NA","NA","NA","1478","115579","98951","349504","353809","353808","1561","354215","1563","98951","115579","NA","NA","NA","NA","NA","112479","354623","354214","NA","353808","LexicalDecision"
"No","450","0","LF","50","experimental","0","1","LF","2","0","0","n","trial","1080","1920","/Users/justina/Downloads/lexical_decision","161","500","500","700","500","0","500","450","422","1100","1110","1","111","legacy","xpyriment","1110","1111","None","450","1","20","50","50","25","50","50","50","50","snuitje","13","200","98859","NA","98953","NA","NA","NA","1478","115579","98951","355644","354739","354738","1561","355165","1563","98951","115579","NA","NA","NA","NA","NA","112479","355615","355165","NA","354738","LexicalDecision"
"No","500","0","HF","50","experimental","0","1","HF","1","0","0","n","trial","1080","1920","/Users/justina/Downloads/lexical_decision","162","550","500","700","500","0","550","500","538","1000","1110","1","111","legacy","xpyriment","1000","1100","None","500","1","20","50","50","25","50","50","50","50","elders","13","200","98859","NA","98953","NA","NA","NA","1478","115579","98951","358854","357783","357781","1561","358323","1563","98951","115579","NA","NA","NA","NA","NA","112479","358823","358322","NA","357781","LexicalDecision"
"No","700","0","Pseudo","25","experimental","0","1","Pseudo","3","0","0","m","trial","1080","1920","/Users/justina/Downloads/lexical_decision","163","550","500","725","500","0","725","700","430","1000","1110","10","111","legacy","xpyriment","10","1","None","700","1","20","50","50","25","50","25","25","25","ropisch","13","200","98859","NA","98953","NA","NA","NA","1478","115579","98951","362155","360993","360992","1561","361424","1563","98951","115579","NA","NA","NA","NA","NA","112479","362124","361424","NA","360992","LexicalDecision"
"No","454","1","LF","-50","experimental","0","1","LF","2","1","1","n","trial","1080","1920","/Users/justina/Downloads/lexical_decision","164","550","450","725","500","0","450","500","569","1000","1101","10","111","legacy","xpyriment","1101","1110","n","454","0","20","50","50","25","50","50","50","50","wijntjes","13","200","98859","NA","98953","NA","NA","NA","1478","115579","98951","362155","364300","364299","1561","364872","1563","98951","115579","NA","NA","NA","NA","NA","112479","365327","364872","NA","364299","LexicalDecision"
"No","500","0","Random","50","experimental","0","1","Random","4","0","0","m","trial","1080","1920","/Users/justina/Downloads/lexical_decision","165","550","450","725","550","0","550","500","421","1000","1101","10","1110","legacy","xpyriment","1110","111","None","500","1","20","50","50","25","50","50","50","50","mahstec","13","200","98859","NA","98953","NA","NA","NA","1478","115579","98951","366398","365445","365444","1561","365869","1563","98951","115579","NA","NA","NA","NA","NA","112479","366369","365869","NA","365444","LexicalDecision"
"No","460","1","HF","-50","experimental","0","1","HF","1","1","1","n","trial","1080","1920","/Users/justina/Downloads/lexical_decision","166","500","450","725","550","0","500","550","471","1","1101","10","1110","legacy","xpyriment","0001","1000","n","460","0","20","50","50","25","50","50","50","50","schreef","13","200","98859","NA","98953","NA","NA","NA","1478","115579","98951","366398","368537","368536","1561","369010","1563","98951","115579","NA","NA","NA","NA","NA","112479","369471","369010","NA","368536","LexicalDecision"
"No","498","1","Random","-50","experimental","0","1","Random","4","1","1","m","trial","1080","1920","/Users/justina/Downloads/lexical_decision","167","500","450","725","500","0","500","550","456","1","1101","10","1101","legacy","xpyriment","1101","1110","m","498","0","20","50","50","25","50","50","50","50","esjmse","13","200","98859","NA","98953","NA","NA","NA","1478","115579","98951","366398","369587","369587","1561","370048","1563","98951","115579","NA","NA","NA","NA","NA","112479","370547","370048","NA","369586","LexicalDecision"
"No","441","1","LF","-50","experimental","0","1","LF","2","1","1","n","trial","1080","1920","/Users/justina/Downloads/lexical_decision","168","500","400","725","500","0","400","450","542","1","1011","10","1101","legacy","xpyriment","1011","1101","n","441","0","20","50","50","25","50","50","50","50","hekjes","13","200","98859","NA","98953","NA","NA","NA","1478","115579","98951","366398","370662","370661","1561","371207","1563","98951","115579","NA","NA","NA","NA","NA","112479","371649","371207","NA","370661","LexicalDecision"
"No","443","1","HF","-50","experimental","0","1","HF","1","1","1","n","trial","1080","1920","/Users/justina/Downloads/lexical_decision","169","450","400","725","500","0","450","500","490","11","1011","10","1101","legacy","xpyriment","11","1","n","443","0","20","50","50","25","50","50","50","50","geneigd","13","200","98859","NA","98953","NA","NA","NA","1478","115579","98951","366398","371765","371764","1561","372256","1563","98951","115579","NA","NA","NA","NA","NA","112479","372699","372256","NA","371764","LexicalDecision"
"No","400","0","LF","50","experimental","0","1","LF","2","0","0","n","trial","1080","1920","/Users/justina/Downloads/lexical_decision","170","450","450","725","500","0","450","400","435","11","110","10","1101","legacy","xpyriment","0110","1011","None","400","1","20","50","50","25","50","50","50","50","truitjes","13","200","98859","NA","98953","NA","NA","NA","1478","115579","98951","373682","372815","372814","1561","373253","1563","98951","115579","NA","NA","NA","NA","NA","112479","373653","373253","NA","372814","LexicalDecision"
"No","450","0","LF","50","experimental","0","1","LF","2","0","0","n","trial","1080","1920","/Users/justina/Downloads/lexical_decision","171","450","500","725","500","0","500","450","418","11","1100","10","1101","legacy","xpyriment","1100","110","None","450","1","20","50","50","25","50","50","50","50","matjes","13","200","98859","NA","98953","NA","NA","NA","1478","115579","98951","376726","375826","375825","1561","376246","1563","98951","115579","NA","NA","NA","NA","NA","112479","376696","376246","NA","375825","LexicalDecision"
"No","500","0","LF","50","experimental","0","1","LF","2","0","0","n","trial","1080","1920","/Users/justina/Downloads/lexical_decision","172","450","550","725","500","0","550","500","506","11","1000","10","1101","legacy","xpyriment","1000","1100","None","500","1","20","50","50","25","50","50","50","50","najaars","13","200","98859","NA","98953","NA","NA","NA","1478","115579","98951","379905","378866","378865","1561","379375","1563","98951","115579","NA","NA","NA","NA","NA","112479","379875","379375","NA","378865","LexicalDecision"
"No","550","0","LF","50","experimental","0","1","LF","2","0","0","n","trial","1080","1920","/Users/justina/Downloads/lexical_decision","173","450","600","725","500","0","600","550","405","11","0","10","1101","legacy","xpyriment","0000","1000","None","550","1","20","50","50","25","50","50","50","50","orgels","13","200","98859","NA","98953","NA","NA","NA","1478","115579","98951","383032","382045","382044","1561","382452","1563","98951","115579","NA","NA","NA","NA","NA","112479","383002","382451","NA","382044","LexicalDecision"
"No","502","0","LF","50","experimental","0","1","LF","2","0","0","n","trial","1080","1920","/Users/justina/Downloads/lexical_decision","174","450","650","725","500","0","650","600","507","11","0","10","1101","legacy","xpyriment","00","0","m","502","0","20","50","50","25","50","50","50","50","ajuin","13","200","98859","NA","98953","NA","NA","NA","1478","115579","98951","386212","385171","385170","1561","385680","1563","98951","115579","NA","NA","NA","NA","NA","112479","386183","385680","NA","385170","LexicalDecision"
"No","413","1","LF","-50","experimental","0","1","LF","2","1","1","n","trial","1080","1920","/Users/justina/Downloads/lexical_decision","175","450","600","725","500","0","600","650","503","11","1","10","1101","legacy","xpyriment","01","0","n","413","0","20","50","50","25","50","50","50","50","twijgjes","13","200","98859","NA","98953","NA","NA","NA","1478","115579","98951","386212","388349","388348","1561","388854","1563","98951","115579","NA","NA","NA","NA","NA","112479","389268","388853","NA","388348","LexicalDecision"
"No","595","0","Pseudo","25","experimental","0","1","Pseudo","3","0","0","m","trial","1080","1920","/Users/justina/Downloads/lexical_decision","176","450","600","750","500","0","750","725","520","11","1","100","1101","legacy","xpyriment","100","10","n","595","0","20","50","50","25","50","25","25","25","zellen","13","200","98859","NA","98953","NA","NA","NA","1478","115579","98951","390531","389383","389382","1561","389906","1563","98951","115579","NA","NA","NA","NA","NA","112479","390502","389906","NA","389382","LexicalDecision"
"No","560","1","LF","-50","experimental","0","1","LF","2","1","1","n","trial","1080","1920","/Users/justina/Downloads/lexical_decision","177","450","550","750","500","0","550","600","432","11","11","100","1101","legacy","xpyriment","11","1","n","560","0","20","50","50","25","50","50","50","50","zinsdeel","13","200","98859","NA","98953","NA","NA","NA","1478","115579","98951","390531","392674","392673","1561","393110","1563","98951","115579","NA","NA","NA","NA","NA","112479","393671","393109","NA","392673","LexicalDecision"
"No","450","0","HF","50","experimental","0","1","HF","1","0","0","n","trial","1080","1920","/Users/justina/Downloads/lexical_decision","178","500","550","750","500","0","500","450","560","110","11","100","1101","legacy","xpyriment","110","11","None","450","1","20","50","50","25","50","50","50","50","waarop","13","200","98859","NA","98953","NA","NA","NA","1478","115579","98951","394829","393786","393785","1561","394349","1563","98951","115579","NA","NA","NA","NA","NA","112479","394799","394349","NA","393785","LexicalDecision"
"No","389","1","HF","-50","experimental","0","1","HF","1","1","1","n","trial","1080","1920","/Users/justina/Downloads/lexical_decision","179","450","550","750","500","0","450","500","490","1101","11","100","1101","legacy","xpyriment","1101","110","n","389","0","20","50","50","25","50","50","50","50","zomer","13","200","98859","NA","98953","NA","NA","NA","1478","115579","98951","394829","396973","396972","1561","397466","1563","98951","115579","NA","NA","NA","NA","NA","112479","397856","397465","NA","396972","LexicalDecision"
"No","450","0","HF","25","experimental","1","1","HF","1","0","0","n","trial","1080","1920","/Users/justina/Downloads/lexical_decision","180","475","550","750","500","0","475","450","426","","11","100","1101","legacy","xpyriment","","1101","None","450","1","20","25","50","25","50","25","25","50","blik","13","200","98859","NA","98953","NA","NA","NA","1478","115579","98951","398878","397971","397970","1561","398400","1563","98951","115579","NA","NA","NA","NA","NA","112479","398850","398400","NA","397970","LexicalDecision"
"No","487","1","LF","-50","experimental","0","1","LF","2","1","1","n","trial","1080","1920","/Users/justina/Downloads/lexical_decision","181","475","500","750","500","0","500","550","593","","111","100","1101","legacy","xpyriment","111","11","n","487","0","20","25","50","25","50","50","50","50","otters","13","200","98859","NA","98953","NA","NA","NA","1478","115579","98951","398878","401022","401021","1561","401618","1563","98951","115579","NA","NA","NA","NA","NA","112479","402106","401617","NA","401021","LexicalDecision"
"No","527","1","Pseudo","-25","experimental","0","1","Pseudo","3","1","1","m","trial","1080","1920","/Users/justina/Downloads/lexical_decision","182","475","500","725","500","0","725","750","525","","111","1001","1101","legacy","xpyriment","1001","100","m","527","0","20","25","50","25","50","25","25","25","pakti","13","200","98859","NA","98953","NA","NA","NA","1478","115579","98951","398878","402222","402221","1561","402750","1563","98951","115579","NA","NA","NA","NA","NA","112479","403278","402749","NA","402220","LexicalDecision"
"No","451","1","Random","-50","experimental","0","1","Random","4","1","1","m","trial","1080","1920","/Users/justina/Downloads/lexical_decision","183","475","500","725","450","0","450","500","522","","111","1001","1011","legacy","xpyriment","1011","1101","m","451","0","20","25","50","25","50","50","50","50","rtbseoj","13","200","98859","NA","98953","NA","NA","NA","1478","115579","98951","398878","403393","403392","1561","403919","1563","98951","115579","NA","NA","NA","NA","NA","112479","404371","403918","NA","403392","LexicalDecision"
"No","455","0","Pseudo","25","experimental","0","1","Pseudo","3","0","0","m","trial","1080","1920","/Users/justina/Downloads/lexical_decision","184","475","500","750","450","0","750","725","523","","111","10","1011","legacy","xpyriment","0010","1001","n","455","0","20","25","50","25","50","25","25","25","voordier","13","200","98859","NA","98953","NA","NA","NA","1478","115579","98951","405495","404486","404485","1561","405011","1563","98951","115579","NA","NA","NA","NA","NA","112479","405467","405011","NA","404485","LexicalDecision"
"No","500","0","LF","50","experimental","0","1","LF","2","0","0","n","trial","1080","1920","/Users/justina/Downloads/lexical_decision","185","475","550","750","450","0","550","500","435","","1110","10","1011","legacy","xpyriment","1110","111","None","500","1","20","25","50","25","50","50","50","50","kroegjes","13","200","98859","NA","98953","NA","NA","NA","1478","115579","98951","408612","407644","407643","1561","408082","1563","98951","115579","NA","NA","NA","NA","NA","112479","408582","408082","NA","407643","LexicalDecision"
"No","750","0","Pseudo","25","experimental","0","1","Pseudo","3","0","0","m","trial","1080","1920","/Users/justina/Downloads/lexical_decision","186","475","550","775","450","0","775","750","422","","1110","100","1011","legacy","xpyriment","100","10","None","750","1","20","25","50","25","50","25","25","25","doeders","13","200","98859","NA","98953","NA","NA","NA","1478","115579","98951","411952","410748","410748","1561","411173","1563","98951","115579","NA","NA","NA","NA","NA","112479","411923","411172","NA","410747","LexicalDecision"
"No","450","0","Random","50","experimental","0","1","Random","4","0","0","m","trial","1080","1920","/Users/justina/Downloads/lexical_decision","187","475","550","775","500","0","500","450","426","","1110","100","110","legacy","xpyriment","0110","1011","None","450","1","20","25","50","25","50","50","50","50","olog","13","200","98859","NA","98953","NA","NA","NA","1478","115579","98951","415003","414096","414095","1561","414524","1563","98951","115579","NA","NA","NA","NA","NA","112479","414974","414524","NA","414095","LexicalDecision"
"No","739","1","Pseudo","-25","experimental","0","1","Pseudo","3","1","1","m","trial","1080","1920","/Users/justina/Downloads/lexical_decision","188","475","550","750","500","0","750","775","475","","1110","1001","110","legacy","xpyriment","1001","100","m","739","0","20","25","50","25","50","25","25","25","munst","13","200","98859","NA","98953","NA","NA","NA","1478","115579","98951","415003","417146","417145","1561","417624","1563","98951","115579","NA","NA","NA","NA","NA","112479","418365","417623","NA","417144","LexicalDecision"
"No","509","1","Pseudo","-25","experimental","0","1","Pseudo","3","1","1","m","trial","1080","1920","/Users/justina/Downloads/lexical_decision","189","475","550","725","500","0","725","750","406","","1110","11","110","legacy","xpyriment","0011","1001","m","509","0","20","25","50","25","50","25","25","25","bebijk","13","200","98859","NA","98953","NA","NA","NA","1478","115579","98951","415003","418481","418480","1561","418889","1563","98951","115579","NA","NA","NA","NA","NA","112479","419399","418889","NA","418479","LexicalDecision"
"No","475","0","HF","25","experimental","0","1","HF","1","0","0","n","trial","1080","1920","/Users/justina/Downloads/lexical_decision","190","500","550","725","500","0","500","475","487","0","1110","11","110","legacy","xpyriment","0","","None","475","1","20","25","50","25","50","25","25","25","vangen","13","200","98859","NA","98953","NA","NA","NA","1478","115579","98951","420509","419515","419514","1561","420006","1563","98951","115579","NA","NA","NA","NA","NA","112479","420481","420005","NA","419514","LexicalDecision"
"No","534","1","LF","-50","experimental","0","1","LF","2","1","1","n","trial","1080","1920","/Users/justina/Downloads/lexical_decision","191","500","500","725","500","0","500","550","412","0","1101","11","110","legacy","xpyriment","1101","1110","n","534","0","20","25","50","25","50","50","50","50","wormpje","13","200","98859","NA","98953","NA","NA","NA","1478","115579","98951","420509","422651","422650","1561","423065","1563","98951","115579","NA","NA","NA","NA","NA","112479","423600","423065","NA","422650","LexicalDecision"
"No","424","1","Random","-50","experimental","0","1","Random","4","1","1","m","trial","1080","1920","/Users/justina/Downloads/lexical_decision","192","500","500","725","450","0","450","500","522","0","1101","11","1101","legacy","xpyriment","1101","110","m","424","0","20","25","50","25","50","50","50","50","ewekrsk","13","200","98859","NA","98953","NA","NA","NA","1478","115579","98951","420509","423718","423717","1561","424242","1563","98951","115579","NA","NA","NA","NA","NA","112479","424667","424242","NA","423717","LexicalDecision"
"No","432","1","HF","-25","experimental","0","1","HF","1","1","1","n","trial","1080","1920","/Users/justina/Downloads/lexical_decision","193","475","500","725","450","0","475","500","483","1","1101","11","1101","legacy","xpyriment","01","0","n","432","0","20","25","50","25","50","25","25","25","haven","13","200","98859","NA","98953","NA","NA","NA","1478","115579","98951","420509","424782","424781","1561","425268","1563","98951","115579","NA","NA","NA","NA","NA","112479","425701","425268","NA","424781","LexicalDecision"
"No","507","0","Pseudo","25","experimental","0","1","Pseudo","3","0","0","m","trial","1080","1920","/Users/justina/Downloads/lexical_decision","194","475","500","750","450","0","750","725","498","1","1101","110","1101","legacy","xpyriment","110","11","n","507","0","20","25","50","25","50","25","25","25","uitters","13","200","98859","NA","98953","NA","NA","NA","1478","115579","98951","426854","425817","425816","1561","426318","1563","98951","115579","NA","NA","NA","NA","NA","112479","426826","426318","NA","425816","LexicalDecision"
"No","447","1","Random","-50","experimental","0","1","Random","4","1","1","m","trial","1080","1920","/Users/justina/Downloads/lexical_decision","195","475","500","750","400","0","400","450","491","1","1101","110","1011","legacy","xpyriment","1011","1101","m","447","0","20","25","50","25","50","50","50","50","ijlekjs","13","200","98859","NA","98953","NA","NA","NA","1478","115579","98951","426854","428996","428995","1561","429488","1563","98951","115579","NA","NA","NA","NA","NA","112479","429936","429488","NA","428995","LexicalDecision"
"No","500","0","LF","25","experimental","1","1","LF","2","0","0","n","trial","1080","1920","/Users/justina/Downloads/lexical_decision","196","475","525","750","400","0","525","500","535","1","","110","1011","legacy","xpyriment","","1101","None","500","1","20","25","25","25","50","25","25","50","salsa","13","200","98859","NA","98953","NA","NA","NA","1478","115579","98951","431117","430051","430050","1561","430589","1563","98951","115579","NA","NA","NA","NA","NA","112479","431089","430589","NA","430050","LexicalDecision"
"No","608","1","Pseudo","-25","experimental","0","1","Pseudo","3","1","1","m","trial","1080","1920","/Users/justina/Downloads/lexical_decision","197","475","525","725","400","0","725","750","537","1","","1101","1011","legacy","xpyriment","1101","110","m","608","0","20","25","25","25","50","25","25","25","weeder","13","200","98859","NA","98953","NA","NA","NA","1478","115579","98951","431117","433253","433252","1561","433792","1563","98951","115579","NA","NA","NA","NA","NA","112479","434401","433792","NA","433252","LexicalDecision"
"No","475","0","HF","25","experimental","0","1","HF","1","0","0","n","trial","1080","1920","/Users/justina/Downloads/lexical_decision","198","500","525","725","400","0","500","475","446","10","","1101","1011","legacy","xpyriment","10","1","None","475","1","20","25","25","25","50","25","25","25","inhoud","13","200","98859","NA","98953","NA","NA","NA","1478","115579","98951","435470","434517","434516","1561","434966","1563","98951","115579","NA","NA","NA","NA","NA","112479","435441","434966","NA","434516","LexicalDecision"
"No","725","0","Pseudo","12","experimental","1","1","Pseudo","3","0","0","m","trial","1080","1920","/Users/justina/Downloads/lexical_decision","199","500","525","737","400","0","737","725","594","10","","","1011","legacy","xpyriment","","1101","None","725","1","20","25","25","12","50","12","12","25","meidde","13","200","98859","NA","98953","NA","NA","NA","1478","115579","98951","438968","437617","437616","1561","438213","1563","98951","115579","NA","NA","NA","NA","NA","112479","438938","438213","NA","437616","LexicalDecision"
"No","400","0","Random","50","experimental","0","1","Random","4","0","0","m","trial","1080","1920","/Users/justina/Downloads/lexical_decision","200","500","525","737","450","0","450","400","476","10","","","110","legacy","xpyriment","0110","1011","None","400","1","20","25","25","12","50","50","50","50","momlers","13","200","98859","NA","98953","NA","NA","NA","1478","115579","98951","442014","441107","441106","1561","441586","1563","98951","115579","NA","NA","NA","NA","NA","112479","441986","441585","NA","441106","LexicalDecision"
"No","400","0","ALL","50","experimental","0","1","HF","1","0","0","n","block_summary","1080","1920","/Users/justina/Downloads/lexical_decision","200","500","525","737","450","0","450","400","476","10","","","110","legacy","xpyriment","0110","1011","None","400","1","20","25","25","12","50","50","50","50","middag","13","200","98859","NA","98953","NA","NA","NA","1478","115579","98951","442014","441107","441106","1561","441586","1563","98951","115579","NA","NA","NA","NA","NA","112479","441986","441585","NA","441106","LexicalDecision"
