"Practice","RT","accuracy","adaptive_category","adaptive_change","adaptive_phase","alternation_detected","block","cond","condition","correct","correct_keyboard_response","correct_response","data_row_type","display_height","display_width","experiment_path","experimental_trial_count","exposure_HF","exposure_LF","exposure_Pseudo","exposure_Random","exposure_floor_reached","exposure_time_after","exposure_time_before","fixation_dur","history_HF","history_LF","history_Pseudo","history_Random","keyboard_backend","mouse_backend","outcome_history_after","outcome_history_before","response_keyboard_response","response_time_keyboard_response","response_was_timeout","scaled_font_size","step_HF","step_LF","step_Pseudo","step_Random","step_size_after","step_size_applied","step_size_before","stimulus","subject_nr","testing_trial_limit","time_Experimental","time_Practice","time_block_start","time_end_of_block_trigger","time_end_of_experiment","time_end_of_practice_block_trigger","time_experiment","time_experimental_block","time_experimental_sequence","time_feedback","time_fixation","time_fixation_duration","time_generalpreps","time_keyboard_response","time_main_instructions","time_new_block","time_new_block_trigger","time_new_sketchpad","time_practice_block","time_practice_block_trigger","time_practice_sequence_1","time_practice_start","time_presstostart","time_response_trigger","time_stimulus","time_stimulus_trigger","time_trial_sequence","title"
"No","510","1","LF","-50","experimental","0","1","LF","2","1","1","n","trial","1080","1920","/Users/justina/Downloads/lexical_decision","1","2000","1950","2000","2000","0","1950","2000","451","","1","","","legacy","xpyriment","1","","n","510","0","20","50","50","50","50","50","50","50","treintje","10","200","3682","NA","3773","NA","NA","NA","1711","10031","3771","NA","10118","10117","1773","10572","1775","3771","10031","NA","NA","NA","NA","NA","9129","11083","10572","NA","10117","LexicalDecision"
"No","414","1","HF","-50","experimental","0","1","HF","1","1","1","n","trial","1080","1920","/Users/justina/Downloads/lexical_decision","2","1950","1950","2000","2000","0","1950","2000","563","1","1","","","legacy","xpyriment","1","","n","414","0","20","50","50","50","50","50","50","50","boek","10","200","3682","NA","3773","NA","NA","NA","1711","10031","3771","NA","11228","11227","1773","11793","1775","3771","10031","NA","NA","NA","NA","NA","9129","12208","11793","NA","11227","LexicalDecision"
"No","381","1","LF","-50","experimental","0","1","LF","2","1","1","n","trial","1080","1920","/Users/justina/Downloads/lexical_decision","3","1950","1900","2000","2000","0","1900","1950","479","1","11","","","legacy","xpyriment","11","1","n","381","0","20","50","50","50","50","50","50","50","maandje","10","200","3682","NA","3773","NA","NA","NA","1711","10031","3771","NA","12330","12329","1773","12810","1775","3771","10031","NA","NA","NA","NA","NA","9129","13191","12810","NA","12328","LexicalDecision"
"No","451","1","HF","-50","experimental","0","1","HF","1","1","1","n","trial","1080","1920","/Users/justina/Downloads/lexical_decision","4","1900","1900","2000","2000","0","1900","1950","540","11","11","","","legacy","xpyriment","11","1","n","451","0","20","50","50","50","50","50","50","50","vlak","10","200","3682","NA","3773","NA","NA","NA","1711","10031","3771","NA","13310","13309","1773","13853","1775","3771","10031","NA","NA","NA","NA","NA","9129","14305","13853","NA","13309","LexicalDecision"
"No","679","1","Pseudo","-50","experimental","0","1","Pseudo","3","1","1","m","trial","1080","1920","/Users/justina/Downloads/lexical_decision","5","1900","1900","1950","2000","0","1950","2000","549","11","11","1","","legacy","xpyriment","1","","m","679","0","20","50","50","50","50","50","50","50","laudend","10","200","3682","NA","3773","NA","NA","NA","1711","10031","3771","NA","14423","14422","1773","14974","1775","3771","10031","NA","NA","NA","NA","NA","9129","15653","14974","NA","14421","LexicalDecision"
"No","819","1","HF","-50","experimental","0","1","HF","1","1","1","n","trial","1080","1920","/Users/justina/Downloads/lexical_decision","6","1850","1900","1950","2000","0","1850","1900","481","111","11","1","","legacy","xpyriment","111","11","n","819","0","20","50","50","50","50","50","50","50","sleutel","10","200","3682","NA","3773","NA","NA","NA","1711","10031","3771","NA","15770","15769","1773","16256","1775","3771","10031","NA","NA","NA","NA","NA","9129","17076","16256","NA","15769","LexicalDecision"
"No","562","1","Random","-50","experimental","0","1","Random","4","1","1","m","trial","1080","1920","/Users/justina/Downloads/lexical_decision","7","1850","1900","1950","1950","0","1950","2000","395","111","11","1","1","legacy","xpyriment","1","","m","562","0","20","50","50","50","50","50","50","50","eddkus","10","200","3682","NA","3773","NA","NA","NA","1711","10031","3771","NA","17194","17193","1773","17590","1775","3771","10031","NA","NA","NA","NA","NA","9129","18153","17590","NA","17193","LexicalDecision"
"No","449","1","HF","-50","experimental","0","1","HF","1","1","1","n","trial","1080","1920","/Users/justina/Downloads/lexical_decision","8","1800","1900","1950","1950","0","1800","1850","481","1111","11","1","1","legacy","xpyriment","1111","111","n","449","0","20","50","50","50","50","50","50","50","snel","10","200","3682","NA","3773","NA","NA","NA","1711","10031","3771","NA","18269","18268","1773","18754","1775","3771","10031","NA","NA","NA","NA","NA","9129","19204","18754","NA","18268","LexicalDecision"
"No","508","1","HF","-50","experimental","0","1","HF","1","1","1","n","trial","1080","1920","/Users/justina/Downloads/lexical_decision","9","1750","1900","1950","1950","0","1750","1800","450","1111","11","1","1","legacy","xpyriment","1111","1111","n","508","0","20","50","50","50","50","50","50","50","plaatsen","10","200","3682","NA","3773","NA","NA","NA","1711","10031","3771","NA","19320","19320","1773","19774","1775","3771","10031","NA","NA","NA","NA","NA","9129","20283","19773","NA","19319","LexicalDecision"
"No","735","0","Pseudo","50","experimental","0","1","Pseudo","3","0","0","m","trial","1080","1920","/Users/justina/Downloads/lexical_decision","10","1750","1900","2000","1950","0","2000","1950","450","1111","11","10","1","legacy","xpyriment","10","1","n","735","0","20","50","50","50","50","50","50","50","bechte","10","200","3682","NA","3773","NA","NA","NA","1711","10031","3771","21616","20399","20398","1773","20851","1775","3771","10031","NA","NA","NA","NA","NA","9129","21587","20850","NA","20398","LexicalDecision"
"No","873","1","HF","-50","experimental","0","1","HF","1","1","1","n","trial","1080","1920","/Users/justina/Downloads/lexical_decision","11","1700","1900","2000","1950","0","1700","1750","461","1111","11","10","1","legacy","xpyriment","1111","1111","n","873","0","20","50","50","50","50","50","50","50","vrijheid","10","200","3682","NA","3773","NA","NA","NA","1711","10031","3771","21616","23756","23755","1773","24221","1775","3771","10031","NA","NA","NA","NA","NA","9129","25095","24220","NA","23755","LexicalDecision"
"No","502","1","Random","-50","experimental","0","1","Random","4","1","1","m","trial","1080","1920","/Users/justina/Downloads/lexical_decision","12","1700","1900","2000","1900","0","1900","1950","514","1111","11","10","11","legacy","xpyriment","11","1","m","502","0","20","50","50","50","50","50","50","50","smyjpeg","10","200","3682","NA","3773","NA","NA","NA","1711","10031","3771","21616","25213","25212","1773","25729","1775","3771","10031","NA","NA","NA","NA","NA","9129","26232","25729","NA","25212","LexicalDecision"
"No","464","1","HF","-50","experimental","0","1","HF","1","1","1","n","trial","1080","1920","/Users/justina/Downloads/lexical_decision","13","1650","1900","2000","1900","0","1650","1700","583","1111","11","10","11","legacy","xpyriment","1111","1111","n","464","0","20","50","50","50","50","50","50","50","arbeid","10","200","3682","NA","3773","NA","NA","NA","1711","10031","3771","21616","26351","26350","1773","26936","1775","3771","10031","NA","NA","NA","NA","NA","9129","27400","26936","NA","26350","LexicalDecision"
"No","438","1","HF","-50","experimental","0","1","HF","1","1","1","n","trial","1080","1920","/Users/justina/Downloads/lexical_decision","14","1600","1900","2000","1900","0","1600","1650","579","1111","11","10","11","legacy","xpyriment","1111","1111","n","438","0","20","50","50","50","50","50","50","50","probeer","10","200","3682","NA","3773","NA","NA","NA","1711","10031","3771","21616","27517","27516","1773","28099","1775","3771","10031","NA","NA","NA","NA","NA","9129","28538","28099","NA","27516","LexicalDecision"
"No","554","1","HF","-50","experimental","0","1","HF","1","1","1","n","trial","1080","1920","/Users/justina/Downloads/lexical_decision","15","1550","1900","2000","1900","0","1550","1600","457","1111","11","10","11","legacy","xpyriment","1111","1111","n","554","0","20","50","50","50","50","50","50","50","hoogte","10","200","3682","NA","3773","NA","NA","NA","1711","10031","3771","21616","28657","28656","1773","29117","1775","3771","10031","NA","NA","NA","NA","NA","9129","29672","29117","NA","28656","LexicalDecision"
"No","483","1","Random","-50","experimental","0","1","Random","4","1","1","m","trial","1080","1920","/Users/justina/Downloads/lexical_decision","16","1550","1900","2000","1850","0","1850","1900","560","1111","11","10","111","legacy","xpyriment","111","11","m","483","0","20","50","50","50","50","50","50","50","fnstiet","10","200","3682","NA","3773","NA","NA","NA","1711","10031","3771","21616","29790","29789","1773","30353","1775","3771","10031","NA","NA","NA","NA","NA","9129","30837","30353","NA","29789","LexicalDecision"
"No","823","1","Random","-50","experimental","0","1","Random","4","1","1","m","trial","1080","1920","/Users/justina/Downloads/lexical_decision","17","1550","1900","2000","1800","0","1800","1850","499","1111","11","10","1111","legacy","xpyriment","1111","111","m","823","0","20","50","50","50","50","50","50","50","jansara","10","200","3682","NA","3773","NA","NA","NA","1711","10031","3771","21616","30952","30951","1773","31454","1775","3771","10031","NA","NA","NA","NA","NA","9129","32278","31454","NA","30951","LexicalDecision"
"No","479","1","LF","-50","experimental","0","1","LF","2","1","1","n","trial","1080","1920","/Users/justina/Downloads/lexical_decision","18","1550","1850","2000","1800","0","1850","1900","443","1111","111","10","1111","legacy","xpyriment","111","11","n","479","0","20","50","50","50","50","50","50","50","rolkraag","10","200","3682","NA","3773","NA","NA","NA","1711","10031","3771","21616","32394","32393","1773","32839","1775","3771","10031","NA","NA","NA","NA","NA","9129","33319","32839","NA","32393","LexicalDecision"
"No","683","1","Pseudo","-50","experimental","0","1","Pseudo","3","1","1","m","trial","1080","1920","/Users/justina/Downloads/lexical_decision","19","1550","1850","1950","1800","0","1950","2000","557","1111","111","101","1111","legacy","xpyriment","101","10","m","683","0","20","50","50","50","50","50","50","50","oken","10","200","3682","NA","3773","NA","NA","NA","1711","10031","3771","21616","33437","33436","1773","33998","1775","3771","10031","NA","NA","NA","NA","NA","9129","34682","33998","NA","33435","LexicalDecision"
"No","452","1","LF","-50","experimental","0","1","LF","2","1","1","n","trial","1080","1920","/Users/justina/Downloads/lexical_decision","20","1550","1800","1950","1800","0","1800","1850","426","1111","1111","101","1111","legacy","xpyriment","1111","111","n","452","0","20","50","50","50","50","50","50","50","lentes","10","200","3682","NA","3773","NA","NA","NA","1711","10031","3771","21616","34801","34800","1773","35230","1775","3771","10031","NA","NA","NA","NA","NA","9129","35682","35230","NA","34800","LexicalDecision"
"No","484","1","HF","-50","experimental","0","1","HF","1","1","1","n","trial","1080","1920","/Users/justina/Downloads/lexical_decision","21","1500","1800","1950","1800","0","1500","1550","575","1111","1111","101","1111","legacy","xpyriment","1111","1111","n","484","0","20","50","50","50","50","50","50","50","gaven","10","200","3682","NA","3773","NA","NA","NA","1711","10031","3771","21616","35834","35833","1773","36413","1775","3771","10031","NA","NA","NA","NA","NA","9129","36898","36413","NA","35832","LexicalDecision"
"No","435","1","Random","-50","experimental","0","1","Random","4","1","1","m","trial","1080","1920","/Users/justina/Downloads/lexical_decision","22","1500","1800","1950","1750","0","1750","1800","519","1111","1111","101","1111","legacy","xpyriment","1111","1111","m","435","0","20","50","50","50","50","50","50","50","nacsk","10","200","3682","NA","3773","NA","NA","NA","1711","10031","3771","21616","37015","37014","1773","37537","1775","3771","10031","NA","NA","NA","NA","NA","9129","37973","37537","NA","37013","LexicalDecision"
"No","538","1","Random","-50","experimental","0","1","Random","4","1","1","m","trial","1080","1920","/Users/justina/Downloads/lexical_decision","23","1500","1800","1950","1700","0","1700","1750","417","1111","1111","101","1111","legacy","xpyriment","1111","1111","m","538","0","20","50","50","50","50","50","50","50","nagjabil","10","200","3682","NA","3773","NA","NA","NA","1711","10031","3771","21616","38090","38089","1773","38509","1775","3771","10031","NA","NA","NA","NA","NA","9129","39048","38509","NA","38089","LexicalDecision"
"No","824","1","Pseudo","-50","experimental","0","1","Pseudo","3","1","1","m","trial","1080","1920","/Users/justina/Downloads/lexical_decision","24","1500","1800","1900","1700","0","1900","1950","446","1111","1111","1011","1111","legacy","xpyriment","1011","101","m","824","0","20","50","50","50","50","50","50","50","kenk","10","200","3682","NA","3773","NA","NA","NA","1711","10031","3771","21616","39165","39164","1773","39615","1775","3771","10031","NA","NA","NA","NA","NA","9129","40440","39614","NA","39164","LexicalDecision"
"No","533","1","LF","-50","experimental","0","1","LF","2","1","1","n","trial","1080","1920","/Users/justina/Downloads/lexical_decision","25","1500","1750","1900","1700","0","1750","1800","578","1111","1111","1011","1111","legacy","xpyriment","1111","1111","n","533","0","20","50","50","50","50","50","50","50","bever","10","200","3682","NA","3773","NA","NA","NA","1711","10031","3771","21616","40559","40558","1773","41140","1775","3771","10031","NA","NA","NA","NA","NA","9129","41674","41140","NA","40557","LexicalDecision"
"No","495","1","Random","-50","experimental","0","1","Random","4","1","1","m","trial","1080","1920","/Users/justina/Downloads/lexical_decision","26","1500","1750","1900","1650","0","1650","1700","407","1111","1111","1011","1111","legacy","xpyriment","1111","1111","m","495","0","20","50","50","50","50","50","50","50","ookljef","10","200","3682","NA","3773","NA","NA","NA","1711","10031","3771","21616","41791","41790","1773","42200","1775","3771","10031","NA","NA","NA","NA","NA","9129","42696","42200","NA","41790","LexicalDecision"
"No","416","1","HF","-50","experimental","0","1","HF","1","1","1","n","trial","1080","1920","/Users/justina/Downloads/lexical_decision","27","1450","1750","1900","1650","0","1450","1500","516","1111","1111","1011","1111","legacy","xpyriment","1111","1111","n","416","0","20","50","50","50","50","50","50","50","speelde","10","200","3682","NA","3773","NA","NA","NA","1711","10031","3771","21616","42814","42813","1773","43335","1775","3771","10031","NA","NA","NA","NA","NA","9129","43752","43334","NA","42813","LexicalDecision"
"No","523","0","Pseudo","50","experimental","0","1","Pseudo","3","0","0","m","trial","1080","1920","/Users/justina/Downloads/lexical_decision","28","1450","1750","1950","1650","0","1950","1900","587","1111","1111","110","1111","legacy","xpyriment","0110","1011","n","523","0","20","50","50","50","50","50","50","50","leeding","10","200","3682","NA","3773","NA","NA","NA","1711","10031","3771","45011","43869","43868","1773","44458","1775","3771","10031","NA","NA","NA","NA","NA","9129","44982","44457","NA","43868","LexicalDecision"
"No","768","1","LF","-50","experimental","0","1","LF","2","1","1","n","trial","1080","1920","/Users/justina/Downloads/lexical_decision","29","1450","1700","1950","1650","0","1700","1750","499","1111","1111","110","1111","legacy","xpyriment","1111","1111","n","768","0","20","50","50","50","50","50","50","50","hockey","10","200","3682","NA","3773","NA","NA","NA","1711","10031","3771","45011","47157","47156","1773","47658","1775","3771","10031","NA","NA","NA","NA","NA","9129","48426","47658","NA","47156","LexicalDecision"
"No","592","1","LF","-50","experimental","0","1","LF","2","1","1","n","trial","1080","1920","/Users/justina/Downloads/lexical_decision","30","1450","1650","1950","1650","0","1650","1700","415","1111","1111","110","1111","legacy","xpyriment","1111","1111","n","592","0","20","50","50","50","50","50","50","50","rondes","10","200","3682","NA","3773","NA","NA","NA","1711","10031","3771","45011","48544","48543","1773","48961","1775","3771","10031","NA","NA","NA","NA","NA","9129","49554","48961","NA","48543","LexicalDecision"
"No","576","1","HF","-50","experimental","0","1","HF","1","1","1","n","trial","1080","1920","/Users/justina/Downloads/lexical_decision","31","1400","1650","1950","1650","0","1400","1450","503","1111","1111","110","1111","legacy","xpyriment","1111","1111","n","576","0","20","50","50","50","50","50","50","50","beleefd","10","200","3682","NA","3773","NA","NA","NA","1711","10031","3771","45011","49669","49668","1773","50175","1775","3771","10031","NA","NA","NA","NA","NA","9129","50752","50175","NA","49668","LexicalDecision"
"No","571","1","HF","-50","experimental","0","1","HF","1","1","1","n","trial","1080","1920","/Users/justina/Downloads/lexical_decision","32","1350","1650","1950","1650","0","1350","1400","401","1111","1111","110","1111","legacy","xpyriment","1111","1111","n","571","0","20","50","50","50","50","50","50","50","doden","10","200","3682","NA","3773","NA","NA","NA","1711","10031","3771","45011","50869","50868","1773","51273","1775","3771","10031","NA","NA","NA","NA","NA","9129","51844","51272","NA","50868","LexicalDecision"
"No","537","1","HF","-50","experimental","0","1","HF","1","1","1","n","trial","1080","1920","/Users/justina/Downloads/lexical_decision","33","1300","1650","1950","1650","0","1300","1350","523","1111","1111","110","1111","legacy","xpyriment","1111","1111","n","537","0","20","50","50","50","50","50","50","50","daarom","10","200","3682","NA","3773","NA","NA","NA","1711","10031","3771","45011","51964","51963","1773","52489","1775","3771","10031","NA","NA","NA","NA","NA","9129","53026","52488","NA","51962","LexicalDecision"
"No","686","1","Pseudo","-50","experimental","0","1","Pseudo","3","1","1","m","trial","1080","1920","/Users/justina/Downloads/lexical_decision","34","1300","1650","1900","1650","0","1900","1950","411","1111","1111","1101","1111","legacy","xpyriment","1101","110","m","686","0","20","50","50","50","50","50","50","50","scheben","10","200","3682","NA","3773","NA","NA","NA","1711","10031","3771","45011","53142","53141","1773","53556","1775","3771","10031","NA","NA","NA","NA","NA","9129","54242","53556","NA","53141","LexicalDecision"
"No","650","1","LF","-50","experimental","0","1","LF","2","1","1","n","trial","1080","1920","/Users/justina/Downloads/lexical_decision","35","1300","1600","1900","1650","0","1600","1650","518","1111","1111","1101","1111","legacy","xpyriment","1111","1111","n","650","0","20","50","50","50","50","50","50","50","wijntjes","10","200","3682","NA","3773","NA","NA","NA","1711","10031","3771","45011","54361","54360","1773","54883","1775","3771","10031","NA","NA","NA","NA","NA","9129","55534","54883","NA","54360","LexicalDecision"
"No","673","1","Pseudo","-50","experimental","0","1","Pseudo","3","1","1","m","trial","1080","1920","/Users/justina/Downloads/lexical_decision","36","1300","1600","1850","1650","0","1850","1900","432","1111","1111","1011","1111","legacy","xpyriment","1011","1101","m","673","0","20","50","50","50","50","50","50","50","geemt","10","200","3682","NA","3773","NA","NA","NA","1711","10031","3771","45011","55650","55649","1773","56086","1775","3771","10031","NA","NA","NA","NA","NA","9129","56759","56085","NA","55649","LexicalDecision"
"No","466","1","LF","-50","experimental","0","1","LF","2","1","1","n","trial","1080","1920","/Users/justina/Downloads/lexical_decision","37","1300","1550","1850","1650","0","1550","1600","510","1111","1111","1011","1111","legacy","xpyriment","1111","1111","n","466","0","20","50","50","50","50","50","50","50","games","10","200","3682","NA","3773","NA","NA","NA","1711","10031","3771","45011","56876","56875","1773","57389","1775","3771","10031","NA","NA","NA","NA","NA","9129","57856","57389","NA","56875","LexicalDecision"
"No","456","0","Pseudo","50","experimental","0","1","Pseudo","3","0","0","m","trial","1080","1920","/Users/justina/Downloads/lexical_decision","38","1300","1550","1900","1650","0","1900","1850","506","1111","1111","110","1111","legacy","xpyriment","0110","1011","n","456","0","20","50","50","50","50","50","50","50","geleigd","10","200","3682","NA","3773","NA","NA","NA","1711","10031","3771","58971","57975","57974","1773","58485","1775","3771","10031","NA","NA","NA","NA","NA","9129","58942","58484","NA","57974","LexicalDecision"
"No","505","1","LF","-50","experimental","0","1","LF","2","1","1","n","trial","1080","1920","/Users/justina/Downloads/lexical_decision","39","1300","1500","1900","1650","0","1500","1550","457","1111","1111","110","1111","legacy","xpyriment","1111","1111","n","505","0","20","50","50","50","50","50","50","50","soepkom","10","200","3682","NA","3773","NA","NA","NA","1711","10031","3771","58971","61112","61111","1773","61572","1775","3771","10031","NA","NA","NA","NA","NA","9129","62078","61572","NA","61111","LexicalDecision"
"No","579","1","HF","-50","experimental","0","1","HF","1","1","1","n","trial","1080","1920","/Users/justina/Downloads/lexical_decision","40","1250","1500","1900","1650","0","1250","1300","410","1111","1111","110","1111","legacy","xpyriment","1111","1111","n","579","0","20","50","50","50","50","50","50","50","vrede","10","200","3682","NA","3773","NA","NA","NA","1711","10031","3771","58971","62195","62194","1773","62608","1775","3771","10031","NA","NA","NA","NA","NA","9129","63188","62608","NA","62194","LexicalDecision"
"No","571","1","LF","-50","experimental","0","1","LF","2","1","1","n","trial","1080","1920","/Users/justina/Downloads/lexical_decision","41","1250","1450","1900","1650","0","1450","1500","457","1111","1111","110","1111","legacy","xpyriment","1111","1111","n","571","0","20","50","50","50","50","50","50","50","plasjes","10","200","3682","NA","3773","NA","NA","NA","1711","10031","3771","58971","63303","63302","1773","63766","1775","3771","10031","NA","NA","NA","NA","NA","9129","64339","63765","NA","63302","LexicalDecision"
"No","471","1","Random","-50","experimental","0","1","Random","4","1","1","m","trial","1080","1920","/Users/justina/Downloads/lexical_decision","42","1250","1450","1900","1600","0","1600","1650","543","1111","1111","110","1111","legacy","xpyriment","1111","1111","m","471","0","20","50","50","50","50","50","50","50","sassjeu","10","200","3682","NA","3773","NA","NA","NA","1711","10031","3771","58971","64456","64455","1773","65002","1775","3771","10031","NA","NA","NA","NA","NA","9129","65474","65002","NA","64455","LexicalDecision"
"No","461","1","HF","-50","experimental","0","1","HF","1","1","1","n","trial","1080","1920","/Users/justina/Downloads/lexical_decision","43","1200","1450","1900","1600","0","1200","1250","578","1111","1111","110","1111","legacy","xpyriment","1111","1111","n","461","0","20","50","50","50","50","50","50","50","neus","10","200","3682","NA","3773","NA","NA","NA","1711","10031","3771","58971","65589","65588","1773","66171","1775","3771","10031","NA","NA","NA","NA","NA","9129","66633","66171","NA","65588","LexicalDecision"
"No","776","1","LF","-50","experimental","0","1","LF","2","1","1","n","trial","1080","1920","/Users/justina/Downloads/lexical_decision","44","1200","1400","1900","1600","0","1400","1450","573","1111","1111","110","1111","legacy","xpyriment","1111","1111","n","776","0","20","50","50","50","50","50","50","50","balsems","10","200","3682","NA","3773","NA","NA","NA","1711","10031","3771","58971","66751","66750","1773","67326","1775","3771","10031","NA","NA","NA","NA","NA","9129","68103","67326","NA","66750","LexicalDecision"
"No","543","1","LF","-50","experimental","0","1","LF","2","1","1","n","trial","1080","1920","/Users/justina/Downloads/lexical_decision","45","1200","1350","1900","1600","0","1350","1400","504","1111","1111","110","1111","legacy","xpyriment","1111","1111","n","543","0","20","50","50","50","50","50","50","50","spiertje","10","200","3682","NA","3773","NA","NA","NA","1711","10031","3771","58971","68220","68219","1773","68728","1775","3771","10031","NA","NA","NA","NA","NA","9129","69272","68728","NA","68219","LexicalDecision"
"No","530","1","LF","-50","experimental","0","1","LF","2","1","1","n","trial","1080","1920","/Users/justina/Downloads/lexical_decision","46","1200","1300","1900","1600","0","1300","1350","428","1111","1111","110","1111","legacy","xpyriment","1111","1111","n","530","0","20","50","50","50","50","50","50","50","zombie","10","200","3682","NA","3773","NA","NA","NA","1711","10031","3771","58971","69387","69386","1773","69818","1775","3771","10031","NA","NA","NA","NA","NA","9129","70349","69818","NA","69386","LexicalDecision"
"No","607","1","Pseudo","-50","experimental","0","1","Pseudo","3","1","1","m","trial","1080","1920","/Users/justina/Downloads/lexical_decision","47","1200","1300","1850","1600","0","1850","1900","522","1111","1111","1101","1111","legacy","xpyriment","1101","110","m","607","0","20","50","50","50","50","50","50","50","kijn","10","200","3682","NA","3773","NA","NA","NA","1711","10031","3771","58971","70465","70464","1773","70990","1775","3771","10031","NA","NA","NA","NA","NA","9129","71598","70990","NA","70463","LexicalDecision"
"No","581","1","LF","-50","experimental","0","1","LF","2","1","1","n","trial","1080","1920","/Users/justina/Downloads/lexical_decision","48","1200","1250","1850","1600","0","1250","1300","416","1111","1111","1101","1111","legacy","xpyriment","1111","1111","n","581","0","20","50","50","50","50","50","50","50","buizerds","10","200","3682","NA","3773","NA","NA","NA","1711","10031","3771","58971","71715","71714","1773","72135","1775","3771","10031","NA","NA","NA","NA","NA","9129","72717","72135","NA","71714","LexicalDecision"
"No","445","1","HF","-50","experimental","0","1","HF","1","1","1","n","trial","1080","1920","/Users/justina/Downloads/lexical_decision","49","1150","1250","1850","1600","0","1150","1200","507","1111","1111","1101","1111","legacy","xpyriment","1111","1111","n","445","0","20","50","50","50","50","50","50","50","centraal","10","200","3682","NA","3773","NA","NA","NA","1711","10031","3771","58971","72834","72833","1773","73344","1775","3771","10031","NA","NA","NA","NA","NA","9129","73790","73344","NA","72833","LexicalDecision"
"No","584","1","HF","-50","experimental","0","1","HF","1","1","1","n","trial","1080","1920","/Users/justina/Downloads/lexical_decision","50","1100","1250","1850","1600","0","1100","1150","564","1111","1111","1101","1111","legacy","xpyriment","1111","1111","n","584","0","20","50","50","50","50","50","50","50","woedend","10","200","3682","NA","3773","NA","NA","NA","1711","10031","3771","58971","73905","73904","1773","74473","1775","3771","10031","NA","NA","NA","NA","NA","9129","75058","74472","NA","73904","LexicalDecision"
"No","487","1","HF","-50","experimental","0","1","HF","1","1","1","n","trial","1080","1920","/Users/justina/Downloads/lexical_decision","51","1050","1250","1850","1600","0","1050","1100","583","1111","1111","1101","1111","legacy","xpyriment","1111","1111","n","487","0","20","50","50","50","50","50","50","50","verteld","10","200","3682","NA","3773","NA","NA","NA","1711","10031","3771","58971","75174","75173","1773","75761","1775","3771","10031","NA","NA","NA","NA","NA","9129","76249","75761","NA","75173","LexicalDecision"
"No","578","1","HF","-50","experimental","0","1","HF","1","1","1","n","trial","1080","1920","/Users/justina/Downloads/lexical_decision","52","1000","1250","1850","1600","0","1000","1050","590","1111","1111","1101","1111","legacy","xpyriment","1111","1111","n","578","0","20","50","50","50","50","50","50","50","kenden","10","200","3682","NA","3773","NA","NA","NA","1711","10031","3771","58971","76365","76364","1773","76958","1775","3771","10031","NA","NA","NA","NA","NA","9129","77536","76958","NA","76364","LexicalDecision"
"No","442","1","HF","-50","experimental","0","1","HF","1","1","1","n","trial","1080","1920","/Users/justina/Downloads/lexical_decision","53","950","1250","1850","1600","0","950","1000","543","1111","1111","1101","1111","legacy","xpyriment","1111","1111","n","442","0","20","50","50","50","50","50","50","50","advies","10","200","3682","NA","3773","NA","NA","NA","1711","10031","3771","58971","77653","77652","1773","78199","1775","3771","10031","NA","NA","NA","NA","NA","9129","78642","78199","NA","77652","LexicalDecision"
"No","779","1","Pseudo","-50","experimental","0","1","Pseudo","3","1","1","m","trial","1080","1920","/Users/justina/Downloads/lexical_decision","54","950","1250","1800","1600","0","1800","1850","397","1111","1111","1011","1111","legacy","xpyriment","1011","1101","m","779","0","20","50","50","50","50","50","50","50","verneeld","10","200","3682","NA","3773","NA","NA","NA","1711","10031","3771","58971","78757","78757","1773","79157","1775","3771","10031","NA","NA","NA","NA","NA","9129","79937","79157","NA","78756","LexicalDecision"
"No","491","1","LF","-50","experimental","0","1","LF","2","1","1","n","trial","1080","1920","/Users/justina/Downloads/lexical_decision","55","950","1200","1800","1600","0","1200","1250","415","1111","1111","1011","1111","legacy","xpyriment","1111","1111","n","491","0","20","50","50","50","50","50","50","50","wormpjes","10","200","3682","NA","3773","NA","NA","NA","1711","10031","3771","58971","80055","80054","1773","80474","1775","3771","10031","NA","NA","NA","NA","NA","9129","80966","80473","NA","80054","LexicalDecision"
"No","529","1","Random","-50","experimental","0","1","Random","4","1","1","m","trial","1080","1920","/Users/justina/Downloads/lexical_decision","56","950","1200","1800","1550","0","1550","1600","476","1111","1111","1011","1111","legacy","xpyriment","1111","1111","m","529","0","20","50","50","50","50","50","50","50","plepfir","10","200","3682","NA","3773","NA","NA","NA","1711","10031","3771","58971","81093","81092","1773","81571","1775","3771","10031","NA","NA","NA","NA","NA","9129","82101","81570","NA","81091","LexicalDecision"
"No","660","1","Pseudo","-50","experimental","0","1","Pseudo","3","1","1","m","trial","1080","1920","/Users/justina/Downloads/lexical_decision","57","950","1200","1750","1550","0","1750","1800","569","1111","1111","111","1111","legacy","xpyriment","0111","1011","m","660","0","20","50","50","50","50","50","50","50","verdand","10","200","3682","NA","3773","NA","NA","NA","1711","10031","3771","58971","82223","82222","1773","82796","1775","3771","10031","NA","NA","NA","NA","NA","9129","83457","82795","NA","82222","LexicalDecision"
"No","675","1","HF","-50","experimental","0","1","HF","1","1","1","n","trial","1080","1920","/Users/justina/Downloads/lexical_decision","58","900","1200","1750","1550","0","900","950","431","1111","1111","111","1111","legacy","xpyriment","1111","1111","n","675","0","20","50","50","50","50","50","50","50","proces","10","200","3682","NA","3773","NA","NA","NA","1711","10031","3771","58971","83573","83573","1773","84007","1775","3771","10031","NA","NA","NA","NA","NA","9129","84682","84007","NA","83572","LexicalDecision"
"No","637","1","LF","-50","experimental","0","1","LF","2","1","1","n","trial","1080","1920","/Users/justina/Downloads/lexical_decision","59","900","1150","1750","1550","0","1150","1200","595","1111","1111","111","1111","legacy","xpyriment","1111","1111","n","637","0","20","50","50","50","50","50","50","50","buizerd","10","200","3682","NA","3773","NA","NA","NA","1711","10031","3771","58971","84799","84799","1773","85398","1775","3771","10031","NA","NA","NA","NA","NA","9129","86036","85398","NA","84798","LexicalDecision"
"No","501","1","Pseudo","-50","experimental","0","1","Pseudo","3","1","1","m","trial","1080","1920","/Users/justina/Downloads/lexical_decision","60","900","1150","1700","1550","0","1700","1750","512","1111","1111","1111","1111","legacy","xpyriment","1111","111","m","501","0","20","50","50","50","50","50","50","50","ortste","10","200","3682","NA","3773","NA","NA","NA","1711","10031","3771","58971","86153","86152","1773","86667","1775","3771","10031","NA","NA","NA","NA","NA","9129","87168","86667","NA","86152","LexicalDecision"
"No","552","1","LF","-50","experimental","0","1","LF","2","1","1","n","trial","1080","1920","/Users/justina/Downloads/lexical_decision","61","900","1100","1700","1550","0","1100","1150","455","1111","1111","1111","1111","legacy","xpyriment","1111","1111","n","552","0","20","50","50","50","50","50","50","50","fauna's","10","200","3682","NA","3773","NA","NA","NA","1711","10031","3771","58971","87285","87284","1773","87742","1775","3771","10031","NA","NA","NA","NA","NA","9129","88294","87742","NA","87284","LexicalDecision"
"No","598","1","LF","-50","experimental","0","1","LF","2","1","1","n","trial","1080","1920","/Users/justina/Downloads/lexical_decision","62","900","1050","1700","1550","0","1050","1100","402","1111","1111","1111","1111","legacy","xpyriment","1111","1111","n","598","0","20","50","50","50","50","50","50","50","stekel","10","200","3682","NA","3773","NA","NA","NA","1711","10031","3771","58971","88412","88411","1773","88816","1775","3771","10031","NA","NA","NA","NA","NA","9129","89415","88816","NA","88410","LexicalDecision"
"No","481","1","Random","-50","experimental","0","1","Random","4","1","1","m","trial","1080","1920","/Users/justina/Downloads/lexical_decision","63","900","1050","1700","1500","0","1500","1550","478","1111","1111","1111","1111","legacy","xpyriment","1111","1111","m","481","0","20","50","50","50","50","50","50","50","olog","10","200","3682","NA","3773","NA","NA","NA","1711","10031","3771","58971","89532","89531","1773","90013","1775","3771","10031","NA","NA","NA","NA","NA","9129","90495","90012","NA","89530","LexicalDecision"
"No","521","1","Random","-50","experimental","0","1","Random","4","1","1","m","trial","1080","1920","/Users/justina/Downloads/lexical_decision","64","900","1050","1700","1450","0","1450","1500","514","1111","1111","1111","1111","legacy","xpyriment","1111","1111","m","521","0","20","50","50","50","50","50","50","50","neuiks","10","200","3682","NA","3773","NA","NA","NA","1711","10031","3771","58971","90613","90612","1773","91129","1775","3771","10031","NA","NA","NA","NA","NA","9129","91651","91129","NA","90612","LexicalDecision"
"No","672","1","Pseudo","-50","experimental","0","1","Pseudo","3","1","1","m","trial","1080","1920","/Users/justina/Downloads/lexical_decision","65","900","1050","1650","1450","0","1650","1700","486","1111","1111","1111","1111","legacy","xpyriment","1111","1111","m","672","0","20","50","50","50","50","50","50","50","dach","10","200","3682","NA","3773","NA","NA","NA","1711","10031","3771","58971","91767","91767","1773","92257","1775","3771","10031","NA","NA","NA","NA","NA","9129","92929","92256","NA","91766","LexicalDecision"
"No","488","1","LF","-50","experimental","0","1","LF","2","1","1","n","trial","1080","1920","/Users/justina/Downloads/lexical_decision","66","900","1000","1650","1450","0","1000","1050","551","1111","1111","1111","1111","legacy","xpyriment","1111","1111","n","488","0","20","50","50","50","50","50","50","50","zalfje","10","200","3682","NA","3773","NA","NA","NA","1711","10031","3771","58971","93047","93046","1773","93600","1775","3771","10031","NA","NA","NA","NA","NA","9129","94089","93600","NA","93046","LexicalDecision"
"No","447","1","HF","-50","experimental","0","1","HF","1","1","1","n","trial","1080","1920","/Users/justina/Downloads/lexical_decision","67","850","1000","1650","1450","0","850","900","436","1111","1111","1111","1111","legacy","xpyriment","1111","1111","n","447","0","20","50","50","50","50","50","50","50","gehoord","10","200","3682","NA","3773","NA","NA","NA","1711","10031","3771","58971","94206","94205","1773","94645","1775","3771","10031","NA","NA","NA","NA","NA","9129","95093","94644","NA","94205","LexicalDecision"
"No","418","1","Random","-50","experimental","0","1","Random","4","1","1","m","trial","1080","1920","/Users/justina/Downloads/lexical_decision","68","850","1000","1650","1400","0","1400","1450","479","1111","1111","1111","1111","legacy","xpyriment","1111","1111","m","418","0","20","50","50","50","50","50","50","50","bdejse","10","200","3682","NA","3773","NA","NA","NA","1711","10031","3771","58971","95209","95208","1773","95690","1775","3771","10031","NA","NA","NA","NA","NA","9129","96109","95690","NA","95208","LexicalDecision"
"No","511","1","Pseudo","-50","experimental","0","1","Pseudo","3","1","1","m","trial","1080","1920","/Users/justina/Downloads/lexical_decision","69","850","1000","1600","1400","0","1600","1650","436","1111","1111","1111","1111","legacy","xpyriment","1111","1111","m","511","0","20","50","50","50","50","50","50","50","pape","10","200","3682","NA","3773","NA","NA","NA","1711","10031","3771","58971","96225","96224","1773","96664","1775","3771","10031","NA","NA","NA","NA","NA","9129","97176","96663","NA","96224","LexicalDecision"
"No","545","1","LF","-50","experimental","0","1","LF","2","1","1","n","trial","1080","1920","/Users/justina/Downloads/lexical_decision","70","850","950","1600","1400","0","950","1000","424","1111","1111","1111","1111","legacy","xpyriment","1111","1111","n","545","0","20","50","50","50","50","50","50","50","scanners","10","200","3682","NA","3773","NA","NA","NA","1711","10031","3771","58971","97294","97293","1773","97721","1775","3771","10031","NA","NA","NA","NA","NA","9129","98267","97721","NA","97293","LexicalDecision"
"No","439","1","HF","-50","experimental","0","1","HF","1","1","1","n","trial","1080","1920","/Users/justina/Downloads/lexical_decision","71","800","950","1600","1400","0","800","850","464","1111","1111","1111","1111","legacy","xpyriment","1111","1111","n","439","0","20","50","50","50","50","50","50","50","zegt","10","200","3682","NA","3773","NA","NA","NA","1711","10031","3771","58971","98383","98382","1773","98849","1775","3771","10031","NA","NA","NA","NA","NA","9129","99289","98849","NA","98382","LexicalDecision"
"No","416","1","HF","-50","experimental","0","1","HF","1","1","1","n","trial","1080","1920","/Users/justina/Downloads/lexical_decision","72","750","950","1600","1400","0","750","800","510","1111","1111","1111","1111","legacy","xpyriment","1111","1111","n","416","0","20","50","50","50","50","50","50","50","steen","10","200","3682","NA","3773","NA","NA","NA","1711","10031","3771","58971","99414","99413","1773","99926","1775","3771","10031","NA","NA","NA","NA","NA","9129","100342","99926","NA","99413","LexicalDecision"
"No","486","0","LF","50","experimental","0","1","LF","2","0","0","n","trial","1080","1920","/Users/justina/Downloads/lexical_decision","73","750","1000","1600","1400","0","1000","950","519","1111","1110","1111","1111","legacy","xpyriment","1110","1111","m","486","0","20","50","50","50","50","50","50","50","wipplank","10","200","3682","NA","3773","NA","NA","NA","1711","10031","3771","101496","100459","100458","1773","100981","1775","3771","10031","NA","NA","NA","NA","NA","9129","101468","100981","NA","100458","LexicalDecision"
"No","574","1","Pseudo","-50","experimental","0","1","Pseudo","3","1","1","m","trial","1080","1920","/Users/justina/Downloads/lexical_decision","74","750","1000","1550","1400","0","1550","1600","529","1111","1110","1111","1111","legacy","xpyriment","1111","1111","m","574","0","20","50","50","50","50","50","50","50","reedling","10","200","3682","NA","3773","NA","NA","NA","1711","10031","3771","101496","103636","103635","1773","104168","1775","3771","10031","NA","NA","NA","NA","NA","9129","104743","104168","NA","103635","LexicalDecision"
"No","509","1","LF","-50","experimental","0","1","LF","2","1","1","n","trial","1080","1920","/Users/justina/Downloads/lexical_decision","75","750","950","1550","1400","0","950","1000","523","1111","1101","1111","1111","legacy","xpyriment","1101","1110","n","509","0","20","50","50","50","50","50","50","50","snuitje","10","200","3682","NA","3773","NA","NA","NA","1711","10031","3771","101496","104859","104858","1773","105384","1775","3771","10031","NA","NA","NA","NA","NA","9129","105894","105384","NA","104857","LexicalDecision"
"No","479","1","LF","-50","experimental","0","1","LF","2","1","1","n","trial","1080","1920","/Users/justina/Downloads/lexical_decision","76","750","900","1550","1400","0","900","950","479","1111","1011","1111","1111","legacy","xpyriment","1011","1101","n","479","0","20","50","50","50","50","50","50","50","coupon","10","200","3682","NA","3773","NA","NA","NA","1711","10031","3771","101496","106011","106010","1773","106492","1775","3771","10031","NA","NA","NA","NA","NA","9129","106972","106492","NA","106009","LexicalDecision"
"No","498","1","HF","-50","experimental","0","1","HF","1","1","1","n","trial","1080","1920","/Users/justina/Downloads/lexical_decision","77","700","900","1550","1400","0","700","750","479","1111","1011","1111","1111","legacy","xpyriment","1111","1111","n","498","0","20","50","50","50","50","50","50","50","dertig","10","200","3682","NA","3773","NA","NA","NA","1711","10031","3771","101496","107089","107088","1773","107570","1775","3771","10031","NA","NA","NA","NA","NA","9129","108069","107569","NA","107088","LexicalDecision"
"No","461","1","Random","-50","experimental","0","1","Random","4","1","1","m","trial","1080","1920","/Users/justina/Downloads/lexical_decision","78","700","900","1550","1350","0","1350","1400","556","1111","1011","1111","1111","legacy","xpyriment","1111","1111","m","461","0","20","50","50","50","50","50","50","50","eemeuwez","10","200","3682","NA","3773","NA","NA","NA","1711","10031","3771","101496","108187","108186","1773","108746","1775","3771","10031","NA","NA","NA","NA","NA","9129","109208","108746","NA","108186","LexicalDecision"
"No","607","1","Pseudo","-50","experimental","0","1","Pseudo","3","1","1","m","trial","1080","1920","/Users/justina/Downloads/lexical_decision","79","700","900","1500","1350","0","1500","1550","521","1111","1011","1111","1111","legacy","xpyriment","1111","1111","m","607","0","20","50","50","50","50","50","50","50","bebijk","10","200","3682","NA","3773","NA","NA","NA","1711","10031","3771","101496","109325","109324","1773","109849","1775","3771","10031","NA","NA","NA","NA","NA","9129","110457","109849","NA","109323","LexicalDecision"
"No","432","1","Random","-50","experimental","0","1","Random","4","1","1","m","trial","1080","1920","/Users/justina/Downloads/lexical_decision","80","700","900","1500","1300","0","1300","1350","453","1111","1011","1111","1111","legacy","xpyriment","1111","1111","m","432","0","20","50","50","50","50","50","50","50","idnseelz","10","200","3682","NA","3773","NA","NA","NA","1711","10031","3771","101496","110573","110572","1773","111028","1775","3771","10031","NA","NA","NA","NA","NA","9129","111461","111027","NA","110572","LexicalDecision"
"No","458","1","HF","-50","experimental","0","1","HF","1","1","1","n","trial","1080","1920","/Users/justina/Downloads/lexical_decision","81","650","900","1500","1300","0","650","700","543","1111","1011","1111","1111","legacy","xpyriment","1111","1111","n","458","0","20","50","50","50","50","50","50","50","vermoord","10","200","3682","NA","3773","NA","NA","NA","1711","10031","3771","101496","111578","111577","1773","112125","1775","3771","10031","NA","NA","NA","NA","NA","9129","112584","112125","NA","111577","LexicalDecision"
"No","1403","1","Pseudo","-50","experimental","0","1","Pseudo","3","1","1","m","trial","1080","1920","/Users/justina/Downloads/lexical_decision","82","650","900","1450","1300","0","1450","1500","398","1111","1011","1111","1111","legacy","xpyriment","1111","1111","m","1403","0","20","50","50","50","50","50","50","50","splingen","10","200","3682","NA","3773","NA","NA","NA","1711","10031","3771","101496","112701","112700","1773","113102","1775","3771","10031","NA","NA","NA","NA","NA","9129","114506","113101","NA","112700","LexicalDecision"
"No","652","1","LF","-50","experimental","0","1","LF","2","1","1","n","trial","1080","1920","/Users/justina/Downloads/lexical_decision","83","650","850","1450","1300","0","850","900","463","1111","111","1111","1111","legacy","xpyriment","0111","1011","n","652","0","20","50","50","50","50","50","50","50","rolluik","10","200","3682","NA","3773","NA","NA","NA","1711","10031","3771","101496","114624","114623","1773","115088","1775","3771","10031","NA","NA","NA","NA","NA","9129","115741","115088","NA","114623","LexicalDecision"
"No","496","1","HF","-50","experimental","0","1","HF","1","1","1","n","trial","1080","1920","/Users/justina/Downloads/lexical_decision","84","600","850","1450","1300","0","600","650","544","1111","111","1111","1111","legacy","xpyriment","1111","1111","n","496","0","20","50","50","50","50","50","50","50","liep","10","200","3682","NA","3773","NA","NA","NA","1711","10031","3771","101496","115858","115857","1773","116405","1775","3771","10031","NA","NA","NA","NA","NA","9129","116902","116405","NA","115857","LexicalDecision"
"No","512","1","Random","-50","experimental","0","1","Random","4","1","1","m","trial","1080","1920","/Users/justina/Downloads/lexical_decision","85","600","850","1450","1250","0","1250","1300","432","1111","111","1111","1111","legacy","xpyriment","1111","1111","m","512","0","20","50","50","50","50","50","50","50","ebaewsr","10","200","3682","NA","3773","NA","NA","NA","1711","10031","3771","101496","117019","117018","1773","117454","1775","3771","10031","NA","NA","NA","NA","NA","9129","117967","117454","NA","117017","LexicalDecision"
"No","534","1","Random","-50","experimental","0","1","Random","4","1","1","m","trial","1080","1920","/Users/justina/Downloads/lexical_decision","86","600","850","1450","1200","0","1200","1250","534","1111","111","1111","1111","legacy","xpyriment","1111","1111","m","534","0","20","50","50","50","50","50","50","50","lryla","10","200","3682","NA","3773","NA","NA","NA","1711","10031","3771","101496","118084","118083","1773","118621","1775","3771","10031","NA","NA","NA","NA","NA","9129","119156","118621","NA","118083","LexicalDecision"
"No","442","1","Random","-50","experimental","0","1","Random","4","1","1","m","trial","1080","1920","/Users/justina/Downloads/lexical_decision","87","600","850","1450","1150","0","1150","1200","423","1111","111","1111","1111","legacy","xpyriment","1111","1111","m","442","0","20","50","50","50","50","50","50","50","uodj","10","200","3682","NA","3773","NA","NA","NA","1711","10031","3771","101496","119273","119272","1773","119699","1775","3771","10031","NA","NA","NA","NA","NA","9129","120142","119699","NA","119272","LexicalDecision"
"No","412","1","Random","-50","experimental","0","1","Random","4","1","1","m","trial","1080","1920","/Users/justina/Downloads/lexical_decision","88","600","850","1450","1100","0","1100","1150","471","1111","111","1111","1111","legacy","xpyriment","1111","1111","m","412","0","20","50","50","50","50","50","50","50","naabhdar","10","200","3682","NA","3773","NA","NA","NA","1711","10031","3771","101496","120258","120258","1773","120733","1775","3771","10031","NA","NA","NA","NA","NA","9129","121146","120733","NA","120257","LexicalDecision"
"No","429","1","Pseudo","-50","experimental","0","1","Pseudo","3","1","1","m","trial","1080","1920","/Users/justina/Downloads/lexical_decision","89","600","850","1400","1100","0","1400","1450","518","1111","111","1111","1111","legacy","xpyriment","1111","1111","m","429","0","20","50","50","50","50","50","50","50","kestig","10","200","3682","NA","3773","NA","NA","NA","1711","10031","3771","101496","121263","121262","1773","121785","1775","3771","10031","NA","NA","NA","NA","NA","9129","122215","121784","NA","121262","LexicalDecision"
"No","680","1","Pseudo","-50","experimental","0","1","Pseudo","3","1","1","m","trial","1080","1920","/Users/justina/Downloads/lexical_decision","90","600","850","1350","1100","0","1350","1400","545","1111","111","1111","1111","legacy","xpyriment","1111","1111","m","680","0","20","50","50","50","50","50","50","50","hankoor","10","200","3682","NA","3773","NA","NA","NA","1711","10031","3771","101496","122331","122330","1773","122879","1775","3771","10031","NA","NA","NA","NA","NA","9129","123560","122878","NA","122330","LexicalDecision"
"No","761","1","Pseudo","-50","experimental","0","1","Pseudo","3","1","1","m","trial","1080","1920","/Users/justina/Downloads/lexical_decision","91","600","850","1300","1100","0","1300","1350","531","1111","111","1111","1111","legacy","xpyriment","1111","1111","m","761","0","20","50","50","50","50","50","50","50","griwen","10","200","3682","NA","3773","NA","NA","NA","1711","10031","3771","101496","123676","123675","1773","124210","1775","3771","10031","NA","NA","NA","NA","NA","9129","124971","124210","NA","123675","LexicalDecision"
"No","529","1","HF","-50","experimental","0","1","HF","1","1","1","n","trial","1080","1920","/Users/justina/Downloads/lexical_decision","92","550","850","1300","1100","0","550","600","522","1111","111","1111","1111","legacy","xpyriment","1111","1111","n","529","0","20","50","50","50","50","50","50","50","deze","10","200","3682","NA","3773","NA","NA","NA","1711","10031","3771","101496","125090","125089","1773","125614","1775","3771","10031","NA","NA","NA","NA","NA","9129","126144","125613","NA","125088","LexicalDecision"
"No","500","1","Random","-50","experimental","0","1","Random","4","1","1","m","trial","1080","1920","/Users/justina/Downloads/lexical_decision","93","550","850","1300","1050","0","1050","1100","512","1111","111","1111","1111","legacy","xpyriment","1111","1111","m","500","0","20","50","50","50","50","50","50","50","jedselps","10","200","3682","NA","3773","NA","NA","NA","1711","10031","3771","101496","126260","126260","1773","126774","1775","3771","10031","NA","NA","NA","NA","NA","9129","127274","126774","NA","126259","LexicalDecision"
"No","421","1","Random","-50","experimental","0","1","Random","4","1","1","m","trial","1080","1920","/Users/justina/Downloads/lexical_decision","94","550","850","1300","1000","0","1000","1050","420","1111","111","1111","1111","legacy","xpyriment","1111","1111","m","421","0","20","50","50","50","50","50","50","50","tlrslee","10","200","3682","NA","3773","NA","NA","NA","1711","10031","3771","101496","127392","127391","1773","127816","1775","3771","10031","NA","NA","NA","NA","NA","9129","128238","127816","NA","127390","LexicalDecision"
"No","403","1","Random","-50","experimental","0","1","Random","4","1","1","m","trial","1080","1920","/Users/justina/Downloads/lexical_decision","95","550","850","1300","950","0","950","1000","576","1111","111","1111","1111","legacy","xpyriment","1111","1111","m","403","0","20","50","50","50","50","50","50","50","erdesl","10","200","3682","NA","3773","NA","NA","NA","1711","10031","3771","101496","128354","128354","1773","128934","1775","3771","10031","NA","NA","NA","NA","NA","9129","129337","128934","NA","128353","LexicalDecision"
"No","470","1","HF","-50","experimental","0","1","HF","1","1","1","n","trial","1080","1920","/Users/justina/Downloads/lexical_decision","96","500","850","1300","950","0","500","550","576","1111","111","1111","1111","legacy","xpyriment","1111","1111","n","470","0","20","50","50","50","50","50","50","50","voort","10","200","3682","NA","3773","NA","NA","NA","1711","10031","3771","101496","129454","129453","1773","130033","1775","3771","10031","NA","NA","NA","NA","NA","9129","130503","130033","NA","129453","LexicalDecision"
"No","605","1","Pseudo","-50","experimental","0","1","Pseudo","3","1","1","m","trial","1080","1920","/Users/justina/Downloads/lexical_decision","97","500","850","1250","950","0","1250","1300","505","1111","111","1111","1111","legacy","xpyriment","1111","1111","m","605","0","20","50","50","50","50","50","50","50","besaald","10","200","3682","NA","3773","NA","NA","NA","1711","10031","3771","101496","130620","130619","1773","131128","1775","3771","10031","NA","NA","NA","NA","NA","9129","131734","131128","NA","130619","LexicalDecision"
"No","570","1","Random","-50","experimental","0","1","Random","4","1","1","m","trial","1080","1920","/Users/justina/Downloads/lexical_decision","98","500","850","1250","900","0","900","950","430","1111","111","1111","1111","legacy","xpyriment","1111","1111","m","570","0","20","50","50","50","50","50","50","50","moruts","10","200","3682","NA","3773","NA","NA","NA","1711","10031","3771","101496","131850","131849","1773","132282","1775","3771","10031","NA","NA","NA","NA","NA","9129","132852","132282","NA","131849","LexicalDecision"
"No","508","1","LF","-50","experimental","0","1","LF","2","1","1","n","trial","1080","1920","/Users/justina/Downloads/lexical_decision","99","500","800","1250","900","0","800","850","518","1111","1111","1111","1111","legacy","xpyriment","1111","111","n","508","0","20","50","50","50","50","50","50","50","hoorntje","10","200","3682","NA","3773","NA","NA","NA","1711","10031","3771","101496","132969","132968","1773","133490","1775","3771","10031","NA","NA","NA","NA","NA","9129","133998","133490","NA","132968","LexicalDecision"
"No","571","1","LF","-50","experimental","0","1","LF","2","1","1","n","trial","1080","1920","/Users/justina/Downloads/lexical_decision","100","500","750","1250","900","0","750","800","540","1111","1111","1111","1111","legacy","xpyriment","1111","1111","n","571","0","20","50","50","50","50","50","50","50","roeier","10","200","3682","NA","3773","NA","NA","NA","1711","10031","3771","101496","134116","134115","1773","134659","1775","3771","10031","NA","NA","NA","NA","NA","9129","135231","134659","NA","134114","LexicalDecision"
"No","405","1","Random","-50","experimental","0","1","Random","4","1","1","m","trial","1080","1920","/Users/justina/Downloads/lexical_decision","101","500","750","1250","850","0","850","900","488","1111","1111","1111","1111","legacy","xpyriment","1111","1111","m","405","0","20","50","50","50","50","50","50","50","eembozs","10","200","3682","NA","3773","NA","NA","NA","1711","10031","3771","101496","135348","135347","1773","135838","1775","3771","10031","NA","NA","NA","NA","NA","9129","136244","135838","NA","135347","LexicalDecision"
"No","512","0","Pseudo","50","experimental","0","1","Pseudo","3","0","0","m","trial","1080","1920","/Users/justina/Downloads/lexical_decision","102","500","750","1300","850","0","1300","1250","429","1111","1111","1110","1111","legacy","xpyriment","1110","1111","n","512","0","20","50","50","50","50","50","50","50","groeg","10","200","3682","NA","3773","NA","NA","NA","1711","10031","3771","137333","136361","136360","1773","136792","1775","3771","10031","NA","NA","NA","NA","NA","9129","137305","136792","NA","136359","LexicalDecision"
"No","532","1","Random","-50","experimental","0","1","Random","4","1","1","m","trial","1080","1920","/Users/justina/Downloads/lexical_decision","103","500","750","1300","800","0","800","850","569","1111","1111","1110","1111","legacy","xpyriment","1111","1111","m","532","0","20","50","50","50","50","50","50","50","raims'ps","10","200","3682","NA","3773","NA","NA","NA","1711","10031","3771","137333","139471","139470","1773","140042","1775","3771","10031","NA","NA","NA","NA","NA","9129","140575","140042","NA","139470","LexicalDecision"
"No","481","1","HF","-50","experimental","0","1","HF","1","1","1","n","trial","1080","1920","/Users/justina/Downloads/lexical_decision","104","450","750","1300","800","0","450","500","513","1111","1111","1110","1111","legacy","xpyriment","1111","1111","n","481","0","20","50","50","50","50","50","50","50","dode","10","200","3682","NA","3773","NA","NA","NA","1711","10031","3771","137333","140690","140689","1773","141205","1775","3771","10031","NA","NA","NA","NA","NA","9129","141687","141205","NA","140689","LexicalDecision"
"No","453","1","Random","-50","experimental","0","1","Random","4","1","1","m","trial","1080","1920","/Users/justina/Downloads/lexical_decision","105","450","750","1300","750","0","750","800","400","1111","1111","1110","1111","legacy","xpyriment","1111","1111","m","453","0","20","50","50","50","50","50","50","50","asbbalel","10","200","3682","NA","3773","NA","NA","NA","1711","10031","3771","137333","141803","141802","1773","142206","1775","3771","10031","NA","NA","NA","NA","NA","9129","142660","142206","NA","141802","LexicalDecision"
"No","443","1","Random","-50","experimental","0","1","Random","4","1","1","m","trial","1080","1920","/Users/justina/Downloads/lexical_decision","106","450","750","1300","700","0","700","750","476","1111","1111","1110","1111","legacy","xpyriment","1111","1111","m","443","0","20","50","50","50","50","50","50","50","jivl","10","200","3682","NA","3773","NA","NA","NA","1711","10031","3771","137333","142776","142775","1773","143254","1775","3771","10031","NA","NA","NA","NA","NA","9129","143698","143254","NA","142775","LexicalDecision"
"No","415","1","HF","-50","experimental","0","1","HF","1","1","1","n","trial","1080","1920","/Users/justina/Downloads/lexical_decision","107","400","750","1300","700","0","400","450","520","1111","1111","1110","1111","legacy","xpyriment","1111","1111","n","415","0","20","50","50","50","50","50","50","50","land","10","200","3682","NA","3773","NA","NA","NA","1711","10031","3771","137333","143815","143813","1773","144339","1775","3771","10031","NA","NA","NA","NA","NA","9129","144755","144339","NA","143813","LexicalDecision"
"No","401","0","HF","50","experimental","0","1","HF","1","0","0","n","trial","1080","1920","/Users/justina/Downloads/lexical_decision","108","450","750","1300","700","0","450","400","415","1110","1111","1110","1111","legacy","xpyriment","1110","1111","None","401","1","20","50","50","50","50","50","50","50","vruchten","10","200","3682","NA","3773","NA","NA","NA","1711","10031","3771","145718","144871","144870","1773","145288","1775","3771","10031","NA","NA","NA","NA","NA","9129","145689","145288","NA","144870","LexicalDecision"
"No","427","1","LF","-50","experimental","0","1","LF","2","1","1","n","trial","1080","1920","/Users/justina/Downloads/lexical_decision","109","450","700","1300","700","0","700","750","433","1110","1111","1110","1111","legacy","xpyriment","1111","1111","n","427","0","20","50","50","50","50","50","50","50","look","10","200","3682","NA","3773","NA","NA","NA","1711","10031","3771","145718","147857","147856","1773","148293","1775","3771","10031","NA","NA","NA","NA","NA","9129","148721","148293","NA","147856","LexicalDecision"
"No","397","1","HF","-50","experimental","0","1","HF","1","1","1","n","trial","1080","1920","/Users/justina/Downloads/lexical_decision","110","400","700","1300","700","0","400","450","473","1101","1111","1110","1111","legacy","xpyriment","1101","1110","n","397","0","20","50","50","50","50","50","50","50","springen","10","200","3682","NA","3773","NA","NA","NA","1711","10031","3771","145718","148838","148837","1773","149313","1775","3771","10031","NA","NA","NA","NA","NA","9129","149711","149313","NA","148837","LexicalDecision"
"No","455","1","LF","-50","experimental","0","1","LF","2","1","1","n","trial","1080","1920","/Users/justina/Downloads/lexical_decision","111","400","650","1300","700","0","650","700","549","1101","1111","1110","1111","legacy","xpyriment","1111","1111","n","455","0","20","50","50","50","50","50","50","50","feitjes","10","200","3682","NA","3773","NA","NA","NA","1711","10031","3771","145718","149828","149827","1773","150379","1775","3771","10031","NA","NA","NA","NA","NA","9129","150835","150379","NA","149826","LexicalDecision"
"No","341","1","HF","-50","experimental","0","1","HF","1","1","1","n","trial","1080","1920","/Users/justina/Downloads/lexical_decision","112","350","650","1300","700","0","350","400","416","1011","1111","1110","1111","legacy","xpyriment","1011","1101","n","341","0","20","50","50","50","50","50","50","50","raad","10","200","3682","NA","3773","NA","NA","NA","1711","10031","3771","145718","150950","150949","1773","151368","1775","3771","10031","NA","NA","NA","NA","NA","9129","151710","151368","NA","150949","LexicalDecision"
"No","480","1","Random","-50","experimental","0","1","Random","4","1","1","m","trial","1080","1920","/Users/justina/Downloads/lexical_decision","113","350","650","1300","650","0","650","700","413","1011","1111","1110","1111","legacy","xpyriment","1111","1111","m","480","0","20","50","50","50","50","50","50","50","naowolt","10","200","3682","NA","3773","NA","NA","NA","1711","10031","3771","145718","151826","151825","1773","152242","1775","3771","10031","NA","NA","NA","NA","NA","9129","152723","152241","NA","151825","LexicalDecision"
"No","450","1","Pseudo","-50","experimental","0","1","Pseudo","3","1","1","m","trial","1080","1920","/Users/justina/Downloads/lexical_decision","114","350","650","1250","650","0","1250","1300","457","1011","1111","1101","1111","legacy","xpyriment","1101","1110","m","450","0","20","50","50","50","50","50","50","50","pabt","10","200","3682","NA","3773","NA","NA","NA","1711","10031","3771","145718","152839","152838","1773","153299","1775","3771","10031","NA","NA","NA","NA","NA","9129","153750","153299","NA","152838","LexicalDecision"
"No","611","1","Pseudo","-50","experimental","0","1","Pseudo","3","1","1","m","trial","1080","1920","/Users/justina/Downloads/lexical_decision","115","350","650","1200","650","0","1200","1250","580","1011","1111","1011","1111","legacy","xpyriment","1011","1101","m","611","0","20","50","50","50","50","50","50","50","kerden","10","200","3682","NA","3773","NA","NA","NA","1711","10031","3771","145718","153866","153865","1773","154448","1775","3771","10031","NA","NA","NA","NA","NA","9129","155060","154448","NA","153865","LexicalDecision"
"No","555","1","LF","-50","experimental","0","1","LF","2","1","1","n","trial","1080","1920","/Users/justina/Downloads/lexical_decision","116","350","600","1200","650","0","600","650","529","1011","1111","1011","1111","legacy","xpyriment","1111","1111","n","555","0","20","50","50","50","50","50","50","50","flora's","10","200","3682","NA","3773","NA","NA","NA","1711","10031","3771","145718","155176","155175","1773","155709","1775","3771","10031","NA","NA","NA","NA","NA","9129","156265","155708","NA","155175","LexicalDecision"
"No","439","1","Random","-50","experimental","0","1","Random","4","1","1","m","trial","1080","1920","/Users/justina/Downloads/lexical_decision","117","350","600","1200","600","0","600","650","467","1011","1111","1011","1111","legacy","xpyriment","1111","1111","m","439","0","20","50","50","50","50","50","50","50","muljpepi","10","200","3682","NA","3773","NA","NA","NA","1711","10031","3771","145718","156382","156381","1773","156851","1775","3771","10031","NA","NA","NA","NA","NA","9129","157291","156851","NA","156381","LexicalDecision"
"No","614","1","Pseudo","-50","experimental","0","1","Pseudo","3","1","1","m","trial","1080","1920","/Users/justina/Downloads/lexical_decision","118","350","600","1150","600","0","1150","1200","434","1011","1111","111","1111","legacy","xpyriment","0111","1011","m","614","0","20","50","50","50","50","50","50","50","keiper","10","200","3682","NA","3773","NA","NA","NA","1711","10031","3771","145718","157407","157406","1773","157844","1775","3771","10031","NA","NA","NA","NA","NA","9129","158459","157844","NA","157406","LexicalDecision"
"No","774","1","Pseudo","-50","experimental","0","1","Pseudo","3","1","1","m","trial","1080","1920","/Users/justina/Downloads/lexical_decision","119","350","600","1100","600","0","1100","1150","523","1011","1111","1111","1111","legacy","xpyriment","1111","111","m","774","0","20","50","50","50","50","50","50","50","dindbaar","10","200","3682","NA","3773","NA","NA","NA","1711","10031","3771","145718","158576","158575","1773","159101","1775","3771","10031","NA","NA","NA","NA","NA","9129","159876","159101","NA","158575","LexicalDecision"
"No","564","1","LF","-50","experimental","0","1","LF","2","1","1","n","trial","1080","1920","/Users/justina/Downloads/lexical_decision","120","350","550","1100","600","0","550","600","476","1011","1111","1111","1111","legacy","xpyriment","1111","1111","n","564","0","20","50","50","50","50","50","50","50","slede","10","200","3682","NA","3773","NA","NA","NA","1711","10031","3771","145718","159993","159992","1773","160471","1775","3771","10031","NA","NA","NA","NA","NA","9129","161036","160471","NA","159992","LexicalDecision"
"No","460","0","Pseudo","50","experimental","0","1","Pseudo","3","0","0","m","trial","1080","1920","/Users/justina/Downloads/lexical_decision","121","350","550","1150","600","0","1150","1100","523","1011","1111","1110","1111","legacy","xpyriment","1110","1111","n","460","0","20","50","50","50","50","50","50","50","steet","10","200","3682","NA","3773","NA","NA","NA","1711","10031","3771","162167","161153","161152","1773","161678","1775","3771","10031","NA","NA","NA","NA","NA","9129","162139","161678","NA","161152","LexicalDecision"
"No","472","1","LF","-50","experimental","0","1","LF","2","1","1","n","trial","1080","1920","/Users/justina/Downloads/lexical_decision","122","350","500","1150","600","0","500","550","540","1011","1111","1110","1111","legacy","xpyriment","1111","1111","n","472","0","20","50","50","50","50","50","50","50","scooters","10","200","3682","NA","3773","NA","NA","NA","1711","10031","3771","162167","164309","164308","1773","164852","1775","3771","10031","NA","NA","NA","NA","NA","9129","165325","164852","NA","164308","LexicalDecision"
"No","650","1","Pseudo","-50","experimental","0","1","Pseudo","3","1","1","m","trial","1080","1920","/Users/justina/Downloads/lexical_decision","123","350","500","1100","600","0","1100","1150","446","1011","1111","1101","1111","legacy","xpyriment","1101","1110","m","650","0","20","50","50","50","50","50","50","50","daaf","10","200","3682","NA","3773","NA","NA","NA","1711","10031","3771","162167","165440","165439","1773","165889","1775","3771","10031","NA","NA","NA","NA","NA","9129","166539","165889","NA","165438","LexicalDecision"
"No","856","1","Pseudo","-50","experimental","0","1","Pseudo","3","1","1","m","trial","1080","1920","/Users/justina/Downloads/lexical_decision","124","350","500","1050","600","0","1050","1100","493","1011","1111","1011","1111","legacy","xpyriment","1011","1101","m","856","0","20","50","50","50","50","50","50","50","blat","10","200","3682","NA","3773","NA","NA","NA","1711","10031","3771","162167","0","0","1773","167152","1775","3771","10031","NA","NA","NA","NA","NA","9129","168009","167152","NA","0","LexicalDecision"
"No","350","0","HF","50","experimental","0","1","HF","1","0","0","n","trial","1080","1920","/Users/justina/Downloads/lexical_decision","125","400","500","1050","600","0","400","350","578","110","1111","1011","1111","legacy","xpyriment","0110","1011","None","350","1","20","50","50","50","50","50","50","50","voeten","10","200","3682","NA","3773","NA","NA","NA","1711","10031","3771","169085","168126","168125","1773","168707","1775","3771","10031","NA","NA","NA","NA","NA","9129","169057","168707","NA","168125","LexicalDecision"
"No","503","1","Pseudo","-50","experimental","0","1","Pseudo","3","1","1","m","trial","1080","1920","/Users/justina/Downloads/lexical_decision","126","400","500","1000","600","0","1000","1050","520","110","1111","111","1111","legacy","xpyriment","0111","1011","m","503","0","20","50","50","50","50","50","50","50","facht","10","200","3682","NA","3773","NA","NA","NA","1711","10031","3771","169085","171224","171224","1773","171747","1775","3771","10031","NA","NA","NA","NA","NA","9129","172251","171747","NA","171223","LexicalDecision"
"No","456","1","Random","-50","experimental","0","1","Random","4","1","1","m","trial","1080","1920","/Users/justina/Downloads/lexical_decision","127","400","500","1000","550","0","550","600","524","110","1111","111","1111","legacy","xpyriment","1111","1111","m","456","0","20","50","50","50","50","50","50","50","eteelsj","10","200","3682","NA","3773","NA","NA","NA","1711","10031","3771","169085","172365","172365","1773","172892","1775","3771","10031","NA","NA","NA","NA","NA","9129","173348","172892","NA","172364","LexicalDecision"
"No","575","1","Pseudo","-50","experimental","0","1","Pseudo","3","1","1","m","trial","1080","1920","/Users/justina/Downloads/lexical_decision","128","400","500","950","550","0","950","1000","561","110","1111","1111","1111","legacy","xpyriment","1111","111","m","575","0","20","50","50","50","50","50","50","50","slegheid","10","200","3682","NA","3773","NA","NA","NA","1711","10031","3771","169085","173464","173463","1773","174028","1775","3771","10031","NA","NA","NA","NA","NA","9129","174604","174028","NA","173463","LexicalDecision"
"No","487","1","LF","-50","experimental","0","1","LF","2","1","1","n","trial","1080","1920","/Users/justina/Downloads/lexical_decision","129","400","450","950","550","0","450","500","432","110","1111","1111","1111","legacy","xpyriment","1111","1111","n","487","0","20","50","50","50","50","50","50","50","struikje","10","200","3682","NA","3773","NA","NA","NA","1711","10031","3771","169085","174720","174720","1773","175156","1775","3771","10031","NA","NA","NA","NA","NA","9129","175644","175156","NA","174719","LexicalDecision"
"No","461","1","Random","-50","experimental","0","1","Random","4","1","1","m","trial","1080","1920","/Users/justina/Downloads/lexical_decision","130","400","450","950","500","0","500","550","494","110","1111","1111","1111","legacy","xpyriment","1111","1111","m","461","0","20","50","50","50","50","50","50","50","rosndo","10","200","3682","NA","3773","NA","NA","NA","1711","10031","3771","169085","175760","175759","1773","176257","1775","3771","10031","NA","NA","NA","NA","NA","9129","176719","176257","NA","175759","LexicalDecision"
"No","400","0","HF","50","experimental","0","1","HF","1","0","0","n","trial","1080","1920","/Users/justina/Downloads/lexical_decision","131","450","450","950","500","0","450","400","468","1100","1111","1111","1111","legacy","xpyriment","1100","110","None","400","1","20","50","50","50","50","50","50","50","welk","10","200","3682","NA","3773","NA","NA","NA","1711","10031","3771","177736","176836","176835","1773","177307","1775","3771","10031","NA","NA","NA","NA","NA","9129","177707","177307","NA","176835","LexicalDecision"
"No","456","1","Random","-50","experimental","0","1","Random","4","1","1","m","trial","1080","1920","/Users/justina/Downloads/lexical_decision","132","450","450","950","450","0","450","500","401","1100","1111","1111","1111","legacy","xpyriment","1111","1111","m","456","0","20","50","50","50","50","50","50","50","eujtds","10","200","3682","NA","3773","NA","NA","NA","1711","10031","3771","177736","179877","179876","1773","180280","1775","3771","10031","NA","NA","NA","NA","NA","9129","180737","180280","NA","179876","LexicalDecision"
"No","450","0","LF","50","experimental","0","1","LF","2","0","0","n","trial","1080","1920","/Users/justina/Downloads/lexical_decision","133","450","500","950","450","0","500","450","536","1100","1110","1111","1111","legacy","xpyriment","1110","1111","None","450","1","20","50","50","50","50","50","50","50","kaasje","10","200","3682","NA","3773","NA","NA","NA","1711","10031","3771","181871","180852","180852","1773","181391","1775","3771","10031","NA","NA","NA","NA","NA","9129","181841","181391","NA","180851","LexicalDecision"
"No","715","1","Pseudo","-50","experimental","0","1","Pseudo","3","1","1","m","trial","1080","1920","/Users/justina/Downloads/lexical_decision","134","450","500","900","450","0","900","950","500","1100","1110","1111","1111","legacy","xpyriment","1111","1111","m","715","0","20","50","50","50","50","50","50","50","vertoord","10","200","3682","NA","3773","NA","NA","NA","1711","10031","3771","181871","184013","184012","1773","184516","1775","3771","10031","NA","NA","NA","NA","NA","9129","185232","184515","NA","184012","LexicalDecision"
"No","434","1","Random","-50","experimental","0","1","Random","4","1","1","m","trial","1080","1920","/Users/justina/Downloads/lexical_decision","135","450","500","900","400","0","400","450","520","1100","1110","1111","1111","legacy","xpyriment","1111","1111","m","434","0","20","50","50","50","50","50","50","50","etwjese","10","200","3682","NA","3773","NA","NA","NA","1711","10031","3771","181871","185348","185347","1773","185871","1775","3771","10031","NA","NA","NA","NA","NA","9129","186306","185871","NA","185347","LexicalDecision"
"No","523","0","Pseudo","50","experimental","0","1","Pseudo","3","0","0","m","trial","1080","1920","/Users/justina/Downloads/lexical_decision","136","450","500","950","400","0","950","900","418","1100","1110","1110","1111","legacy","xpyriment","1110","1111","n","523","0","20","50","50","50","50","50","50","50","verheerd","10","200","3682","NA","3773","NA","NA","NA","1711","10031","3771","187395","186423","186422","1773","186843","1775","3771","10031","NA","NA","NA","NA","NA","9129","187367","186842","NA","186422","LexicalDecision"
"No","397","1","Random","-50","experimental","0","1","Random","4","1","1","m","trial","1080","1920","/Users/justina/Downloads/lexical_decision","137","450","500","950","350","0","350","400","401","1100","1110","1110","1111","legacy","xpyriment","1111","1111","m","397","0","20","50","50","50","50","50","50","50","atsfje","10","200","3682","NA","3773","NA","NA","NA","1711","10031","3771","187395","189543","189542","1773","189946","1775","3771","10031","NA","NA","NA","NA","NA","9129","190344","189946","NA","189542","LexicalDecision"
"No","350","0","Random","50","experimental","0","1","Random","4","0","0","m","trial","1080","1920","/Users/justina/Downloads/lexical_decision","138","450","500","950","400","0","400","350","519","1100","1110","1110","1110","legacy","xpyriment","1110","1111","None","350","1","20","50","50","50","50","50","50","50","t'aasps","10","200","3682","NA","3773","NA","NA","NA","1711","10031","3771","191361","190460","190459","1773","190982","1775","3771","10031","NA","NA","NA","NA","NA","9129","191332","190981","NA","190459","LexicalDecision"
"No","397","1","Random","-50","experimental","0","1","Random","4","1","1","m","trial","1080","1920","/Users/justina/Downloads/lexical_decision","139","450","500","950","350","0","350","400","583","1100","1110","1110","1101","legacy","xpyriment","1101","1110","m","397","0","20","50","50","50","50","50","50","50","ebalmss","10","200","3682","NA","3773","NA","NA","NA","1711","10031","3771","191361","193503","193502","1773","194087","1775","3771","10031","NA","NA","NA","NA","NA","9129","194485","194087","NA","193502","LexicalDecision"
"No","413","1","LF","-50","experimental","0","1","LF","2","1","1","n","trial","1080","1920","/Users/justina/Downloads/lexical_decision","140","450","450","950","350","0","450","500","451","1100","1101","1110","1101","legacy","xpyriment","1101","1110","n","413","0","20","50","50","50","50","50","50","50","wimper","10","200","3682","NA","3773","NA","NA","NA","1711","10031","3771","191361","194601","194600","1773","195054","1775","3771","10031","NA","NA","NA","NA","NA","9129","195468","195054","NA","194600","LexicalDecision"
"No","450","0","HF","50","experimental","0","1","HF","1","0","0","n","trial","1080","1920","/Users/justina/Downloads/lexical_decision","141","500","450","950","350","0","500","450","563","1000","1101","1110","1101","legacy","xpyriment","1000","1100","None","450","1","20","50","50","50","50","50","50","50","bevindt","10","200","3682","NA","3773","NA","NA","NA","1711","10031","3771","196628","195584","195583","1773","196149","1775","3771","10031","NA","NA","NA","NA","NA","9129","196599","196149","NA","195582","LexicalDecision"
"No","509","1","Pseudo","-50","experimental","0","1","Pseudo","3","1","1","m","trial","1080","1920","/Users/justina/Downloads/lexical_decision","142","500","450","900","350","0","900","950","575","1000","1101","1101","1101","legacy","xpyriment","1101","1110","m","509","0","20","50","50","50","50","50","50","50","segs","10","200","3682","NA","3773","NA","NA","NA","1711","10031","3771","196628","198773","198772","1773","199350","1775","3771","10031","NA","NA","NA","NA","NA","9129","199860","199350","NA","198772","LexicalDecision"
"No","450","0","LF","25","experimental","1","1","LF","2","0","0","n","trial","1080","1920","/Users/justina/Downloads/lexical_decision","143","500","475","900","350","0","475","450","542","1000","","1101","1101","legacy","xpyriment","","1101","None","450","1","20","50","25","50","50","25","25","50","vorkjes","10","200","3682","NA","3773","NA","NA","NA","1711","10031","3771","201000","199976","199975","1773","200521","1775","3771","10031","NA","NA","NA","NA","NA","9129","200971","200521","NA","199975","LexicalDecision"
"No","473","1","HF","-50","experimental","0","1","HF","1","1","1","n","trial","1080","1920","/Users/justina/Downloads/lexical_decision","144","450","475","900","350","0","450","500","471","1","","1101","1101","legacy","xpyriment","0001","1000","n","473","0","20","50","25","50","50","50","50","50","roze","10","200","3682","NA","3773","NA","NA","NA","1711","10031","3771","201000","203142","203141","1773","203616","1775","3771","10031","NA","NA","NA","NA","NA","9129","204090","203615","NA","203141","LexicalDecision"
"No","350","0","Random","25","experimental","1","1","Random","4","0","0","m","trial","1080","1920","/Users/justina/Downloads/lexical_decision","145","450","475","900","375","0","375","350","408","1","","1101","","legacy","xpyriment","","1101","None","350","1","20","50","25","50","25","25","25","50","tnjoteso","10","200","3682","NA","3773","NA","NA","NA","1711","10031","3771","204998","204205","204204","1773","204617","1775","3771","10031","NA","NA","NA","NA","NA","9129","204967","204617","NA","204204","LexicalDecision"
"No","375","0","Random","25","experimental","0","1","Random","4","0","0","m","trial","1080","1920","/Users/justina/Downloads/lexical_decision","146","450","475","900","400","0","400","375","446","1","","1101","0","legacy","xpyriment","0","","None","375","1","20","50","25","50","25","25","25","25","ojstep","10","200","3682","NA","3773","NA","NA","NA","1711","10031","3771","207996","207143","207142","1773","207592","1775","3771","10031","NA","NA","NA","NA","NA","9129","207967","207591","NA","207142","LexicalDecision"
"No","580","1","Pseudo","-50","experimental","0","1","Pseudo","3","1","1","m","trial","1080","1920","/Users/justina/Downloads/lexical_decision","147","450","475","850","400","0","850","900","436","1","","1011","0","legacy","xpyriment","1011","1101","m","580","0","20","50","25","50","25","50","50","50","loorden","10","200","3682","NA","3773","NA","NA","NA","1711","10031","3771","207996","210140","210139","1773","210578","1775","3771","10031","NA","NA","NA","NA","NA","9129","211159","210578","NA","210139","LexicalDecision"
"No","437","0","Pseudo","50","experimental","0","1","Pseudo","3","0","0","m","trial","1080","1920","/Users/justina/Downloads/lexical_decision","148","450","475","900","400","0","900","850","496","1","","110","0","legacy","xpyriment","0110","1011","n","437","0","20","50","25","50","25","50","50","50","toekunst","10","200","3682","NA","3773","NA","NA","NA","1711","10031","3771","212243","211277","211276","1773","211776","1775","3771","10031","NA","NA","NA","NA","NA","9129","212214","211776","NA","211275","LexicalDecision"
"No","448","1","HF","-50","experimental","0","1","HF","1","1","1","n","trial","1080","1920","/Users/justina/Downloads/lexical_decision","149","400","475","900","400","0","400","450","481","11","","110","0","legacy","xpyriment","11","1","n","448","0","20","50","25","50","25","50","50","50","mede","10","200","3682","NA","3773","NA","NA","NA","1711","10031","3771","212243","214387","214387","1773","214871","1775","3771","10031","NA","NA","NA","NA","NA","9129","215320","214871","NA","214386","LexicalDecision"
"No","531","1","Pseudo","-50","experimental","0","1","Pseudo","3","1","1","m","trial","1080","1920","/Users/justina/Downloads/lexical_decision","150","400","475","850","400","0","850","900","481","11","","1101","0","legacy","xpyriment","1101","110","m","531","0","20","50","25","50","25","50","50","50","brip","10","200","3682","NA","3773","NA","NA","NA","1711","10031","3771","212243","215438","215437","1773","215922","1775","3771","10031","NA","NA","NA","NA","NA","9129","216454","215922","NA","215436","LexicalDecision"
"No","403","1","LF","-25","experimental","0","1","LF","2","1","1","n","trial","1080","1920","/Users/justina/Downloads/lexical_decision","151","400","450","850","400","0","450","475","497","11","1","1101","0","legacy","xpyriment","1","","n","403","0","20","50","25","50","25","25","25","25","stropje","10","200","3682","NA","3773","NA","NA","NA","1711","10031","3771","212243","216571","216570","1773","217070","1775","3771","10031","NA","NA","NA","NA","NA","9129","217474","217070","NA","216570","LexicalDecision"
"No","450","0","LF","25","experimental","0","1","LF","2","0","0","n","trial","1080","1920","/Users/justina/Downloads/lexical_decision","152","400","475","850","400","0","475","450","562","11","10","1101","0","legacy","xpyriment","10","1","None","450","1","20","50","25","50","25","25","25","25","popjes","10","200","3682","NA","3773","NA","NA","NA","1711","10031","3771","218634","217590","217589","1773","218154","1775","3771","10031","NA","NA","NA","NA","NA","9129","218604","218153","NA","217589","LexicalDecision"
"No","400","0","HF","50","experimental","0","1","HF","1","0","0","n","trial","1080","1920","/Users/justina/Downloads/lexical_decision","153","450","475","850","400","0","450","400","404","110","10","1101","0","legacy","xpyriment","110","11","None","400","1","20","50","25","50","25","50","50","50","bergen","10","200","3682","NA","3773","NA","NA","NA","1711","10031","3771","221610","220776","220775","1773","221181","1775","3771","10031","NA","NA","NA","NA","NA","9129","221581","221181","NA","220775","LexicalDecision"
"No","475","0","LF","25","experimental","0","1","LF","2","0","0","n","trial","1080","1920","/Users/justina/Downloads/lexical_decision","154","450","500","850","400","0","500","475","488","110","100","1101","0","legacy","xpyriment","100","10","None","475","1","20","50","25","50","25","25","25","25","dieptes","10","200","3682","NA","3773","NA","NA","NA","1711","10031","3771","224749","223754","223753","1773","224245","1775","3771","10031","NA","NA","NA","NA","NA","9129","224720","224245","NA","223753","LexicalDecision"
"No","432","1","HF","-50","experimental","0","1","HF","1","1","1","n","trial","1080","1920","/Users/justina/Downloads/lexical_decision","155","400","500","850","400","0","400","450","535","1101","100","1101","0","legacy","xpyriment","1101","110","n","432","0","20","50","25","50","25","50","50","50","klein","10","200","3682","NA","3773","NA","NA","NA","1711","10031","3771","224749","226892","226891","1773","227429","1775","3771","10031","NA","NA","NA","NA","NA","9129","227862","227428","NA","226891","LexicalDecision"
"No","366","1","LF","-25","experimental","0","1","LF","2","1","1","n","trial","1080","1920","/Users/justina/Downloads/lexical_decision","156","400","475","850","400","0","475","500","576","1101","1001","1101","0","legacy","xpyriment","1001","100","n","366","0","20","50","25","50","25","25","25","25","tellers","10","200","3682","NA","3773","NA","NA","NA","1711","10031","3771","224749","227981","227980","1773","228560","1775","3771","10031","NA","NA","NA","NA","NA","9129","228927","228560","NA","227980","LexicalDecision"
"No","367","1","HF","-50","experimental","0","1","HF","1","1","1","n","trial","1080","1920","/Users/justina/Downloads/lexical_decision","157","350","475","850","400","0","350","400","571","1011","1001","1101","0","legacy","xpyriment","1011","1101","n","367","0","20","50","25","50","25","50","50","50","ziekten","10","200","3682","NA","3773","NA","NA","NA","1711","10031","3771","224749","229047","229047","1773","229621","1775","3771","10031","NA","NA","NA","NA","NA","9129","229989","229621","NA","229046","LexicalDecision"
"No","400","0","Random","25","experimental","0","1","Random","4","0","0","m","trial","1080","1920","/Users/justina/Downloads/lexical_decision","158","350","475","850","425","0","425","400","525","1011","1001","1101","0","legacy","xpyriment","00","0","None","400","1","20","50","25","50","25","25","25","25","ereiss","10","200","3682","NA","3773","NA","NA","NA","1711","10031","3771","231061","230104","230103","1773","230630","1775","3771","10031","NA","NA","NA","NA","NA","9129","231030","230630","NA","230102","LexicalDecision"
"No","501","0","Pseudo","25","experimental","1","1","Pseudo","3","0","0","m","trial","1080","1920","/Users/justina/Downloads/lexical_decision","159","350","475","875","425","0","875","850","482","1011","1001","","0","legacy","xpyriment","","1101","n","501","0","20","50","25","25","25","25","25","50","begook","10","200","3682","NA","3773","NA","NA","NA","1711","10031","3771","234217","233200","233199","1773","233685","1775","3771","10031","NA","NA","NA","NA","NA","9129","234187","233684","NA","233199","LexicalDecision"
"No","475","0","LF","25","experimental","0","1","LF","2","0","0","n","trial","1080","1920","/Users/justina/Downloads/lexical_decision","160","350","500","875","425","0","500","475","428","1011","10","","0","legacy","xpyriment","0010","1001","None","475","1","20","50","25","25","25","25","25","25","krokus","10","200","3682","NA","3773","NA","NA","NA","1711","10031","3771","237286","236352","236352","1773","236783","1775","3771","10031","NA","NA","NA","NA","NA","9129","237258","236783","NA","236352","LexicalDecision"
"No","351","0","HF","50","experimental","0","1","HF","1","0","0","n","trial","1080","1920","/Users/justina/Downloads/lexical_decision","161","400","500","875","425","0","400","350","499","110","10","","0","legacy","xpyriment","0110","1011","None","351","1","20","50","25","25","25","50","50","50","last","10","200","3682","NA","3773","NA","NA","NA","1711","10031","3771","240306","239423","239422","1773","239924","1775","3771","10031","NA","NA","NA","NA","NA","9129","240275","239924","NA","239422","LexicalDecision"
"No","500","0","LF","25","experimental","0","1","LF","2","0","0","n","trial","1080","1920","/Users/justina/Downloads/lexical_decision","162","400","525","875","425","0","525","500","539","110","100","","0","legacy","xpyriment","100","10","None","500","1","20","50","25","25","25","25","25","25","serres","10","200","3682","NA","3773","NA","NA","NA","1711","10031","3771","243515","242444","242443","1773","242986","1775","3771","10031","NA","NA","NA","NA","NA","9129","243486","242985","NA","242443","LexicalDecision"
"No","443","0","Pseudo","25","experimental","0","1","Pseudo","3","0","0","m","trial","1080","1920","/Users/justina/Downloads/lexical_decision","163","400","525","900","425","0","900","875","419","110","100","0","0","legacy","xpyriment","0","","n","443","0","20","50","25","25","25","25","25","25","trukt","10","200","3682","NA","3773","NA","NA","NA","1711","10031","3771","246547","245654","245653","1773","246075","1775","3771","10031","NA","NA","NA","NA","NA","9129","246519","246074","NA","245653","LexicalDecision"
"No","378","1","HF","-50","experimental","0","1","HF","1","1","1","n","trial","1080","1920","/Users/justina/Downloads/lexical_decision","164","350","525","900","425","0","350","400","453","1101","100","0","0","legacy","xpyriment","1101","110","n","378","0","20","50","25","25","25","50","50","50","spieren","10","200","3682","NA","3773","NA","NA","NA","1711","10031","3771","246547","248686","248685","1773","249141","1775","3771","10031","NA","NA","NA","NA","NA","9129","249520","249141","NA","248685","LexicalDecision"
"No","597","1","Pseudo","-25","experimental","0","1","Pseudo","3","1","1","m","trial","1080","1920","/Users/justina/Downloads/lexical_decision","165","350","525","875","425","0","875","900","406","1101","100","1","0","legacy","xpyriment","01","0","m","597","0","20","50","25","25","25","25","25","25","vrerde","10","200","3682","NA","3773","NA","NA","NA","1711","10031","3771","246547","249636","249635","1773","250045","1775","3771","10031","NA","NA","NA","NA","NA","9129","250642","250045","NA","249635","LexicalDecision"
"No","425","0","Random","25","experimental","0","1","Random","4","0","0","m","trial","1080","1920","/Users/justina/Downloads/lexical_decision","166","350","525","875","450","0","450","425","412","1101","100","1","0","legacy","xpyriment","00","0","None","425","1","20","50","25","25","25","25","25","25","kkarer","10","200","3682","NA","3773","NA","NA","NA","1711","10031","3771","251627","250759","250758","1773","251173","1775","3771","10031","NA","NA","NA","NA","NA","9129","251598","251173","NA","250758","LexicalDecision"
"No","393","0","Pseudo","25","experimental","0","1","Pseudo","3","0","0","m","trial","1080","1920","/Users/justina/Downloads/lexical_decision","167","350","525","900","450","0","900","875","590","1101","100","10","0","legacy","xpyriment","10","1","n","393","0","20","50","25","25","25","25","25","25","draamt","10","200","3682","NA","3773","NA","NA","NA","1711","10031","3771","254785","253769","253768","1773","254362","1775","3771","10031","NA","NA","NA","NA","NA","9129","254756","254361","NA","253768","LexicalDecision"
"No","399","1","Random","-25","experimental","0","1","Random","4","1","1","m","trial","1080","1920","/Users/justina/Downloads/lexical_decision","168","350","525","900","425","0","425","450","552","1101","100","10","1","legacy","xpyriment","01","0","m","399","0","20","50","25","25","25","25","25","25","egtjjwi","10","200","3682","NA","3773","NA","NA","NA","1711","10031","3771","254785","256925","256924","1773","257480","1775","3771","10031","NA","NA","NA","NA","NA","9129","257881","257480","NA","256924","LexicalDecision"
"No","350","0","HF","25","experimental","1","1","HF","1","0","0","n","trial","1080","1920","/Users/justina/Downloads/lexical_decision","169","375","525","900","425","0","375","350","593","","100","10","1","legacy","xpyriment","","1101","None","350","1","20","25","25","25","25","25","25","50","heden","10","200","3682","NA","3773","NA","NA","NA","1711","10031","3771","258973","257997","257996","1773","258593","1775","3771","10031","NA","NA","NA","NA","NA","9129","258943","258593","NA","257996","LexicalDecision"
"No","501","1","LF","-25","experimental","0","1","LF","2","1","1","n","trial","1080","1920","/Users/justina/Downloads/lexical_decision","170","375","500","900","425","0","500","525","571","","1001","10","1","legacy","xpyriment","1001","100","n","501","0","20","25","25","25","25","25","25","25","spatje","10","200","3682","NA","3773","NA","NA","NA","1711","10031","3771","258973","261126","261125","1773","261699","1775","3771","10031","NA","NA","NA","NA","NA","9129","262201","261699","NA","261125","LexicalDecision"
"No","406","1","Random","-25","experimental","0","1","Random","4","1","1","m","trial","1080","1920","/Users/justina/Downloads/lexical_decision","171","375","500","900","400","0","400","425","450","","1001","10","11","legacy","xpyriment","11","1","m","406","0","20","25","25","25","25","25","25","25","tteser","10","200","3682","NA","3773","NA","NA","NA","1711","10031","3771","258973","262319","262318","1773","262772","1775","3771","10031","NA","NA","NA","NA","NA","9129","263179","262772","NA","262318","LexicalDecision"
"No","400","0","Random","25","experimental","0","1","Random","4","0","0","m","trial","1080","1920","/Users/justina/Downloads/lexical_decision","172","375","500","900","425","0","425","400","558","","1001","10","110","legacy","xpyriment","110","11","None","400","1","20","25","25","25","25","25","25","25","etubrls","10","200","3682","NA","3773","NA","NA","NA","1711","10031","3771","264288","263297","263296","1773","263857","1775","3771","10031","NA","NA","NA","NA","NA","9129","264257","263857","NA","263296","LexicalDecision"
"No","425","0","Random","25","experimental","0","1","Random","4","0","0","m","trial","1080","1920","/Users/justina/Downloads/lexical_decision","173","375","500","900","450","0","450","425","421","","1001","10","1100","legacy","xpyriment","1100","110","None","425","1","20","25","25","25","25","25","25","25","jeefets","10","200","3682","NA","3773","NA","NA","NA","1711","10031","3771","267303","266426","266425","1773","266850","1775","3771","10031","NA","NA","NA","NA","NA","9129","267275","266849","NA","266425","LexicalDecision"
"No","505","0","Pseudo","25","experimental","0","1","Pseudo","3","0","0","m","trial","1080","1920","/Users/justina/Downloads/lexical_decision","174","375","500","925","450","0","925","900","418","","1001","100","1100","legacy","xpyriment","100","10","n","505","0","20","25","25","25","25","25","25","25","ming","10","200","3682","NA","3773","NA","NA","NA","1711","10031","3771","270392","269436","269435","1773","269856","1775","3771","10031","NA","NA","NA","NA","NA","9129","270362","269856","NA","269435","LexicalDecision"
"No","397","0","Pseudo","25","experimental","0","1","Pseudo","3","0","0","m","trial","1080","1920","/Users/justina/Downloads/lexical_decision","175","375","500","950","450","0","950","925","592","","1001","1000","1100","legacy","xpyriment","1000","100","n","397","0","20","25","25","25","25","25","25","25","waartje","10","200","3682","NA","3773","NA","NA","NA","1711","10031","3771","273550","272529","272528","1773","273124","1775","3771","10031","NA","NA","NA","NA","NA","9129","273522","273123","NA","272528","LexicalDecision"
"No","493","1","LF","-25","experimental","0","1","LF","2","1","1","n","trial","1080","1920","/Users/justina/Downloads/lexical_decision","176","375","475","950","450","0","475","500","592","","11","1000","1100","legacy","xpyriment","0011","1001","n","493","0","20","25","25","25","25","25","25","25","jacket","10","200","3682","NA","3773","NA","NA","NA","1711","10031","3771","273550","275692","275691","1773","276288","1775","3771","10031","NA","NA","NA","NA","NA","9129","276782","276288","NA","275691","LexicalDecision"
"No","478","1","Pseudo","-25","experimental","0","1","Pseudo","3","1","1","m","trial","1080","1920","/Users/justina/Downloads/lexical_decision","177","375","475","925","450","0","925","950","561","","11","1","1100","legacy","xpyriment","0001","1000","m","478","0","20","25","25","25","25","25","25","25","meendal","10","200","3682","NA","3773","NA","NA","NA","1711","10031","3771","273550","276899","276898","1773","277462","1775","3771","10031","NA","NA","NA","NA","NA","9129","277941","277462","NA","276897","LexicalDecision"
"No","427","1","LF","-25","experimental","0","1","LF","2","1","1","n","trial","1080","1920","/Users/justina/Downloads/lexical_decision","178","375","450","925","450","0","450","475","455","","111","1","1100","legacy","xpyriment","111","11","n","427","0","20","25","25","25","25","25","25","25","vliegje","10","200","3682","NA","3773","NA","NA","NA","1711","10031","3771","273550","278056","278055","1773","278513","1775","3771","10031","NA","NA","NA","NA","NA","9129","278941","278513","NA","278055","LexicalDecision"
"No","450","0","LF","25","experimental","0","1","LF","2","0","0","n","trial","1080","1920","/Users/justina/Downloads/lexical_decision","179","375","475","925","450","0","475","450","567","","1110","1","1100","legacy","xpyriment","1110","111","None","450","1","20","25","25","25","25","25","25","25","solo's","10","200","3682","NA","3773","NA","NA","NA","1711","10031","3771","280105","279056","279055","1773","279626","1775","3771","10031","NA","NA","NA","NA","NA","9129","280076","279626","NA","279055","LexicalDecision"
"No","475","0","LF","25","experimental","0","1","LF","2","0","0","n","trial","1080","1920","/Users/justina/Downloads/lexical_decision","180","375","500","925","450","0","500","475","501","","1100","1","1100","legacy","xpyriment","1100","1110","None","475","1","20","25","25","25","25","25","25","25","vormpjes","10","200","3682","NA","3773","NA","NA","NA","1711","10031","3771","283248","282241","282240","1773","282744","1775","3771","10031","NA","NA","NA","NA","NA","9129","283219","282744","NA","282240","LexicalDecision"
"No","926","0","Pseudo","25","experimental","0","1","Pseudo","3","0","0","m","trial","1080","1920","/Users/justina/Downloads/lexical_decision","181","375","500","950","450","0","950","925","464","","1100","10","1100","legacy","xpyriment","10","1","None","926","1","20","25","25","25","25","25","25","25","durken","10","200","3682","NA","3773","NA","NA","NA","1711","10031","3771","286811","285389","285388","1773","285855","1775","3771","10031","NA","NA","NA","NA","NA","9129","286781","285855","NA","285388","LexicalDecision"
"No","483","1","LF","-25","experimental","0","1","LF","2","1","1","n","trial","1080","1920","/Users/justina/Downloads/lexical_decision","182","375","475","950","450","0","475","500","527","","1001","10","1100","legacy","xpyriment","1001","1100","n","483","0","20","25","25","25","25","25","25","25","trailer","10","200","3682","NA","3773","NA","NA","NA","1711","10031","3771","286811","288949","288948","1773","289479","1775","3771","10031","NA","NA","NA","NA","NA","9129","289963","289478","NA","288948","LexicalDecision"
"No","428","1","LF","-25","experimental","0","1","LF","2","1","1","n","trial","1080","1920","/Users/justina/Downloads/lexical_decision","183","375","450","950","450","0","450","475","584","","11","10","1100","legacy","xpyriment","0011","1001","n","428","0","20","25","25","25","25","25","25","25","toontjes","10","200","3682","NA","3773","NA","NA","NA","1711","10031","3771","286811","290081","290080","1773","290667","1775","3771","10031","NA","NA","NA","NA","NA","9129","291096","290667","NA","290079","LexicalDecision"
"No","431","1","LF","-25","experimental","0","1","LF","2","1","1","n","trial","1080","1920","/Users/justina/Downloads/lexical_decision","184","375","425","950","450","0","425","450","452","","111","10","1100","legacy","xpyriment","111","11","n","431","0","20","25","25","25","25","25","25","25","truitjes","10","200","3682","NA","3773","NA","NA","NA","1711","10031","3771","286811","291214","291213","1773","291669","1775","3771","10031","NA","NA","NA","NA","NA","9129","292101","291668","NA","291213","LexicalDecision"
"No","447","1","Random","-25","experimental","0","1","Random","4","1","1","m","trial","1080","1920","/Users/justina/Downloads/lexical_decision","185","375","425","950","425","0","425","450","431","","111","10","1001","legacy","xpyriment","1001","1100","m","447","0","20","25","25","25","25","25","25","25","jplesak","10","200","3682","NA","3773","NA","NA","NA","1711","10031","3771","286811","292219","292218","1773","292652","1775","3771","10031","NA","NA","NA","NA","NA","9129","293100","292652","NA","292218","LexicalDecision"
"No","375","0","HF","25","experimental","0","1","HF","1","0","0","n","trial","1080","1920","/Users/justina/Downloads/lexical_decision","186","400","425","950","425","0","400","375","539","0","111","10","1001","legacy","xpyriment","0","","None","375","1","20","25","25","25","25","25","25","25","opeens","10","200","3682","NA","3773","NA","NA","NA","1711","10031","3771","294162","293215","293214","1773","293756","1775","3771","10031","NA","NA","NA","NA","NA","9129","294131","293756","NA","293214","LexicalDecision"
"No","425","0","Random","25","experimental","0","1","Random","4","0","0","m","trial","1080","1920","/Users/justina/Downloads/lexical_decision","187","400","425","950","450","0","450","425","472","0","111","10","10","legacy","xpyriment","0010","1001","None","425","1","20","25","25","25","25","25","25","25","oetjls","10","200","3682","NA","3773","NA","NA","NA","1711","10031","3771","297238","296306","296305","1773","296782","1775","3771","10031","NA","NA","NA","NA","NA","9129","297207","296782","NA","296305","LexicalDecision"
"No","510","1","Pseudo","-25","experimental","0","1","Pseudo","3","1","1","m","trial","1080","1920","/Users/justina/Downloads/lexical_decision","188","400","425","925","450","0","925","950","546","0","111","101","10","legacy","xpyriment","101","10","m","510","0","20","25","25","25","25","25","25","25","pelfs","10","200","3682","NA","3773","NA","NA","NA","1711","10031","3771","297238","299386","299385","1773","299935","1775","3771","10031","NA","NA","NA","NA","NA","9129","300446","299934","NA","299385","LexicalDecision"
"No","404","1","LF","-25","experimental","0","1","LF","2","1","1","n","trial","1080","1920","/Users/justina/Downloads/lexical_decision","189","400","400","925","450","0","400","425","421","0","1111","101","10","legacy","xpyriment","1111","111","n","404","0","20","25","25","25","25","25","25","25","cricket","10","200","3682","NA","3773","NA","NA","NA","1711","10031","3771","297238","300562","300561","1773","300986","1775","3771","10031","NA","NA","NA","NA","NA","9129","301390","300986","NA","300561","LexicalDecision"
"No","400","0","LF","25","experimental","0","1","LF","2","0","0","n","trial","1080","1920","/Users/justina/Downloads/lexical_decision","190","400","425","925","450","0","425","400","537","0","1110","101","10","legacy","xpyriment","1110","1111","None","400","1","20","25","25","25","25","25","25","25","besje","10","200","3682","NA","3773","NA","NA","NA","1711","10031","3771","302477","301507","301506","1773","302046","1775","3771","10031","NA","NA","NA","NA","NA","9129","302446","302046","NA","301506","LexicalDecision"
"No","450","0","Random","25","experimental","0","1","Random","4","0","0","m","trial","1080","1920","/Users/justina/Downloads/lexical_decision","191","400","425","925","475","0","475","450","443","0","1110","101","100","legacy","xpyriment","100","10","None","450","1","20","25","25","25","25","25","25","25","ejzeewps","10","200","3682","NA","3773","NA","NA","NA","1711","10031","3771","305538","304612","304611","1773","305057","1775","3771","10031","NA","NA","NA","NA","NA","9129","305507","305056","NA","304610","LexicalDecision"
"No","629","1","Pseudo","-25","experimental","0","1","Pseudo","3","1","1","m","trial","1080","1920","/Users/justina/Downloads/lexical_decision","192","400","425","900","475","0","900","925","459","0","1110","1011","100","legacy","xpyriment","1011","101","m","629","0","20","25","25","25","25","25","25","25","olders","10","200","3682","NA","3773","NA","NA","NA","1711","10031","3771","305538","307682","307681","1773","308144","1775","3771","10031","NA","NA","NA","NA","NA","9129","308774","308144","NA","307680","LexicalDecision"
"No","467","1","Pseudo","-25","experimental","0","1","Pseudo","3","1","1","m","trial","1080","1920","/Users/justina/Downloads/lexical_decision","193","400","425","875","475","0","875","900","425","0","1110","111","100","legacy","xpyriment","0111","1011","m","467","0","20","25","25","25","25","25","25","25","fussen","10","200","3682","NA","3773","NA","NA","NA","1711","10031","3771","305538","308893","308892","1773","309321","1775","3771","10031","NA","NA","NA","NA","NA","9129","309789","309321","NA","308892","LexicalDecision"
"No","375","1","Random","-25","experimental","0","1","Random","4","1","1","m","trial","1080","1920","/Users/justina/Downloads/lexical_decision","194","400","425","875","450","0","450","475","481","0","1110","111","1001","legacy","xpyriment","1001","100","m","375","0","20","25","25","25","25","25","25","25","ipystt","10","200","3682","NA","3773","NA","NA","NA","1711","10031","3771","305538","309907","309906","1773","310391","1775","3771","10031","NA","NA","NA","NA","NA","9129","310767","310391","NA","309906","LexicalDecision"
"No","425","0","LF","25","experimental","0","1","LF","2","0","0","n","trial","1080","1920","/Users/justina/Downloads/lexical_decision","195","400","450","875","450","0","450","425","534","0","1100","111","1001","legacy","xpyriment","1100","1110","None","425","1","20","25","25","25","25","25","25","25","gala","10","200","3682","NA","3773","NA","NA","NA","1711","10031","3771","311877","310884","310883","1773","311421","1775","3771","10031","NA","NA","NA","NA","NA","9129","311846","311421","NA","310883","LexicalDecision"
"No","385","1","HF","-25","experimental","0","1","HF","1","1","1","n","trial","1080","1920","/Users/justina/Downloads/lexical_decision","196","375","450","875","450","0","375","400","492","1","1100","111","1001","legacy","xpyriment","01","0","n","385","0","20","25","25","25","25","25","25","25","onzin","10","200","3682","NA","3773","NA","NA","NA","1711","10031","3771","311877","314017","314016","1773","314513","1775","3771","10031","NA","NA","NA","NA","NA","9129","314899","314512","NA","314016","LexicalDecision"
"No","469","1","Pseudo","-25","experimental","0","1","Pseudo","3","1","1","m","trial","1080","1920","/Users/justina/Downloads/lexical_decision","197","375","450","850","450","0","850","875","551","1","1100","1111","1001","legacy","xpyriment","1111","111","m","469","0","20","25","25","25","25","25","25","25","verklaf","10","200","3682","NA","3773","NA","NA","NA","1711","10031","3771","311877","315014","315013","1773","315567","1775","3771","10031","NA","NA","NA","NA","NA","9129","316037","315567","NA","315013","LexicalDecision"
"No","373","1","HF","-25","experimental","0","1","HF","1","1","1","n","trial","1080","1920","/Users/justina/Downloads/lexical_decision","198","350","450","850","450","0","350","375","553","11","1100","1111","1001","legacy","xpyriment","11","1","n","373","0","20","25","25","25","25","25","25","25","gevoel","10","200","3682","NA","3773","NA","NA","NA","1711","10031","3771","311877","316152","316151","1773","316709","1775","3771","10031","NA","NA","NA","NA","NA","9129","317083","316708","NA","316151","LexicalDecision"
"No","350","0","HF","25","experimental","0","1","HF","1","0","0","n","trial","1080","1920","/Users/justina/Downloads/lexical_decision","199","375","450","850","450","0","375","350","566","110","1100","1111","1001","legacy","xpyriment","110","11","None","350","1","20","25","25","25","25","25","25","25","plus","10","200","3682","NA","3773","NA","NA","NA","1711","10031","3771","318147","317198","317197","1773","317768","1775","3771","10031","NA","NA","NA","NA","NA","9129","318118","317768","NA","317197","LexicalDecision"
"No","375","0","HF","25","experimental","0","1","HF","1","0","0","n","trial","1080","1920","/Users/justina/Downloads/lexical_decision","200","400","450","850","450","0","400","375","506","1100","1100","1111","1001","legacy","xpyriment","1100","110","None","375","1","20","25","25","25","25","25","25","25","zitting","10","200","3682","NA","3773","NA","NA","NA","1711","10031","3771","321198","320286","320285","1773","320795","1775","3771","10031","NA","NA","NA","NA","NA","9129","321170","320795","NA","320285","LexicalDecision"
"No","375","0","ALL","25","experimental","0","1","Random","4","0","0","m","block_summary","1080","1920","/Users/justina/Downloads/lexical_decision","200","400","450","850","450","0","400","375","506","1100","1100","1111","1001","legacy","xpyriment","1100","110","None","375","1","20","25","25","25","25","25","25","25","krrame","10","200","3682","NA","3773","NA","NA","NA","1711","10031","3771","321198","320286","320285","1773","320795","1775","3771","10031","NA","NA","NA","NA","NA","9129","321170","320795","NA","320285","LexicalDecision"
