"Practice","RT","accuracy","adaptive_category","adaptive_change","adaptive_phase","alternation_detected","block","cond","condition","correct","correct_keyboard_response","correct_response","data_row_type","display_height","display_width","experiment_path","experimental_trial_count","exposure_HF","exposure_LF","exposure_Pseudo","exposure_Random","exposure_floor_reached","exposure_time_after","exposure_time_before","fixation_dur","history_HF","history_LF","history_Pseudo","history_Random","keyboard_backend","mouse_backend","outcome_history_after","outcome_history_before","response_keyboard_response","response_time_keyboard_response","response_was_timeout","scaled_font_size","step_HF","step_LF","step_Pseudo","step_Random","step_size_after","step_size_applied","step_size_before","stimulus","subject_nr","testing_trial_limit","time_Experimental","time_Practice","time_block_start","time_end_of_block_trigger","time_end_of_experiment","time_end_of_practice_block_trigger","time_experiment","time_experimental_block","time_experimental_sequence","time_feedback","time_fixation","time_fixation_duration","time_generalpreps","time_keyboard_response","time_main_instructions","time_new_block","time_new_block_trigger","time_new_sketchpad","time_practice_block","time_practice_block_trigger","time_practice_sequence_1","time_practice_start","time_presstostart","time_response_trigger","time_stimulus","time_stimulus_trigger","time_trial_sequence","title"
"No","531","1","Pseudo","-50","experimental","0","1","Pseudo","3","1","1","m","trial","1080","1920","/Users/justina/Downloads/lexical_decision","1","2000","2000","1950","2000","0","1950","2000","552","","","1","","legacy","xpyriment","1","","m","531","0","20","50","50","50","50","50","50","50","scheben","11","200","7584","NA","7678","NA","NA","NA","1722","14048","7675","NA","14135","14134","1787","14693","1795","7675","14048","NA","NA","NA","NA","NA","13313","15225","14693","NA","14134","LexicalDecision"
"No","423","1","Pseudo","-50","experimental","0","1","Pseudo","3","1","1","m","trial","1080","1920","/Users/justina/Downloads/lexical_decision","2","2000","2000","1900","2000","0","1900","1950","552","","","11","","legacy","xpyriment","11","1","m","423","0","20","50","50","50","50","50","50","50","gefeurd","11","200","7584","NA","7678","NA","NA","NA","1722","14048","7675","NA","15358","15357","1787","15914","1795","7675","14048","NA","NA","NA","NA","NA","13313","16337","15914","NA","15357","LexicalDecision"
"No","494","1","Random","-50","experimental","0","1","Random","4","1","1","m","trial","1080","1920","/Users/justina/Downloads/lexical_decision","3","2000","2000","1900","1950","0","1950","2000","434","","","11","1","legacy","xpyriment","1","","m","494","0","20","50","50","50","50","50","50","50","sa'ammg","11","200","7584","NA","7678","NA","NA","NA","1722","14048","7675","NA","16460","16459","1787","16897","1795","7675","14048","NA","NA","NA","NA","NA","13313","17391","16896","NA","16459","LexicalDecision"
"No","369","1","HF","-50","experimental","0","1","HF","1","1","1","n","trial","1080","1920","/Users/justina/Downloads/lexical_decision","4","1950","2000","1900","1950","0","1950","2000","518","1","","11","1","legacy","xpyriment","1","","n","369","0","20","50","50","50","50","50","50","50","reis","11","200","7584","NA","7678","NA","NA","NA","1722","14048","7675","NA","17508","17507","1787","18029","1795","7675","14048","NA","NA","NA","NA","NA","13313","18398","18029","NA","17507","LexicalDecision"
"No","352","0","LF","50","experimental","0","1","LF","2","0","0","n","trial","1080","1920","/Users/justina/Downloads/lexical_decision","5","1950","2050","1900","1950","0","2050","2000","550","1","0","11","1","legacy","xpyriment","0","","m","352","0","20","50","50","50","50","50","50","50","balies","11","200","7584","NA","7678","NA","NA","NA","1722","14048","7675","19448","18517","18516","1787","19068","1795","7675","14048","NA","NA","NA","NA","NA","13313","19420","19068","NA","18516","LexicalDecision"
"No","480","1","Random","-50","experimental","0","1","Random","4","1","1","m","trial","1080","1920","/Users/justina/Downloads/lexical_decision","6","1950","2050","1900","1900","0","1900","1950","558","1","0","11","11","legacy","xpyriment","11","1","m","480","0","20","50","50","50","50","50","50","50","nelpze","11","200","7584","NA","7678","NA","NA","NA","1722","14048","7675","19448","21587","21586","1787","22147","1795","7675","14048","NA","NA","NA","NA","NA","13313","22628","22146","NA","21586","LexicalDecision"
"No","723","1","Pseudo","-50","experimental","0","1","Pseudo","3","1","1","m","trial","1080","1920","/Users/justina/Downloads/lexical_decision","7","1950","2050","1850","1900","0","1850","1900","415","1","0","111","11","legacy","xpyriment","111","11","m","723","0","20","50","50","50","50","50","50","50","kungen","11","200","7584","NA","7678","NA","NA","NA","1722","14048","7675","19448","22745","22744","1787","23162","1795","7675","14048","NA","NA","NA","NA","NA","13313","23885","23162","NA","22744","LexicalDecision"
"No","511","1","LF","-50","experimental","0","1","LF","2","1","1","n","trial","1080","1920","/Users/justina/Downloads/lexical_decision","8","1950","2000","1850","1900","0","2000","2050","396","1","1","111","11","legacy","xpyriment","01","0","n","511","0","20","50","50","50","50","50","50","50","vuilbak","11","200","7584","NA","7678","NA","NA","NA","1722","14048","7675","19448","24002","24001","1787","24401","1795","7675","14048","NA","NA","NA","NA","NA","13313","24912","24401","NA","24001","LexicalDecision"
"No","394","1","Random","-50","experimental","0","1","Random","4","1","1","m","trial","1080","1920","/Users/justina/Downloads/lexical_decision","9","1950","2000","1850","1850","0","1850","1900","508","1","1","111","111","legacy","xpyriment","111","11","m","394","0","20","50","50","50","50","50","50","50","etsefji","11","200","7584","NA","7678","NA","NA","NA","1722","14048","7675","19448","25029","25028","1787","25540","1795","7675","14048","NA","NA","NA","NA","NA","13313","25935","25539","NA","25028","LexicalDecision"
"No","506","1","Random","-50","experimental","0","1","Random","4","1","1","m","trial","1080","1920","/Users/justina/Downloads/lexical_decision","10","1950","2000","1850","1800","0","1800","1850","518","1","1","111","1111","legacy","xpyriment","1111","111","m","506","0","20","50","50","50","50","50","50","50","trsshi","11","200","7584","NA","7678","NA","NA","NA","1722","14048","7675","19448","26050","26049","1787","26572","1795","7675","14048","NA","NA","NA","NA","NA","13313","27078","26572","NA","26049","LexicalDecision"
"No","566","1","LF","-50","experimental","0","1","LF","2","1","1","n","trial","1080","1920","/Users/justina/Downloads/lexical_decision","11","1950","1950","1850","1800","0","1950","2000","553","1","11","111","1111","legacy","xpyriment","11","1","n","566","0","20","50","50","50","50","50","50","50","poema's","11","200","7584","NA","7678","NA","NA","NA","1722","14048","7675","19448","27193","27192","1787","27749","1795","7675","14048","NA","NA","NA","NA","NA","13313","28316","27749","NA","27192","LexicalDecision"
"No","654","1","Pseudo","-50","experimental","0","1","Pseudo","3","1","1","m","trial","1080","1920","/Users/justina/Downloads/lexical_decision","12","1950","1950","1800","1800","0","1800","1850","467","1","11","1111","1111","legacy","xpyriment","1111","111","m","654","0","20","50","50","50","50","50","50","50","geruld","11","200","7584","NA","7678","NA","NA","NA","1722","14048","7675","19448","28431","28430","1787","28900","1795","7675","14048","NA","NA","NA","NA","NA","13313","29554","28900","NA","28430","LexicalDecision"
"No","623","1","Pseudo","-50","experimental","0","1","Pseudo","3","1","1","m","trial","1080","1920","/Users/justina/Downloads/lexical_decision","13","1950","1950","1750","1800","0","1750","1800","591","1","11","1111","1111","legacy","xpyriment","1111","1111","m","623","0","20","50","50","50","50","50","50","50","vollà","11","200","7584","NA","7678","NA","NA","NA","1722","14048","7675","19448","29670","29669","1787","30265","1795","7675","14048","NA","NA","NA","NA","NA","13313","30888","30264","NA","29669","LexicalDecision"
"No","422","1","HF","-50","experimental","0","1","HF","1","1","1","n","trial","1080","1920","/Users/justina/Downloads/lexical_decision","14","1900","1950","1750","1800","0","1900","1950","513","11","11","1111","1111","legacy","xpyriment","11","1","n","422","0","20","50","50","50","50","50","50","50","plek","11","200","7584","NA","7678","NA","NA","NA","1722","14048","7675","19448","31004","31003","1787","31521","1795","7675","14048","NA","NA","NA","NA","NA","13313","31943","31520","NA","31003","LexicalDecision"
"No","483","1","Random","-50","experimental","0","1","Random","4","1","1","m","trial","1080","1920","/Users/justina/Downloads/lexical_decision","15","1900","1950","1750","1750","0","1750","1800","417","11","11","1111","1111","legacy","xpyriment","1111","1111","m","483","0","20","50","50","50","50","50","50","50","ortanco","11","200","7584","NA","7678","NA","NA","NA","1722","14048","7675","19448","32058","32057","1787","32477","1795","7675","14048","NA","NA","NA","NA","NA","13313","32961","32477","NA","32057","LexicalDecision"
"No","440","1","Random","-50","experimental","0","1","Random","4","1","1","m","trial","1080","1920","/Users/justina/Downloads/lexical_decision","16","1900","1950","1750","1700","0","1700","1750","528","11","11","1111","1111","legacy","xpyriment","1111","1111","m","440","0","20","50","50","50","50","50","50","50","hlnseuc","11","200","7584","NA","7678","NA","NA","NA","1722","14048","7675","19448","33076","33075","1787","33608","1795","7675","14048","NA","NA","NA","NA","NA","13313","34049","33607","NA","33075","LexicalDecision"
"No","701","1","HF","-50","experimental","0","1","HF","1","1","1","n","trial","1080","1920","/Users/justina/Downloads/lexical_decision","17","1850","1950","1750","1700","0","1850","1900","485","111","11","1111","1111","legacy","xpyriment","111","11","n","701","0","20","50","50","50","50","50","50","50","koude","11","200","7584","NA","7678","NA","NA","NA","1722","14048","7675","19448","34165","34164","1787","34653","1795","7675","14048","NA","NA","NA","NA","NA","13313","35355","34653","NA","34164","LexicalDecision"
"No","468","1","Random","-50","experimental","0","1","Random","4","1","1","m","trial","1080","1920","/Users/justina/Downloads/lexical_decision","18","1850","1950","1750","1650","0","1650","1700","590","111","11","1111","1111","legacy","xpyriment","1111","1111","m","468","0","20","50","50","50","50","50","50","50","zjtleie","11","200","7584","NA","7678","NA","NA","NA","1722","14048","7675","19448","35472","35471","1787","36065","1795","7675","14048","NA","NA","NA","NA","NA","13313","36534","36065","NA","35471","LexicalDecision"
"No","485","1","Random","-50","experimental","0","1","Random","4","1","1","m","trial","1080","1920","/Users/justina/Downloads/lexical_decision","19","1850","1950","1750","1600","0","1600","1650","506","111","11","1111","1111","legacy","xpyriment","1111","1111","m","485","0","20","50","50","50","50","50","50","50","trtsseek","11","200","7584","NA","7678","NA","NA","NA","1722","14048","7675","19448","36651","36650","1787","37160","1795","7675","14048","NA","NA","NA","NA","NA","13313","37645","37160","NA","36650","LexicalDecision"
"No","414","1","LF","-50","experimental","0","1","LF","2","1","1","n","trial","1080","1920","/Users/justina/Downloads/lexical_decision","20","1850","1900","1750","1600","0","1900","1950","572","111","111","1111","1111","legacy","xpyriment","111","11","n","414","0","20","50","50","50","50","50","50","50","dutjes","11","200","7584","NA","7678","NA","NA","NA","1722","14048","7675","19448","37761","37760","1787","38336","1795","7675","14048","NA","NA","NA","NA","NA","13313","38751","38335","NA","37760","LexicalDecision"
"No","447","1","Pseudo","-50","experimental","0","1","Pseudo","3","1","1","m","trial","1080","1920","/Users/justina/Downloads/lexical_decision","21","1850","1900","1700","1600","0","1700","1750","581","111","111","1111","1111","legacy","xpyriment","1111","1111","m","447","0","20","50","50","50","50","50","50","50","beloep","11","200","7584","NA","7678","NA","NA","NA","1722","14048","7675","19448","38865","38865","1787","39448","1795","7675","14048","NA","NA","NA","NA","NA","13313","39895","39448","NA","38864","LexicalDecision"
"No","582","0","Pseudo","50","experimental","0","1","Pseudo","3","0","0","m","trial","1080","1920","/Users/justina/Downloads/lexical_decision","22","1850","1900","1750","1600","0","1750","1700","523","111","111","1110","1111","legacy","xpyriment","1110","1111","n","582","0","20","50","50","50","50","50","50","50","grinzen","11","200","7584","NA","7678","NA","NA","NA","1722","14048","7675","41148","40011","40010","1787","40537","1795","7675","14048","NA","NA","NA","NA","NA","13313","41119","40537","NA","40010","LexicalDecision"
"No","509","1","Random","-50","experimental","0","1","Random","4","1","1","m","trial","1080","1920","/Users/justina/Downloads/lexical_decision","23","1850","1900","1750","1550","0","1550","1600","397","111","111","1110","1111","legacy","xpyriment","1111","1111","m","509","0","20","50","50","50","50","50","50","50","ocsrotes","11","200","7584","NA","7678","NA","NA","NA","1722","14048","7675","41148","43285","43284","1787","43685","1795","7675","14048","NA","NA","NA","NA","NA","13313","44194","43685","NA","43284","LexicalDecision"
"No","568","1","Random","-50","experimental","0","1","Random","4","1","1","m","trial","1080","1920","/Users/justina/Downloads/lexical_decision","24","1850","1900","1750","1500","0","1500","1550","449","111","111","1110","1111","legacy","xpyriment","1111","1111","m","568","0","20","50","50","50","50","50","50","50","truegjes","11","200","7584","NA","7678","NA","NA","NA","1722","14048","7675","41148","44309","44308","1787","44762","1795","7675","14048","NA","NA","NA","NA","NA","13313","45331","44762","NA","44308","LexicalDecision"
"No","611","1","HF","-50","experimental","0","1","HF","1","1","1","n","trial","1080","1920","/Users/justina/Downloads/lexical_decision","25","1800","1900","1750","1500","0","1800","1850","416","1111","111","1110","1111","legacy","xpyriment","1111","111","n","611","0","20","50","50","50","50","50","50","50","gevoeld","11","200","7584","NA","7678","NA","NA","NA","1722","14048","7675","41148","45446","45445","1787","45866","1795","7675","14048","NA","NA","NA","NA","NA","13313","46478","45865","NA","45445","LexicalDecision"
"No","579","1","HF","-50","experimental","0","1","HF","1","1","1","n","trial","1080","1920","/Users/justina/Downloads/lexical_decision","26","1750","1900","1750","1500","0","1750","1800","557","1111","111","1110","1111","legacy","xpyriment","1111","1111","n","579","0","20","50","50","50","50","50","50","50","dankbaar","11","200","7584","NA","7678","NA","NA","NA","1722","14048","7675","41148","46594","46593","1787","47155","1795","7675","14048","NA","NA","NA","NA","NA","13313","47735","47155","NA","46593","LexicalDecision"
"No","791","1","LF","-50","experimental","0","1","LF","2","1","1","n","trial","1080","1920","/Users/justina/Downloads/lexical_decision","27","1750","1850","1750","1500","0","1850","1900","468","1111","1111","1110","1111","legacy","xpyriment","1111","111","n","791","0","20","50","50","50","50","50","50","50","hoepels","11","200","7584","NA","7678","NA","NA","NA","1722","14048","7675","41148","47851","47850","1787","48323","1795","7675","14048","NA","NA","NA","NA","NA","13313","49115","48323","NA","47850","LexicalDecision"
"No","598","1","Pseudo","-50","experimental","0","1","Pseudo","3","1","1","m","trial","1080","1920","/Users/justina/Downloads/lexical_decision","28","1750","1850","1700","1500","0","1700","1750","591","1111","1111","1101","1111","legacy","xpyriment","1101","1110","m","598","0","20","50","50","50","50","50","50","50","hege","11","200","7584","NA","7678","NA","NA","NA","1722","14048","7675","41148","49233","49232","1787","49827","1795","7675","14048","NA","NA","NA","NA","NA","13313","50426","49827","NA","49232","LexicalDecision"
"No","721","1","Pseudo","-50","experimental","0","1","Pseudo","3","1","1","m","trial","1080","1920","/Users/justina/Downloads/lexical_decision","29","1750","1850","1650","1500","0","1650","1700","561","1111","1111","1011","1111","legacy","xpyriment","1011","1101","m","721","0","20","50","50","50","50","50","50","50","vliepen","11","200","7584","NA","7678","NA","NA","NA","1722","14048","7675","41148","50542","50541","1787","51106","1795","7675","14048","NA","NA","NA","NA","NA","13313","51828","51106","NA","50541","LexicalDecision"
"No","500","1","Random","-50","experimental","0","1","Random","4","1","1","m","trial","1080","1920","/Users/justina/Downloads/lexical_decision","30","1750","1850","1650","1450","0","1450","1500","481","1111","1111","1011","1111","legacy","xpyriment","1111","1111","m","500","0","20","50","50","50","50","50","50","50","eesewsj","11","200","7584","NA","7678","NA","NA","NA","1722","14048","7675","41148","51947","51946","1787","52432","1795","7675","14048","NA","NA","NA","NA","NA","13313","52933","52432","NA","51946","LexicalDecision"
"No","458","1","Random","-50","experimental","0","1","Random","4","1","1","m","trial","1080","1920","/Users/justina/Downloads/lexical_decision","31","1750","1850","1650","1400","0","1400","1450","410","1111","1111","1011","1111","legacy","xpyriment","1111","1111","m","458","0","20","50","50","50","50","50","50","50","ryu'js","11","200","7584","NA","7678","NA","NA","NA","1722","14048","7675","41148","53049","53048","1787","53463","1795","7675","14048","NA","NA","NA","NA","NA","13313","53922","53463","NA","53048","LexicalDecision"
"No","572","0","Pseudo","50","experimental","0","1","Pseudo","3","0","0","m","trial","1080","1920","/Users/justina/Downloads/lexical_decision","32","1750","1850","1700","1400","0","1700","1650","516","1111","1111","110","1111","legacy","xpyriment","0110","1011","n","572","0","20","50","50","50","50","50","50","50","voekt","11","200","7584","NA","7678","NA","NA","NA","1722","14048","7675","55159","54037","54036","1787","54558","1795","7675","14048","NA","NA","NA","NA","NA","13313","55131","54557","NA","54036","LexicalDecision"
"No","648","1","LF","-50","experimental","0","1","LF","2","1","1","n","trial","1080","1920","/Users/justina/Downloads/lexical_decision","33","1750","1800","1700","1400","0","1800","1850","503","1111","1111","110","1111","legacy","xpyriment","1111","1111","n","648","0","20","50","50","50","50","50","50","50","stekkers","11","200","7584","NA","7678","NA","NA","NA","1722","14048","7675","55159","57302","57301","1787","57809","1795","7675","14048","NA","NA","NA","NA","NA","13313","58458","57808","NA","57301","LexicalDecision"
"No","542","1","HF","-50","experimental","0","1","HF","1","1","1","n","trial","1080","1920","/Users/justina/Downloads/lexical_decision","34","1700","1800","1700","1400","0","1700","1750","397","1111","1111","110","1111","legacy","xpyriment","1111","1111","n","542","0","20","50","50","50","50","50","50","50","buren","11","200","7584","NA","7678","NA","NA","NA","1722","14048","7675","55159","58574","58573","1787","58973","1795","7675","14048","NA","NA","NA","NA","NA","13313","59516","58973","NA","58573","LexicalDecision"
"No","499","1","HF","-50","experimental","0","1","HF","1","1","1","n","trial","1080","1920","/Users/justina/Downloads/lexical_decision","35","1650","1800","1700","1400","0","1650","1700","571","1111","1111","110","1111","legacy","xpyriment","1111","1111","n","499","0","20","50","50","50","50","50","50","50","voelen","11","200","7584","NA","7678","NA","NA","NA","1722","14048","7675","55159","59634","59633","1787","60209","1795","7675","14048","NA","NA","NA","NA","NA","13313","60709","60208","NA","59633","LexicalDecision"
"No","468","1","Pseudo","-50","experimental","0","1","Pseudo","3","1","1","m","trial","1080","1920","/Users/justina/Downloads/lexical_decision","36","1650","1800","1650","1400","0","1650","1700","484","1111","1111","1101","1111","legacy","xpyriment","1101","110","m","468","0","20","50","50","50","50","50","50","50","liende","11","200","7584","NA","7678","NA","NA","NA","1722","14048","7675","55159","60825","60824","1787","61311","1795","7675","14048","NA","NA","NA","NA","NA","13313","61779","61311","NA","60824","LexicalDecision"
"No","500","1","Pseudo","-50","experimental","0","1","Pseudo","3","1","1","m","trial","1080","1920","/Users/justina/Downloads/lexical_decision","37","1650","1800","1600","1400","0","1600","1650","401","1111","1111","1011","1111","legacy","xpyriment","1011","1101","m","500","0","20","50","50","50","50","50","50","50","breeg","11","200","7584","NA","7678","NA","NA","NA","1722","14048","7675","55159","61895","61894","1787","62300","1795","7675","14048","NA","NA","NA","NA","NA","13313","62800","62299","NA","61894","LexicalDecision"
"No","676","0","LF","50","experimental","0","1","LF","2","0","0","n","trial","1080","1920","/Users/justina/Downloads/lexical_decision","38","1650","1850","1600","1400","0","1850","1800","520","1111","1110","1011","1111","legacy","xpyriment","1110","1111","m","676","0","20","50","50","50","50","50","50","50","trol","11","200","7584","NA","7678","NA","NA","NA","1722","14048","7675","64144","62915","62914","1787","63438","1795","7675","14048","NA","NA","NA","NA","NA","13313","64114","63438","NA","62914","LexicalDecision"
"No","582","1","Random","-50","experimental","0","1","Random","4","1","1","m","trial","1080","1920","/Users/justina/Downloads/lexical_decision","39","1650","1850","1600","1350","0","1350","1400","459","1111","1110","1011","1111","legacy","xpyriment","1111","1111","m","582","0","20","50","50","50","50","50","50","50","idnseelz","11","200","7584","NA","7678","NA","NA","NA","1722","14048","7675","64144","66282","66281","1787","66744","1795","7675","14048","NA","NA","NA","NA","NA","13313","67326","66744","NA","66281","LexicalDecision"
"No","505","1","Random","-50","experimental","0","1","Random","4","1","1","m","trial","1080","1920","/Users/justina/Downloads/lexical_decision","40","1650","1850","1600","1300","0","1300","1350","461","1111","1110","1011","1111","legacy","xpyriment","1111","1111","m","505","0","20","50","50","50","50","50","50","50","ekjcat","11","200","7584","NA","7678","NA","NA","NA","1722","14048","7675","64144","67442","67441","1787","67906","1795","7675","14048","NA","NA","NA","NA","NA","13313","68412","67905","NA","67440","LexicalDecision"
"No","458","1","Random","-50","experimental","0","1","Random","4","1","1","m","trial","1080","1920","/Users/justina/Downloads/lexical_decision","41","1650","1850","1600","1250","0","1250","1300","447","1111","1110","1011","1111","legacy","xpyriment","1111","1111","m","458","0","20","50","50","50","50","50","50","50","eujtds","11","200","7584","NA","7678","NA","NA","NA","1722","14048","7675","64144","68526","68526","1787","68978","1795","7675","14048","NA","NA","NA","NA","NA","13313","69437","68977","NA","68525","LexicalDecision"
"No","514","1","Random","-50","experimental","0","1","Random","4","1","1","m","trial","1080","1920","/Users/justina/Downloads/lexical_decision","42","1650","1850","1600","1200","0","1200","1250","434","1111","1110","1011","1111","legacy","xpyriment","1111","1111","m","514","0","20","50","50","50","50","50","50","50","eerjtlku","11","200","7584","NA","7678","NA","NA","NA","1722","14048","7675","64144","69551","69550","1787","69990","1795","7675","14048","NA","NA","NA","NA","NA","13313","70504","69990","NA","69550","LexicalDecision"
"No","438","1","Random","-50","experimental","0","1","Random","4","1","1","m","trial","1080","1920","/Users/justina/Downloads/lexical_decision","43","1650","1850","1600","1150","0","1150","1200","511","1111","1110","1011","1111","legacy","xpyriment","1111","1111","m","438","0","20","50","50","50","50","50","50","50","sau'al","11","200","7584","NA","7678","NA","NA","NA","1722","14048","7675","64144","70619","70618","1787","71133","1795","7675","14048","NA","NA","NA","NA","NA","13313","71571","71133","NA","70618","LexicalDecision"
"No","413","1","Pseudo","-50","experimental","0","1","Pseudo","3","1","1","m","trial","1080","1920","/Users/justina/Downloads/lexical_decision","44","1650","1850","1550","1150","0","1550","1600","514","1111","1110","111","1111","legacy","xpyriment","0111","1011","m","413","0","20","50","50","50","50","50","50","50","waarif","11","200","7584","NA","7678","NA","NA","NA","1722","14048","7675","64144","71688","71687","1787","72206","1795","7675","14048","NA","NA","NA","NA","NA","13313","72620","72205","NA","71687","LexicalDecision"
"No","584","1","LF","-50","experimental","0","1","LF","2","1","1","n","trial","1080","1920","/Users/justina/Downloads/lexical_decision","45","1650","1800","1550","1150","0","1800","1850","480","1111","1101","111","1111","legacy","xpyriment","1101","1110","n","584","0","20","50","50","50","50","50","50","50","pizza's","11","200","7584","NA","7678","NA","NA","NA","1722","14048","7675","64144","72737","72736","1787","73221","1795","7675","14048","NA","NA","NA","NA","NA","13313","73805","73221","NA","72736","LexicalDecision"
"No","514","1","Pseudo","-50","experimental","0","1","Pseudo","3","1","1","m","trial","1080","1920","/Users/justina/Downloads/lexical_decision","46","1650","1800","1500","1150","0","1500","1550","574","1111","1101","1111","1111","legacy","xpyriment","1111","111","m","514","0","20","50","50","50","50","50","50","50","coudt","11","200","7584","NA","7678","NA","NA","NA","1722","14048","7675","64144","73922","73921","1787","74498","1795","7675","14048","NA","NA","NA","NA","NA","13313","75012","74498","NA","73921","LexicalDecision"
"No","506","1","Random","-50","experimental","0","1","Random","4","1","1","m","trial","1080","1920","/Users/justina/Downloads/lexical_decision","47","1650","1800","1500","1100","0","1100","1150","396","1111","1101","1111","1111","legacy","xpyriment","1111","1111","m","506","0","20","50","50","50","50","50","50","50","tespja","11","200","7584","NA","7678","NA","NA","NA","1722","14048","7675","64144","75128","75127","1787","75528","1795","7675","14048","NA","NA","NA","NA","NA","13313","76035","75528","NA","75127","LexicalDecision"
"No","447","1","Random","-50","experimental","0","1","Random","4","1","1","m","trial","1080","1920","/Users/justina/Downloads/lexical_decision","48","1650","1800","1500","1050","0","1050","1100","492","1111","1101","1111","1111","legacy","xpyriment","1111","1111","m","447","0","20","50","50","50","50","50","50","50","tntijere","11","200","7584","NA","7678","NA","NA","NA","1722","14048","7675","64144","76150","76149","1787","76646","1795","7675","14048","NA","NA","NA","NA","NA","13313","77094","76646","NA","76149","LexicalDecision"
"No","622","1","Pseudo","-50","experimental","0","1","Pseudo","3","1","1","m","trial","1080","1920","/Users/justina/Downloads/lexical_decision","49","1650","1800","1450","1050","0","1450","1500","498","1111","1101","1111","1111","legacy","xpyriment","1111","1111","m","622","0","20","50","50","50","50","50","50","50","mevel","11","200","7584","NA","7678","NA","NA","NA","1722","14048","7675","64144","77209","77208","1787","77709","1795","7675","14048","NA","NA","NA","NA","NA","13313","78332","77709","NA","77208","LexicalDecision"
"No","660","1","HF","-50","experimental","0","1","HF","1","1","1","n","trial","1080","1920","/Users/justina/Downloads/lexical_decision","50","1600","1800","1450","1050","0","1600","1650","452","1111","1101","1111","1111","legacy","xpyriment","1111","1111","n","660","0","20","50","50","50","50","50","50","50","flink","11","200","7584","NA","7678","NA","NA","NA","1722","14048","7675","64144","78447","78446","1787","78901","1795","7675","14048","NA","NA","NA","NA","NA","13313","79562","78901","NA","78446","LexicalDecision"
"No","556","1","LF","-50","experimental","0","1","LF","2","1","1","n","trial","1080","1920","/Users/justina/Downloads/lexical_decision","51","1600","1750","1450","1050","0","1750","1800","518","1111","1011","1111","1111","legacy","xpyriment","1011","1101","n","556","0","20","50","50","50","50","50","50","50","motto's","11","200","7584","NA","7678","NA","NA","NA","1722","14048","7675","64144","79679","79679","1787","80200","1795","7675","14048","NA","NA","NA","NA","NA","13313","80756","80200","NA","79678","LexicalDecision"
"No","852","0","Pseudo","50","experimental","0","1","Pseudo","3","0","0","m","trial","1080","1920","/Users/justina/Downloads/lexical_decision","52","1600","1750","1500","1050","0","1500","1450","524","1111","1011","1110","1111","legacy","xpyriment","1110","1111","n","852","0","20","50","50","50","50","50","50","50","meukje","11","200","7584","NA","7678","NA","NA","NA","1722","14048","7675","82281","80872","80871","1787","81400","1795","7675","14048","NA","NA","NA","NA","NA","13313","82252","81399","NA","80871","LexicalDecision"
"No","486","1","HF","-50","experimental","0","1","HF","1","1","1","n","trial","1080","1920","/Users/justina/Downloads/lexical_decision","53","1550","1750","1500","1050","0","1550","1600","428","1111","1011","1110","1111","legacy","xpyriment","1111","1111","n","486","0","20","50","50","50","50","50","50","50","vullen","11","200","7584","NA","7678","NA","NA","NA","1722","14048","7675","82281","84418","84417","1787","84848","1795","7675","14048","NA","NA","NA","NA","NA","13313","85335","84848","NA","84417","LexicalDecision"
"No","526","1","LF","-50","experimental","0","1","LF","2","1","1","n","trial","1080","1920","/Users/justina/Downloads/lexical_decision","54","1550","1700","1500","1050","0","1700","1750","459","1111","111","1110","1111","legacy","xpyriment","0111","1011","n","526","0","20","50","50","50","50","50","50","50","walnoot","11","200","7584","NA","7678","NA","NA","NA","1722","14048","7675","82281","85452","85450","1787","85915","1795","7675","14048","NA","NA","NA","NA","NA","13313","86442","85915","NA","85450","LexicalDecision"
"No","589","1","HF","-50","experimental","0","1","HF","1","1","1","n","trial","1080","1920","/Users/justina/Downloads/lexical_decision","55","1500","1700","1500","1050","0","1500","1550","512","1111","111","1110","1111","legacy","xpyriment","1111","1111","n","589","0","20","50","50","50","50","50","50","50","bleek","11","200","7584","NA","7678","NA","NA","NA","1722","14048","7675","82281","86557","86556","1787","87072","1795","7675","14048","NA","NA","NA","NA","NA","13313","87662","87072","NA","86556","LexicalDecision"
"No","623","1","Pseudo","-50","experimental","0","1","Pseudo","3","1","1","m","trial","1080","1920","/Users/justina/Downloads/lexical_decision","56","1500","1700","1450","1050","0","1450","1500","467","1111","111","1101","1111","legacy","xpyriment","1101","1110","m","623","0","20","50","50","50","50","50","50","50","brang","11","200","7584","NA","7678","NA","NA","NA","1722","14048","7675","82281","87778","87777","1787","88247","1795","7675","14048","NA","NA","NA","NA","NA","13313","88870","88247","NA","87777","LexicalDecision"
"No","751","1","Pseudo","-50","experimental","0","1","Pseudo","3","1","1","m","trial","1080","1920","/Users/justina/Downloads/lexical_decision","57","1500","1700","1400","1050","0","1400","1450","562","1111","111","1011","1111","legacy","xpyriment","1011","1101","m","751","0","20","50","50","50","50","50","50","50","brechtig","11","200","7584","NA","7678","NA","NA","NA","1722","14048","7675","82281","88987","88986","1787","89551","1795","7675","14048","NA","NA","NA","NA","NA","13313","90303","89550","NA","88986","LexicalDecision"
"No","504","1","Random","-50","experimental","0","1","Random","4","1","1","m","trial","1080","1920","/Users/justina/Downloads/lexical_decision","58","1500","1700","1400","1000","0","1000","1050","402","1111","111","1011","1111","legacy","xpyriment","1111","1111","m","504","0","20","50","50","50","50","50","50","50","ueedjnts","11","200","7584","NA","7678","NA","NA","NA","1722","14048","7675","82281","90421","90420","1787","90826","1795","7675","14048","NA","NA","NA","NA","NA","13313","91331","90826","NA","90420","LexicalDecision"
"No","447","1","Random","-50","experimental","0","1","Random","4","1","1","m","trial","1080","1920","/Users/justina/Downloads/lexical_decision","59","1500","1700","1400","950","0","950","1000","577","1111","111","1011","1111","legacy","xpyriment","1111","1111","m","447","0","20","50","50","50","50","50","50","50","nhtsi","11","200","7584","NA","7678","NA","NA","NA","1722","14048","7675","82281","91447","91446","1787","92027","1795","7675","14048","NA","NA","NA","NA","NA","13313","92475","92027","NA","91446","LexicalDecision"
"No","501","0","Pseudo","50","experimental","0","1","Pseudo","3","0","0","m","trial","1080","1920","/Users/justina/Downloads/lexical_decision","60","1500","1700","1450","950","0","1450","1400","469","1111","111","110","1111","legacy","xpyriment","0110","1011","n","501","0","20","50","50","50","50","50","50","50","noeken","11","200","7584","NA","7678","NA","NA","NA","1722","14048","7675","93614","92607","92606","1787","93081","1795","7675","14048","NA","NA","NA","NA","NA","13313","93583","93081","NA","92606","LexicalDecision"
"No","625","1","LF","-50","experimental","0","1","LF","2","1","1","n","trial","1080","1920","/Users/justina/Downloads/lexical_decision","61","1500","1650","1450","950","0","1650","1700","490","1111","1111","110","1111","legacy","xpyriment","1111","111","n","625","0","20","50","50","50","50","50","50","50","sportlui","11","200","7584","NA","7678","NA","NA","NA","1722","14048","7675","93614","95757","95756","1787","96249","1795","7675","14048","NA","NA","NA","NA","NA","13313","96875","96248","NA","95756","LexicalDecision"
"No","570","1","Pseudo","-50","experimental","0","1","Pseudo","3","1","1","m","trial","1080","1920","/Users/justina/Downloads/lexical_decision","62","1500","1650","1400","950","0","1400","1450","581","1111","1111","1101","1111","legacy","xpyriment","1101","110","m","570","0","20","50","50","50","50","50","50","50","deider","11","200","7584","NA","7678","NA","NA","NA","1722","14048","7675","93614","96990","96989","1787","97574","1795","7675","14048","NA","NA","NA","NA","NA","13313","98145","97574","NA","96989","LexicalDecision"
"No","588","1","LF","-50","experimental","0","1","LF","2","1","1","n","trial","1080","1920","/Users/justina/Downloads/lexical_decision","63","1500","1600","1400","950","0","1600","1650","590","1111","1111","1101","1111","legacy","xpyriment","1111","1111","n","588","0","20","50","50","50","50","50","50","50","framboos","11","200","7584","NA","7678","NA","NA","NA","1722","14048","7675","93614","98262","98261","1787","98856","1795","7675","14048","NA","NA","NA","NA","NA","13313","99445","98856","NA","98261","LexicalDecision"
"No","645","1","LF","-50","experimental","0","1","LF","2","1","1","n","trial","1080","1920","/Users/justina/Downloads/lexical_decision","64","1500","1550","1400","950","0","1550","1600","485","1111","1111","1101","1111","legacy","xpyriment","1111","1111","n","645","0","20","50","50","50","50","50","50","50","soja","11","200","7584","NA","7678","NA","NA","NA","1722","14048","7675","93614","99560","99559","1787","100049","1795","7675","14048","NA","NA","NA","NA","NA","13313","100694","100048","NA","99559","LexicalDecision"
"No","486","1","Random","-50","experimental","0","1","Random","4","1","1","m","trial","1080","1920","/Users/justina/Downloads/lexical_decision","65","1500","1550","1400","900","0","900","950","557","1111","1111","1101","1111","legacy","xpyriment","1111","1111","m","486","0","20","50","50","50","50","50","50","50","lso'os","11","200","7584","NA","7678","NA","NA","NA","1722","14048","7675","93614","100810","100809","1787","101370","1795","7675","14048","NA","NA","NA","NA","NA","13313","101856","101370","NA","100809","LexicalDecision"
"No","778","1","HF","-50","experimental","0","1","HF","1","1","1","n","trial","1080","1920","/Users/justina/Downloads/lexical_decision","66","1450","1550","1400","900","0","1450","1500","400","1111","1111","1101","1111","legacy","xpyriment","1111","1111","n","778","0","20","50","50","50","50","50","50","50","gebied","11","200","7584","NA","7678","NA","NA","NA","1722","14048","7675","93614","101972","101971","1787","102375","1795","7675","14048","NA","NA","NA","NA","NA","13313","103154","102375","NA","101971","LexicalDecision"
"No","513","1","HF","-50","experimental","0","1","HF","1","1","1","n","trial","1080","1920","/Users/justina/Downloads/lexical_decision","67","1400","1550","1400","900","0","1400","1450","423","1111","1111","1101","1111","legacy","xpyriment","1111","1111","n","513","0","20","50","50","50","50","50","50","50","lawaai","11","200","7584","NA","7678","NA","NA","NA","1722","14048","7675","93614","103270","103269","1787","103696","1795","7675","14048","NA","NA","NA","NA","NA","13313","104209","103696","NA","103269","LexicalDecision"
"No","474","1","HF","-50","experimental","0","1","HF","1","1","1","n","trial","1080","1920","/Users/justina/Downloads/lexical_decision","68","1350","1550","1400","900","0","1350","1400","407","1111","1111","1101","1111","legacy","xpyriment","1111","1111","n","474","0","20","50","50","50","50","50","50","50","trouwens","11","200","7584","NA","7678","NA","NA","NA","1722","14048","7675","93614","104325","104324","1787","104734","1795","7675","14048","NA","NA","NA","NA","NA","13313","105208","104734","NA","104324","LexicalDecision"
"No","559","1","Pseudo","-50","experimental","0","1","Pseudo","3","1","1","m","trial","1080","1920","/Users/justina/Downloads/lexical_decision","69","1350","1550","1350","900","0","1350","1400","477","1111","1111","1011","1111","legacy","xpyriment","1011","1101","m","559","0","20","50","50","50","50","50","50","50","vrijl","11","200","7584","NA","7678","NA","NA","NA","1722","14048","7675","93614","105322","105321","1787","105802","1795","7675","14048","NA","NA","NA","NA","NA","13313","106361","105802","NA","105321","LexicalDecision"
"No","567","0","LF","50","experimental","0","1","LF","2","0","0","n","trial","1080","1920","/Users/justina/Downloads/lexical_decision","70","1350","1600","1350","900","0","1600","1550","570","1111","1110","1011","1111","legacy","xpyriment","1110","1111","m","567","0","20","50","50","50","50","50","50","50","eisers","11","200","7584","NA","7678","NA","NA","NA","1722","14048","7675","107646","106477","106476","1787","107050","1795","7675","14048","NA","NA","NA","NA","NA","13313","107617","107050","NA","106475","LexicalDecision"
"No","851","1","Pseudo","-50","experimental","0","1","Pseudo","3","1","1","m","trial","1080","1920","/Users/justina/Downloads/lexical_decision","71","1350","1600","1300","900","0","1300","1350","472","1111","1110","111","1111","legacy","xpyriment","0111","1011","m","851","0","20","50","50","50","50","50","50","50","faarden","11","200","7584","NA","7678","NA","NA","NA","1722","14048","7675","107646","109789","109788","1787","110263","1795","7675","14048","NA","NA","NA","NA","NA","13313","111115","110262","NA","109788","LexicalDecision"
"No","529","1","HF","-50","experimental","0","1","HF","1","1","1","n","trial","1080","1920","/Users/justina/Downloads/lexical_decision","72","1300","1600","1300","900","0","1300","1350","434","1111","1110","111","1111","legacy","xpyriment","1111","1111","n","529","0","20","50","50","50","50","50","50","50","alsof","11","200","7584","NA","7678","NA","NA","NA","1722","14048","7675","107646","111232","111231","1787","111670","1795","7675","14048","NA","NA","NA","NA","NA","13313","112199","111670","NA","111231","LexicalDecision"
"No","642","1","LF","-50","experimental","0","1","LF","2","1","1","n","trial","1080","1920","/Users/justina/Downloads/lexical_decision","73","1300","1550","1300","900","0","1550","1600","508","1111","1101","111","1111","legacy","xpyriment","1101","1110","n","642","0","20","50","50","50","50","50","50","50","soepbord","11","200","7584","NA","7678","NA","NA","NA","1722","14048","7675","107646","112314","112313","1787","112825","1795","7675","14048","NA","NA","NA","NA","NA","13313","113468","112825","NA","112313","LexicalDecision"
"No","475","1","LF","-50","experimental","0","1","LF","2","1","1","n","trial","1080","1920","/Users/justina/Downloads/lexical_decision","74","1300","1500","1300","900","0","1500","1550","586","1111","1011","111","1111","legacy","xpyriment","1011","1101","n","475","0","20","50","50","50","50","50","50","50","vliesjes","11","200","7584","NA","7678","NA","NA","NA","1722","14048","7675","107646","113585","113584","1787","114173","1795","7675","14048","NA","NA","NA","NA","NA","13313","114649","114173","NA","113584","LexicalDecision"
"No","616","1","HF","-50","experimental","0","1","HF","1","1","1","n","trial","1080","1920","/Users/justina/Downloads/lexical_decision","75","1250","1500","1300","900","0","1250","1300","441","1111","1011","111","1111","legacy","xpyriment","1111","1111","n","616","0","20","50","50","50","50","50","50","50","feest","11","200","7584","NA","7678","NA","NA","NA","1722","14048","7675","107646","114764","114763","1787","115207","1795","7675","14048","NA","NA","NA","NA","NA","13313","115824","115207","NA","114763","LexicalDecision"
"No","528","1","Random","-50","experimental","0","1","Random","4","1","1","m","trial","1080","1920","/Users/justina/Downloads/lexical_decision","76","1250","1500","1300","850","0","850","900","422","1111","1011","111","1111","legacy","xpyriment","1111","1111","m","528","0","20","50","50","50","50","50","50","50","rudtmsel","11","200","7584","NA","7678","NA","NA","NA","1722","14048","7675","107646","115940","115939","1787","116365","1795","7675","14048","NA","NA","NA","NA","NA","13313","116893","116365","NA","115939","LexicalDecision"
"No","511","1","HF","-50","experimental","0","1","HF","1","1","1","n","trial","1080","1920","/Users/justina/Downloads/lexical_decision","77","1200","1500","1300","850","0","1200","1250","517","1111","1011","111","1111","legacy","xpyriment","1111","1111","n","511","0","20","50","50","50","50","50","50","50","meestal","11","200","7584","NA","7678","NA","NA","NA","1722","14048","7675","107646","117008","117008","1787","117529","1795","7675","14048","NA","NA","NA","NA","NA","13313","118040","117529","NA","117007","LexicalDecision"
"No","475","1","HF","-50","experimental","0","1","HF","1","1","1","n","trial","1080","1920","/Users/justina/Downloads/lexical_decision","78","1150","1500","1300","850","0","1150","1200","443","1111","1011","111","1111","legacy","xpyriment","1111","1111","n","475","0","20","50","50","50","50","50","50","50","ingang","11","200","7584","NA","7678","NA","NA","NA","1722","14048","7675","107646","118157","118156","1787","118602","1795","7675","14048","NA","NA","NA","NA","NA","13313","119077","118602","NA","118156","LexicalDecision"
"No","512","1","HF","-50","experimental","0","1","HF","1","1","1","n","trial","1080","1920","/Users/justina/Downloads/lexical_decision","79","1100","1500","1300","850","0","1100","1150","528","1111","1011","111","1111","legacy","xpyriment","1111","1111","n","512","0","20","50","50","50","50","50","50","50","gele","11","200","7584","NA","7678","NA","NA","NA","1722","14048","7675","107646","119194","119193","1787","119727","1795","7675","14048","NA","NA","NA","NA","NA","13313","120240","119727","NA","119193","LexicalDecision"
"No","429","1","LF","-50","experimental","0","1","LF","2","1","1","n","trial","1080","1920","/Users/justina/Downloads/lexical_decision","80","1100","1450","1300","850","0","1450","1500","555","1111","111","111","1111","legacy","xpyriment","0111","1011","n","429","0","20","50","50","50","50","50","50","50","struikje","11","200","7584","NA","7678","NA","NA","NA","1722","14048","7675","107646","120357","120356","1787","120916","1795","7675","14048","NA","NA","NA","NA","NA","13313","121346","120915","NA","120356","LexicalDecision"
"No","473","1","HF","-50","experimental","0","1","HF","1","1","1","n","trial","1080","1920","/Users/justina/Downloads/lexical_decision","81","1050","1450","1300","850","0","1050","1100","569","1111","111","111","1111","legacy","xpyriment","1111","1111","n","473","0","20","50","50","50","50","50","50","50","kalm","11","200","7584","NA","7678","NA","NA","NA","1722","14048","7675","107646","121462","121461","1787","122034","1795","7675","14048","NA","NA","NA","NA","NA","13313","122508","122034","NA","121460","LexicalDecision"
"No","399","1","HF","-50","experimental","0","1","HF","1","1","1","n","trial","1080","1920","/Users/justina/Downloads/lexical_decision","82","1000","1450","1300","850","0","1000","1050","586","1111","111","111","1111","legacy","xpyriment","1111","1111","n","399","0","20","50","50","50","50","50","50","50","schiet","11","200","7584","NA","7678","NA","NA","NA","1722","14048","7675","107646","122624","122623","1787","123213","1795","7675","14048","NA","NA","NA","NA","NA","13313","123613","123213","NA","122623","LexicalDecision"
"No","597","1","Random","-50","experimental","0","1","Random","4","1","1","m","trial","1080","1920","/Users/justina/Downloads/lexical_decision","83","1000","1450","1300","800","0","800","850","553","1111","111","111","1111","legacy","xpyriment","1111","1111","m","597","0","20","50","50","50","50","50","50","50","olpshee","11","200","7584","NA","7678","NA","NA","NA","1722","14048","7675","107646","123729","123728","1787","124286","1795","7675","14048","NA","NA","NA","NA","NA","13313","124884","124285","NA","123728","LexicalDecision"
"No","520","1","Pseudo","-50","experimental","0","1","Pseudo","3","1","1","m","trial","1080","1920","/Users/justina/Downloads/lexical_decision","84","1000","1450","1250","800","0","1250","1300","530","1111","111","1111","1111","legacy","xpyriment","1111","111","m","520","0","20","50","50","50","50","50","50","50","enes","11","200","7584","NA","7678","NA","NA","NA","1722","14048","7675","107646","125000","124999","1787","125533","1795","7675","14048","NA","NA","NA","NA","NA","13313","126054","125533","NA","124999","LexicalDecision"
"No","574","1","Pseudo","-50","experimental","0","1","Pseudo","3","1","1","m","trial","1080","1920","/Users/justina/Downloads/lexical_decision","85","1000","1450","1200","800","0","1200","1250","470","1111","111","1111","1111","legacy","xpyriment","1111","1111","m","574","0","20","50","50","50","50","50","50","50","stees","11","200","7584","NA","7678","NA","NA","NA","1722","14048","7675","107646","126170","126169","1787","126643","1795","7675","14048","NA","NA","NA","NA","NA","13313","127218","126642","NA","126169","LexicalDecision"
"No","586","0","LF","50","experimental","0","1","LF","2","0","0","n","trial","1080","1920","/Users/justina/Downloads/lexical_decision","86","1000","1500","1200","800","0","1500","1450","580","1111","1110","1111","1111","legacy","xpyriment","1110","111","m","586","0","20","50","50","50","50","50","50","50","beitels","11","200","7584","NA","7678","NA","NA","NA","1722","14048","7675","128535","127335","127334","1787","127919","1795","7675","14048","NA","NA","NA","NA","NA","13313","128506","127918","NA","127334","LexicalDecision"
"No","588","1","Pseudo","-50","experimental","0","1","Pseudo","3","1","1","m","trial","1080","1920","/Users/justina/Downloads/lexical_decision","87","1000","1500","1150","800","0","1150","1200","476","1111","1110","1111","1111","legacy","xpyriment","1111","1111","m","588","0","20","50","50","50","50","50","50","50","jecht","11","200","7584","NA","7678","NA","NA","NA","1722","14048","7675","128535","130669","130668","1787","131148","1795","7675","14048","NA","NA","NA","NA","NA","13313","131737","131148","NA","130668","LexicalDecision"
"No","515","1","LF","-50","experimental","0","1","LF","2","1","1","n","trial","1080","1920","/Users/justina/Downloads/lexical_decision","88","1000","1450","1150","800","0","1450","1500","556","1111","1101","1111","1111","legacy","xpyriment","1101","1110","n","515","0","20","50","50","50","50","50","50","50","accu's","11","200","7584","NA","7678","NA","NA","NA","1722","14048","7675","128535","131852","131851","1787","132412","1795","7675","14048","NA","NA","NA","NA","NA","13313","132928","132412","NA","131850","LexicalDecision"
"No","707","1","HF","-50","experimental","0","1","HF","1","1","1","n","trial","1080","1920","/Users/justina/Downloads/lexical_decision","89","950","1450","1150","800","0","950","1000","568","1111","1101","1111","1111","legacy","xpyriment","1111","1111","n","707","0","20","50","50","50","50","50","50","50","teveel","11","200","7584","NA","7678","NA","NA","NA","1722","14048","7675","128535","133045","133044","1787","133616","1795","7675","14048","NA","NA","NA","NA","NA","13313","134323","133616","NA","133043","LexicalDecision"
"No","767","1","Random","-50","experimental","0","1","Random","4","1","1","m","trial","1080","1920","/Users/justina/Downloads/lexical_decision","90","950","1450","1150","750","0","750","800","553","1111","1101","1111","1111","legacy","xpyriment","1111","1111","m","767","0","20","50","50","50","50","50","50","50","uijfeds","11","200","7584","NA","7678","NA","NA","NA","1722","14048","7675","128535","134440","134439","1787","134996","1795","7675","14048","NA","NA","NA","NA","NA","13313","135763","134996","NA","134439","LexicalDecision"
"No","643","1","LF","-50","experimental","0","1","LF","2","1","1","n","trial","1080","1920","/Users/justina/Downloads/lexical_decision","91","950","1400","1150","750","0","1400","1450","416","1111","1011","1111","1111","legacy","xpyriment","1011","1101","n","643","0","20","50","50","50","50","50","50","50","zeemeeuw","11","200","7584","NA","7678","NA","NA","NA","1722","14048","7675","128535","135882","135881","1787","136300","1795","7675","14048","NA","NA","NA","NA","NA","13313","136943","136300","NA","135881","LexicalDecision"
"No","559","1","LF","-50","experimental","0","1","LF","2","1","1","n","trial","1080","1920","/Users/justina/Downloads/lexical_decision","92","950","1350","1150","750","0","1350","1400","496","1111","111","1111","1111","legacy","xpyriment","0111","1011","n","559","0","20","50","50","50","50","50","50","50","sterktes","11","200","7584","NA","7678","NA","NA","NA","1722","14048","7675","128535","137060","137059","1787","137559","1795","7675","14048","NA","NA","NA","NA","NA","13313","138119","137559","NA","137059","LexicalDecision"
"No","598","1","HF","-50","experimental","0","1","HF","1","1","1","n","trial","1080","1920","/Users/justina/Downloads/lexical_decision","93","900","1350","1150","750","0","900","950","563","1111","111","1111","1111","legacy","xpyriment","1111","1111","n","598","0","20","50","50","50","50","50","50","50","boog","11","200","7584","NA","7678","NA","NA","NA","1722","14048","7675","128535","138235","138234","1787","138801","1795","7675","14048","NA","NA","NA","NA","NA","13313","139399","138801","NA","138234","LexicalDecision"
"No","682","1","Random","-50","experimental","0","1","Random","4","1","1","m","trial","1080","1920","/Users/justina/Downloads/lexical_decision","94","900","1350","1150","700","0","700","750","518","1111","111","1111","1111","legacy","xpyriment","1111","1111","m","682","0","20","50","50","50","50","50","50","50","crbesoh","11","200","7584","NA","7678","NA","NA","NA","1722","14048","7675","128535","139517","139516","1787","140038","1795","7675","14048","NA","NA","NA","NA","NA","13313","140720","140037","NA","139515","LexicalDecision"
"No","758","1","Pseudo","-50","experimental","0","1","Pseudo","3","1","1","m","trial","1080","1920","/Users/justina/Downloads/lexical_decision","95","900","1350","1100","700","0","1100","1150","414","1111","111","1111","1111","legacy","xpyriment","1111","1111","m","758","0","20","50","50","50","50","50","50","50","fipts","11","200","7584","NA","7678","NA","NA","NA","1722","14048","7675","128535","140837","140837","1787","141254","1795","7675","14048","NA","NA","NA","NA","NA","13313","142013","141254","NA","140836","LexicalDecision"
"No","536","1","Random","-50","experimental","0","1","Random","4","1","1","m","trial","1080","1920","/Users/justina/Downloads/lexical_decision","96","900","1350","1100","650","0","650","700","461","1111","111","1111","1111","legacy","xpyriment","1111","1111","m","536","0","20","50","50","50","50","50","50","50","simgkons","11","200","7584","NA","7678","NA","NA","NA","1722","14048","7675","128535","142130","142129","1787","142595","1795","7675","14048","NA","NA","NA","NA","NA","13313","143132","142595","NA","142129","LexicalDecision"
"No","621","1","Pseudo","-50","experimental","0","1","Pseudo","3","1","1","m","trial","1080","1920","/Users/justina/Downloads/lexical_decision","97","900","1350","1050","650","0","1050","1100","531","1111","111","1111","1111","legacy","xpyriment","1111","1111","m","621","0","20","50","50","50","50","50","50","50","belied","11","200","7584","NA","7678","NA","NA","NA","1722","14048","7675","128535","143249","143248","1787","143782","1795","7675","14048","NA","NA","NA","NA","NA","13313","144404","143782","NA","143248","LexicalDecision"
"No","746","0","Pseudo","50","experimental","0","1","Pseudo","3","0","0","m","trial","1080","1920","/Users/justina/Downloads/lexical_decision","98","900","1350","1100","650","0","1100","1050","402","1111","111","1110","1111","legacy","xpyriment","1110","1111","n","746","0","20","50","50","50","50","50","50","50","paak","11","200","7584","NA","7678","NA","NA","NA","1722","14048","7675","145701","144519","144518","1787","144925","1795","7675","14048","NA","NA","NA","NA","NA","13313","145672","144924","NA","144518","LexicalDecision"
"No","479","1","Random","-50","experimental","0","1","Random","4","1","1","m","trial","1080","1920","/Users/justina/Downloads/lexical_decision","99","900","1350","1100","600","0","600","650","514","1111","111","1110","1111","legacy","xpyriment","1111","1111","m","479","0","20","50","50","50","50","50","50","50","tseej","11","200","7584","NA","7678","NA","NA","NA","1722","14048","7675","145701","147839","147838","1787","148355","1795","7675","14048","NA","NA","NA","NA","NA","13313","148834","148355","NA","147838","LexicalDecision"
"No","600","0","Random","50","experimental","0","1","Random","4","0","0","m","trial","1080","1920","/Users/justina/Downloads/lexical_decision","100","900","1350","1100","650","0","650","600","529","1111","111","1110","1110","legacy","xpyriment","1110","1111","None","600","1","20","50","50","50","50","50","50","50","rseart","11","200","7584","NA","7678","NA","NA","NA","1722","14048","7675","150110","148949","148948","1787","149482","1795","7675","14048","NA","NA","NA","NA","NA","13313","150082","149481","NA","148948","LexicalDecision"
"No","512","1","HF","-50","experimental","0","1","HF","1","1","1","n","trial","1080","1920","/Users/justina/Downloads/lexical_decision","101","850","1350","1100","650","0","850","900","466","1111","111","1110","1110","legacy","xpyriment","1111","1111","n","512","0","20","50","50","50","50","50","50","50","zachtjes","11","200","7584","NA","7678","NA","NA","NA","1722","14048","7675","150110","152251","152250","1787","152719","1795","7675","14048","NA","NA","NA","NA","NA","13313","153232","152719","NA","152250","LexicalDecision"
"No","645","1","HF","-50","experimental","0","1","HF","1","1","1","n","trial","1080","1920","/Users/justina/Downloads/lexical_decision","102","800","1350","1100","650","0","800","850","417","1111","111","1110","1110","legacy","xpyriment","1111","1111","n","645","0","20","50","50","50","50","50","50","50","voortaan","11","200","7584","NA","7678","NA","NA","NA","1722","14048","7675","150110","153347","153346","1787","153768","1795","7675","14048","NA","NA","NA","NA","NA","13313","154414","153768","NA","153346","LexicalDecision"
"No","712","1","Pseudo","-50","experimental","0","1","Pseudo","3","1","1","m","trial","1080","1920","/Users/justina/Downloads/lexical_decision","103","800","1350","1050","650","0","1050","1100","540","1111","111","1101","1110","legacy","xpyriment","1101","1110","m","712","0","20","50","50","50","50","50","50","50","gedat","11","200","7584","NA","7678","NA","NA","NA","1722","14048","7675","150110","154529","154528","1787","155072","1795","7675","14048","NA","NA","NA","NA","NA","13313","155785","155072","NA","154528","LexicalDecision"
"No","487","1","LF","-50","experimental","0","1","LF","2","1","1","n","trial","1080","1920","/Users/justina/Downloads/lexical_decision","104","800","1300","1050","650","0","1300","1350","474","1111","1111","1101","1110","legacy","xpyriment","1111","111","n","487","0","20","50","50","50","50","50","50","50","laagjes","11","200","7584","NA","7678","NA","NA","NA","1722","14048","7675","150110","155901","155900","1787","156379","1795","7675","14048","NA","NA","NA","NA","NA","13313","156867","156378","NA","155900","LexicalDecision"
"No","471","1","Random","-50","experimental","0","1","Random","4","1","1","m","trial","1080","1920","/Users/justina/Downloads/lexical_decision","105","800","1300","1050","600","0","600","650","519","1111","1111","1101","1101","legacy","xpyriment","1101","1110","m","471","0","20","50","50","50","50","50","50","50","hbnakol","11","200","7584","NA","7678","NA","NA","NA","1722","14048","7675","150110","156983","156982","1787","157504","1795","7675","14048","NA","NA","NA","NA","NA","13313","157976","157504","NA","156982","LexicalDecision"
"No","545","1","Random","-50","experimental","0","1","Random","4","1","1","m","trial","1080","1920","/Users/justina/Downloads/lexical_decision","106","800","1300","1050","550","0","550","600","552","1111","1111","1101","1011","legacy","xpyriment","1011","1101","m","545","0","20","50","50","50","50","50","50","50","esjmse","11","200","7584","NA","7678","NA","NA","NA","1722","14048","7675","150110","158091","158090","1787","158647","1795","7675","14048","NA","NA","NA","NA","NA","13313","159192","158647","NA","158090","LexicalDecision"
"No","724","1","LF","-50","experimental","0","1","LF","2","1","1","n","trial","1080","1920","/Users/justina/Downloads/lexical_decision","107","800","1250","1050","550","0","1250","1300","440","1111","1111","1101","1011","legacy","xpyriment","1111","1111","n","724","0","20","50","50","50","50","50","50","50","knipsel","11","200","7584","NA","7678","NA","NA","NA","1722","14048","7675","150110","159309","159308","1787","159752","1795","7675","14048","NA","NA","NA","NA","NA","13313","160476","159752","NA","159308","LexicalDecision"
"No","766","1","HF","-50","experimental","0","1","HF","1","1","1","n","trial","1080","1920","/Users/justina/Downloads/lexical_decision","108","750","1250","1050","550","0","750","800","452","1111","1111","1101","1011","legacy","xpyriment","1111","1111","n","766","0","20","50","50","50","50","50","50","50","gestuurd","11","200","7584","NA","7678","NA","NA","NA","1722","14048","7675","150110","160593","160592","1787","161047","1795","7675","14048","NA","NA","NA","NA","NA","13313","161814","161047","NA","160592","LexicalDecision"
"No","478","1","Random","-50","experimental","0","1","Random","4","1","1","m","trial","1080","1920","/Users/justina/Downloads/lexical_decision","109","750","1250","1050","500","0","500","550","564","1111","1111","1101","111","legacy","xpyriment","0111","1011","m","478","0","20","50","50","50","50","50","50","50","egams","11","200","7584","NA","7678","NA","NA","NA","1722","14048","7675","150110","161931","161930","1787","162498","1795","7675","14048","NA","NA","NA","NA","NA","13313","162976","162498","NA","161930","LexicalDecision"
"No","568","1","LF","-50","experimental","0","1","LF","2","1","1","n","trial","1080","1920","/Users/justina/Downloads/lexical_decision","110","750","1200","1050","500","0","1200","1250","447","1111","1111","1101","111","legacy","xpyriment","1111","1111","n","568","0","20","50","50","50","50","50","50","50","roeier","11","200","7584","NA","7678","NA","NA","NA","1722","14048","7675","150110","163092","163091","1787","163543","1795","7675","14048","NA","NA","NA","NA","NA","13313","164111","163543","NA","163091","LexicalDecision"
"No","546","1","HF","-50","experimental","0","1","HF","1","1","1","n","trial","1080","1920","/Users/justina/Downloads/lexical_decision","111","700","1200","1050","500","0","700","750","435","1111","1111","1101","111","legacy","xpyriment","1111","1111","n","546","0","20","50","50","50","50","50","50","50","gunstig","11","200","7584","NA","7678","NA","NA","NA","1722","14048","7675","150110","164228","164227","1787","164666","1795","7675","14048","NA","NA","NA","NA","NA","13313","165213","164666","NA","164227","LexicalDecision"
"No","700","0","HF","50","experimental","0","1","HF","1","0","0","n","trial","1080","1920","/Users/justina/Downloads/lexical_decision","112","750","1200","1050","500","0","750","700","535","1110","1111","1101","111","legacy","xpyriment","1110","1111","None","700","1","20","50","50","50","50","50","50","50","bijeen","11","200","7584","NA","7678","NA","NA","NA","1722","14048","7675","166595","165329","165328","1787","165867","1795","7675","14048","NA","NA","NA","NA","NA","13313","166567","165867","NA","165328","LexicalDecision"
"No","447","1","LF","-50","experimental","0","1","LF","2","1","1","n","trial","1080","1920","/Users/justina/Downloads/lexical_decision","113","750","1150","1050","500","0","1150","1200","489","1110","1111","1101","111","legacy","xpyriment","1111","1111","n","447","0","20","50","50","50","50","50","50","50","labels","11","200","7584","NA","7678","NA","NA","NA","1722","14048","7675","166595","168740","168739","1787","169231","1795","7675","14048","NA","NA","NA","NA","NA","13313","169679","169231","NA","168739","LexicalDecision"
"No","681","1","HF","-50","experimental","0","1","HF","1","1","1","n","trial","1080","1920","/Users/justina/Downloads/lexical_decision","114","700","1150","1050","500","0","700","750","538","1101","1111","1101","111","legacy","xpyriment","1101","1110","n","681","0","20","50","50","50","50","50","50","50","been","11","200","7584","NA","7678","NA","NA","NA","1722","14048","7675","166595","169794","169793","1787","170335","1795","7675","14048","NA","NA","NA","NA","NA","13313","171017","170335","NA","169793","LexicalDecision"
"No","481","1","HF","-50","experimental","0","1","HF","1","1","1","n","trial","1080","1920","/Users/justina/Downloads/lexical_decision","115","650","1150","1050","500","0","650","700","395","1011","1111","1101","111","legacy","xpyriment","1011","1101","n","481","0","20","50","50","50","50","50","50","50","idee","11","200","7584","NA","7678","NA","NA","NA","1722","14048","7675","166595","171133","171132","1787","171530","1795","7675","14048","NA","NA","NA","NA","NA","13313","172012","171530","NA","171132","LexicalDecision"
"No","650","0","HF","50","experimental","0","1","HF","1","0","0","n","trial","1080","1920","/Users/justina/Downloads/lexical_decision","116","700","1150","1050","500","0","700","650","460","110","1111","1101","111","legacy","xpyriment","0110","1011","None","650","1","20","50","50","50","50","50","50","50","geleid","11","200","7584","NA","7678","NA","NA","NA","1722","14048","7675","173270","172128","172127","1787","172592","1795","7675","14048","NA","NA","NA","NA","NA","13313","173242","172591","NA","172127","LexicalDecision"
"No","378","1","HF","-50","experimental","0","1","HF","1","1","1","n","trial","1080","1920","/Users/justina/Downloads/lexical_decision","117","650","1150","1050","500","0","650","700","424","1101","1111","1101","111","legacy","xpyriment","1101","110","n","378","0","20","50","50","50","50","50","50","50","anders","11","200","7584","NA","7678","NA","NA","NA","1722","14048","7675","173270","175408","175408","1787","175834","1795","7675","14048","NA","NA","NA","NA","NA","13313","176212","175834","NA","175408","LexicalDecision"
"No","392","0","LF","50","experimental","0","1","LF","2","0","0","n","trial","1080","1920","/Users/justina/Downloads/lexical_decision","118","650","1200","1050","500","0","1200","1150","573","1101","1110","1101","111","legacy","xpyriment","1110","1111","m","392","0","20","50","50","50","50","50","50","50","hoogtes","11","200","7584","NA","7678","NA","NA","NA","1722","14048","7675","177322","176327","176326","1787","176902","1795","7675","14048","NA","NA","NA","NA","NA","13313","177294","176902","NA","176326","LexicalDecision"
"No","595","1","LF","-50","experimental","0","1","LF","2","1","1","n","trial","1080","1920","/Users/justina/Downloads/lexical_decision","119","650","1150","1050","500","0","1150","1200","456","1101","1101","1101","111","legacy","xpyriment","1101","1110","n","595","0","20","50","50","50","50","50","50","50","lijkjes","11","200","7584","NA","7678","NA","NA","NA","1722","14048","7675","177322","179460","179459","1787","179919","1795","7675","14048","NA","NA","NA","NA","NA","13313","180514","179919","NA","179459","LexicalDecision"
"No","443","1","LF","-50","experimental","0","1","LF","2","1","1","n","trial","1080","1920","/Users/justina/Downloads/lexical_decision","120","650","1100","1050","500","0","1100","1150","585","1101","1011","1101","111","legacy","xpyriment","1011","1101","n","443","0","20","50","50","50","50","50","50","50","duo's","11","200","7584","NA","7678","NA","NA","NA","1722","14048","7675","177322","180629","180628","1787","181218","1795","7675","14048","NA","NA","NA","NA","NA","13313","181662","181218","NA","180628","LexicalDecision"
"No","511","0","LF","50","experimental","0","1","LF","2","0","0","n","trial","1080","1920","/Users/justina/Downloads/lexical_decision","121","650","1150","1050","500","0","1150","1100","431","1101","110","1101","111","legacy","xpyriment","0110","1011","m","511","0","20","50","50","50","50","50","50","50","meetlat","11","200","7584","NA","7678","NA","NA","NA","1722","14048","7675","182750","181778","181777","1787","182211","1795","7675","14048","NA","NA","NA","NA","NA","13313","182722","182211","NA","181777","LexicalDecision"
"No","452","1","LF","-50","experimental","0","1","LF","2","1","1","n","trial","1080","1920","/Users/justina/Downloads/lexical_decision","122","650","1100","1050","500","0","1100","1150","448","1101","1101","1101","111","legacy","xpyriment","1101","110","n","452","0","20","50","50","50","50","50","50","50","darmpje","11","200","7584","NA","7678","NA","NA","NA","1722","14048","7675","182750","184892","184891","1787","185342","1795","7675","14048","NA","NA","NA","NA","NA","13313","185795","185342","NA","184891","LexicalDecision"
"No","498","1","Pseudo","-50","experimental","0","1","Pseudo","3","1","1","m","trial","1080","1920","/Users/justina/Downloads/lexical_decision","123","650","1100","1000","500","0","1000","1050","454","1101","1101","1011","111","legacy","xpyriment","1011","1101","m","498","0","20","50","50","50","50","50","50","50","iend","11","200","7584","NA","7678","NA","NA","NA","1722","14048","7675","182750","185910","185909","1787","186367","1795","7675","14048","NA","NA","NA","NA","NA","13313","186865","186366","NA","185909","LexicalDecision"
"No","520","1","HF","-50","experimental","0","1","HF","1","1","1","n","trial","1080","1920","/Users/justina/Downloads/lexical_decision","124","600","1100","1000","500","0","600","650","477","1011","1101","1011","111","legacy","xpyriment","1011","1101","n","520","0","20","50","50","50","50","50","50","50","betrof","11","200","7584","NA","7678","NA","NA","NA","1722","14048","7675","182750","0","0","1787","187460","1795","7675","14048","NA","NA","NA","NA","NA","13313","187981","187460","NA","0","LexicalDecision"
"No","403","1","HF","-50","experimental","0","1","HF","1","1","1","n","trial","1080","1920","/Users/justina/Downloads/lexical_decision","125","550","1100","1000","500","0","550","600","399","111","1101","1011","111","legacy","xpyriment","0111","1011","n","403","0","20","50","50","50","50","50","50","50","dame","11","200","7584","NA","7678","NA","NA","NA","1722","14048","7675","182750","188096","188095","1787","188498","1795","7675","14048","NA","NA","NA","NA","NA","13313","188902","188498","NA","188095","LexicalDecision"
"No","519","0","Pseudo","50","experimental","0","1","Pseudo","3","0","0","m","trial","1080","1920","/Users/justina/Downloads/lexical_decision","126","550","1100","1050","500","0","1050","1000","563","111","1101","110","111","legacy","xpyriment","0110","1011","n","519","0","20","50","50","50","50","50","50","50","vergent","11","200","7584","NA","7678","NA","NA","NA","1722","14048","7675","190130","189016","189015","1787","189581","1795","7675","14048","NA","NA","NA","NA","NA","13313","190101","189581","NA","189015","LexicalDecision"
"No","545","1","LF","-50","experimental","0","1","LF","2","1","1","n","trial","1080","1920","/Users/justina/Downloads/lexical_decision","127","550","1050","1050","500","0","1050","1100","582","111","1011","110","111","legacy","xpyriment","1011","1101","n","545","0","20","50","50","50","50","50","50","50","sausjes","11","200","7584","NA","7678","NA","NA","NA","1722","14048","7675","190130","192268","192267","1787","192852","1795","7675","14048","NA","NA","NA","NA","NA","13313","193398","192851","NA","192267","LexicalDecision"
"No","547","1","LF","-50","experimental","0","1","LF","2","1","1","n","trial","1080","1920","/Users/justina/Downloads/lexical_decision","128","550","1000","1050","500","0","1000","1050","421","111","111","110","111","legacy","xpyriment","0111","1011","n","547","0","20","50","50","50","50","50","50","50","dadel","11","200","7584","NA","7678","NA","NA","NA","1722","14048","7675","190130","193513","193513","1787","193937","1795","7675","14048","NA","NA","NA","NA","NA","13313","194485","193937","NA","193512","LexicalDecision"
"No","558","1","Pseudo","-50","experimental","0","1","Pseudo","3","1","1","m","trial","1080","1920","/Users/justina/Downloads/lexical_decision","129","550","1000","1000","500","0","1000","1050","428","111","111","1101","111","legacy","xpyriment","1101","110","m","558","0","20","50","50","50","50","50","50","50","stup","11","200","7584","NA","7678","NA","NA","NA","1722","14048","7675","190130","194599","194598","1787","195029","1795","7675","14048","NA","NA","NA","NA","NA","13313","195588","195029","NA","194598","LexicalDecision"
"No","460","1","Random","-50","experimental","0","1","Random","4","1","1","m","trial","1080","1920","/Users/justina/Downloads/lexical_decision","130","550","1000","1000","450","0","450","500","425","111","111","1101","1111","legacy","xpyriment","1111","111","m","460","0","20","50","50","50","50","50","50","50","rgbuej","11","200","7584","NA","7678","NA","NA","NA","1722","14048","7675","190130","195703","195702","1787","196131","1795","7675","14048","NA","NA","NA","NA","NA","13313","196592","196131","NA","195702","LexicalDecision"
"No","550","1","LF","-50","experimental","0","1","LF","2","1","1","n","trial","1080","1920","/Users/justina/Downloads/lexical_decision","131","550","950","1000","450","0","950","1000","579","111","1111","1101","1111","legacy","xpyriment","1111","111","n","550","0","20","50","50","50","50","50","50","50","zaaltjes","11","200","7584","NA","7678","NA","NA","NA","1722","14048","7675","190130","196707","196706","1787","197290","1795","7675","14048","NA","NA","NA","NA","NA","13313","197840","197290","NA","196706","LexicalDecision"
"No","450","0","Random","50","experimental","0","1","Random","4","0","0","m","trial","1080","1920","/Users/justina/Downloads/lexical_decision","132","550","950","1000","500","0","500","450","512","111","1111","1101","1110","legacy","xpyriment","1110","1111","None","450","1","20","50","50","50","50","50","50","50","nstuts","11","200","7584","NA","7678","NA","NA","NA","1722","14048","7675","198950","197957","197955","1787","198471","1795","7675","14048","NA","NA","NA","NA","NA","13313","198921","198471","NA","197955","LexicalDecision"
"No","480","1","Random","-50","experimental","0","1","Random","4","1","1","m","trial","1080","1920","/Users/justina/Downloads/lexical_decision","133","550","950","1000","450","0","450","500","466","111","1111","1101","1101","legacy","xpyriment","1101","1110","m","480","0","20","50","50","50","50","50","50","50","kkrestes","11","200","7584","NA","7678","NA","NA","NA","1722","14048","7675","198950","201088","201087","1787","201556","1795","7675","14048","NA","NA","NA","NA","NA","13313","202037","201556","NA","201087","LexicalDecision"
"No","488","1","LF","-50","experimental","0","1","LF","2","1","1","n","trial","1080","1920","/Users/justina/Downloads/lexical_decision","134","550","900","1000","450","0","900","950","411","111","1111","1101","1101","legacy","xpyriment","1111","1111","n","488","0","20","50","50","50","50","50","50","50","kleurtje","11","200","7584","NA","7678","NA","NA","NA","1722","14048","7675","198950","202152","202151","1787","202566","1795","7675","14048","NA","NA","NA","NA","NA","13313","203054","202566","NA","202151","LexicalDecision"
"No","403","0","LF","50","experimental","0","1","LF","2","0","0","n","trial","1080","1920","/Users/justina/Downloads/lexical_decision","135","550","950","1000","450","0","950","900","553","111","1110","1101","1101","legacy","xpyriment","1110","1111","m","403","0","20","50","50","50","50","50","50","50","kloofjes","11","200","7584","NA","7678","NA","NA","NA","1722","14048","7675","204158","203170","203169","1787","203726","1795","7675","14048","NA","NA","NA","NA","NA","13313","204130","203726","NA","203169","LexicalDecision"
"No","512","1","HF","-50","experimental","0","1","HF","1","1","1","n","trial","1080","1920","/Users/justina/Downloads/lexical_decision","136","500","950","1000","450","0","500","550","504","1111","1110","1101","1101","legacy","xpyriment","1111","111","n","512","0","20","50","50","50","50","50","50","50","titel","11","200","7584","NA","7678","NA","NA","NA","1722","14048","7675","204158","206299","206298","1787","206806","1795","7675","14048","NA","NA","NA","NA","NA","13313","207319","206806","NA","206298","LexicalDecision"
"No","694","1","LF","-50","experimental","0","1","LF","2","1","1","n","trial","1080","1920","/Users/justina/Downloads/lexical_decision","137","500","900","1000","450","0","900","950","536","1111","1101","1101","1101","legacy","xpyriment","1101","1110","n","694","0","20","50","50","50","50","50","50","50","snobs","11","200","7584","NA","7678","NA","NA","NA","1722","14048","7675","204158","207439","207438","1787","207977","1795","7675","14048","NA","NA","NA","NA","NA","13313","208672","207977","NA","207437","LexicalDecision"
"No","540","1","Pseudo","-50","experimental","0","1","Pseudo","3","1","1","m","trial","1080","1920","/Users/justina/Downloads/lexical_decision","138","500","900","950","450","0","950","1000","506","1111","1101","1011","1101","legacy","xpyriment","1011","1101","m","540","0","20","50","50","50","50","50","50","50","kest","11","200","7584","NA","7678","NA","NA","NA","1722","14048","7675","204158","208788","208788","1787","209298","1795","7675","14048","NA","NA","NA","NA","NA","13313","209839","209298","NA","208787","LexicalDecision"
"No","428","1","LF","-50","experimental","0","1","LF","2","1","1","n","trial","1080","1920","/Users/justina/Downloads/lexical_decision","139","500","850","950","450","0","850","900","494","1111","1011","1011","1101","legacy","xpyriment","1011","1101","n","428","0","20","50","50","50","50","50","50","50","volkjes","11","200","7584","NA","7678","NA","NA","NA","1722","14048","7675","204158","209954","209953","1787","210452","1795","7675","14048","NA","NA","NA","NA","NA","13313","210881","210452","NA","209953","LexicalDecision"
"No","492","0","Pseudo","50","experimental","0","1","Pseudo","3","0","0","m","trial","1080","1920","/Users/justina/Downloads/lexical_decision","140","500","850","1000","450","0","1000","950","438","1111","1011","110","1101","legacy","xpyriment","0110","1011","n","492","0","20","50","50","50","50","50","50","50","boezier","11","200","7584","NA","7678","NA","NA","NA","1722","14048","7675","211958","210996","210996","1787","211438","1795","7675","14048","NA","NA","NA","NA","NA","13313","211931","211438","NA","210996","LexicalDecision"
"No","389","1","Random","-50","experimental","0","1","Random","4","1","1","m","trial","1080","1920","/Users/justina/Downloads/lexical_decision","141","500","850","1000","400","0","400","450","528","1111","1011","110","1011","legacy","xpyriment","1011","1101","m","389","0","20","50","50","50","50","50","50","50","ripenpt","11","200","7584","NA","7678","NA","NA","NA","1722","14048","7675","211958","214100","214099","1787","214631","1795","7675","14048","NA","NA","NA","NA","NA","13313","215021","214631","NA","214099","LexicalDecision"
"No","483","0","Pseudo","50","experimental","0","1","Pseudo","3","0","0","m","trial","1080","1920","/Users/justina/Downloads/lexical_decision","142","500","850","1050","400","0","1050","1000","580","1111","1011","1100","1011","legacy","xpyriment","1100","110","n","483","0","20","50","50","50","50","50","50","50","leept","11","200","7584","NA","7678","NA","NA","NA","1722","14048","7675","216231","215135","215134","1787","215719","1795","7675","14048","NA","NA","NA","NA","NA","13313","216202","215719","NA","215134","LexicalDecision"
"No","575","1","LF","-50","experimental","0","1","LF","2","1","1","n","trial","1080","1920","/Users/justina/Downloads/lexical_decision","143","500","800","1050","400","0","800","850","576","1111","111","1100","1011","legacy","xpyriment","0111","1011","n","575","0","20","50","50","50","50","50","50","50","shirts","11","200","7584","NA","7678","NA","NA","NA","1722","14048","7675","216231","218373","218372","1787","218952","1795","7675","14048","NA","NA","NA","NA","NA","13313","219528","218952","NA","218372","LexicalDecision"
"No","400","0","Random","50","experimental","0","1","Random","4","0","0","m","trial","1080","1920","/Users/justina/Downloads/lexical_decision","144","500","800","1050","450","0","450","400","416","1111","111","1100","110","legacy","xpyriment","0110","1011","None","400","1","20","50","50","50","50","50","50","50","rkoe","11","200","7584","NA","7678","NA","NA","NA","1722","14048","7675","220491","219645","219644","1787","220063","1795","7675","14048","NA","NA","NA","NA","NA","13313","220463","220063","NA","219643","LexicalDecision"
"No","282","1","HF","-50","experimental","0","1","HF","1","1","1","n","trial","1080","1920","/Users/justina/Downloads/lexical_decision","145","450","800","1050","450","0","450","500","542","1111","111","1100","110","legacy","xpyriment","1111","1111","n","282","0","20","50","50","50","50","50","50","50","zware","11","200","7584","NA","7678","NA","NA","NA","1722","14048","7675","220491","222634","222633","1787","223179","1795","7675","14048","NA","NA","NA","NA","NA","13313","223462","223179","NA","222633","LexicalDecision"
"No","427","1","Pseudo","-50","experimental","0","1","Pseudo","3","1","1","m","trial","1080","1920","/Users/justina/Downloads/lexical_decision","146","450","800","1000","450","0","1000","1050","410","1111","111","1001","110","legacy","xpyriment","1001","1100","m","427","0","20","50","50","50","50","50","50","50","alde","11","200","7584","NA","7678","NA","NA","NA","1722","14048","7675","220491","223578","223577","1787","223992","1795","7675","14048","NA","NA","NA","NA","NA","13313","224419","223992","NA","223577","LexicalDecision"
"No","609","1","Pseudo","-50","experimental","0","1","Pseudo","3","1","1","m","trial","1080","1920","/Users/justina/Downloads/lexical_decision","147","450","800","950","450","0","950","1000","565","1111","111","11","110","legacy","xpyriment","0011","1001","m","609","0","20","50","50","50","50","50","50","50","hensie","11","200","7584","NA","7678","NA","NA","NA","1722","14048","7675","220491","224535","224534","1787","225105","1795","7675","14048","NA","NA","NA","NA","NA","13313","225715","225105","NA","224534","LexicalDecision"
"No","467","1","Pseudo","-50","experimental","0","1","Pseudo","3","1","1","m","trial","1080","1920","/Users/justina/Downloads/lexical_decision","148","450","800","900","450","0","900","950","470","1111","111","111","110","legacy","xpyriment","111","11","m","467","0","20","50","50","50","50","50","50","50","sezen","11","200","7584","NA","7678","NA","NA","NA","1722","14048","7675","220491","225832","225831","1787","226306","1795","7675","14048","NA","NA","NA","NA","NA","13313","226774","226306","NA","225831","LexicalDecision"
"No","371","0","LF","50","experimental","0","1","LF","2","0","0","n","trial","1080","1920","/Users/justina/Downloads/lexical_decision","149","450","850","900","450","0","850","800","480","1111","1110","111","110","legacy","xpyriment","1110","111","m","371","0","20","50","50","50","50","50","50","50","cartoon","11","200","7584","NA","7678","NA","NA","NA","1722","14048","7675","227774","226890","226889","1787","227374","1795","7675","14048","NA","NA","NA","NA","NA","13313","227746","227374","NA","226889","LexicalDecision"
"No","450","0","HF","50","experimental","0","1","HF","1","0","0","n","trial","1080","1920","/Users/justina/Downloads/lexical_decision","150","500","850","900","450","0","500","450","442","1110","1110","111","110","legacy","xpyriment","1110","1111","None","450","1","20","50","50","50","50","50","50","50","schrik","11","200","7584","NA","7678","NA","NA","NA","1722","14048","7675","230834","229912","229911","1787","230356","1795","7675","14048","NA","NA","NA","NA","NA","13313","230806","230356","NA","229911","LexicalDecision"
"No","647","1","Pseudo","-50","experimental","0","1","Pseudo","3","1","1","m","trial","1080","1920","/Users/justina/Downloads/lexical_decision","151","500","850","850","450","0","850","900","427","1110","1110","1111","110","legacy","xpyriment","1111","111","m","647","0","20","50","50","50","50","50","50","50","melst","11","200","7584","NA","7678","NA","NA","NA","1722","14048","7675","230834","232976","232975","1787","233404","1795","7675","14048","NA","NA","NA","NA","NA","13313","234052","233404","NA","232975","LexicalDecision"
"No","386","0","HF","50","experimental","0","1","HF","1","0","0","n","trial","1080","1920","/Users/justina/Downloads/lexical_decision","152","550","850","850","450","0","550","500","558","1100","1110","1111","110","legacy","xpyriment","1100","1110","m","386","0","20","50","50","50","50","50","50","50","nabij","11","200","7584","NA","7678","NA","NA","NA","1722","14048","7675","235144","234167","234166","1787","234729","1795","7675","14048","NA","NA","NA","NA","NA","13313","235116","234729","NA","234166","LexicalDecision"
"No","550","0","HF","50","experimental","0","1","HF","1","0","0","n","trial","1080","1920","/Users/justina/Downloads/lexical_decision","153","600","850","850","450","0","600","550","499","1000","1110","1111","110","legacy","xpyriment","1000","1100","None","550","1","20","50","50","50","50","50","50","50","straten","11","200","7584","NA","7678","NA","NA","NA","1722","14048","7675","238358","237277","237276","1787","237779","1795","7675","14048","NA","NA","NA","NA","NA","13313","238329","237779","NA","237276","LexicalDecision"
"No","418","1","Pseudo","-50","experimental","0","1","Pseudo","3","1","1","m","trial","1080","1920","/Users/justina/Downloads/lexical_decision","154","600","850","800","450","0","800","850","481","1000","1110","1111","110","legacy","xpyriment","1111","1111","m","418","0","20","50","50","50","50","50","50","50","vanden","11","200","7584","NA","7678","NA","NA","NA","1722","14048","7675","238358","240503","240502","1787","240987","1795","7675","14048","NA","NA","NA","NA","NA","13313","241406","240987","NA","240502","LexicalDecision"
"No","430","1","Random","-50","experimental","0","1","Random","4","1","1","m","trial","1080","1920","/Users/justina/Downloads/lexical_decision","155","600","850","800","400","0","400","450","401","1000","1110","1111","1101","legacy","xpyriment","1101","110","m","430","0","20","50","50","50","50","50","50","50","o'mpaes","11","200","7584","NA","7678","NA","NA","NA","1722","14048","7675","238358","241521","241520","1787","241926","1795","7675","14048","NA","NA","NA","NA","NA","13313","242357","241926","NA","241520","LexicalDecision"
"No","469","1","Pseudo","-50","experimental","0","1","Pseudo","3","1","1","m","trial","1080","1920","/Users/justina/Downloads/lexical_decision","156","600","850","750","400","0","750","800","548","1000","1110","1111","1101","legacy","xpyriment","1111","1111","m","469","0","20","50","50","50","50","50","50","50","kollens","11","200","7584","NA","7678","NA","NA","NA","1722","14048","7675","238358","242472","242471","1787","243022","1795","7675","14048","NA","NA","NA","NA","NA","13313","243491","243022","NA","242471","LexicalDecision"
"No","668","1","LF","-50","experimental","0","1","LF","2","1","1","n","trial","1080","1920","/Users/justina/Downloads/lexical_decision","157","600","800","750","400","0","800","850","403","1000","1101","1111","1101","legacy","xpyriment","1101","1110","n","668","0","20","50","50","50","50","50","50","50","kliekje","11","200","7584","NA","7678","NA","NA","NA","1722","14048","7675","238358","243606","243605","1787","244011","1795","7675","14048","NA","NA","NA","NA","NA","13313","244679","244011","NA","243605","LexicalDecision"
"No","458","0","LF","25","experimental","1","1","LF","2","0","0","n","trial","1080","1920","/Users/justina/Downloads/lexical_decision","158","600","825","750","400","0","825","800","429","1000","","1111","1101","legacy","xpyriment","","1101","m","458","0","20","50","25","50","50","25","25","50","pingpong","11","200","7584","NA","7678","NA","NA","NA","1722","14048","7675","245714","244795","244794","1787","245227","1795","7675","14048","NA","NA","NA","NA","NA","13313","245686","245227","NA","244794","LexicalDecision"
"No","572","1","Pseudo","-50","experimental","0","1","Pseudo","3","1","1","m","trial","1080","1920","/Users/justina/Downloads/lexical_decision","159","600","825","700","400","0","700","750","475","1000","","1111","1101","legacy","xpyriment","1111","1111","m","572","0","20","50","25","50","50","50","50","50","hookt","11","200","7584","NA","7678","NA","NA","NA","1722","14048","7675","245714","247852","247851","1787","248329","1795","7675","14048","NA","NA","NA","NA","NA","13313","248902","248329","NA","247851","LexicalDecision"
"No","433","1","HF","-50","experimental","0","1","HF","1","1","1","n","trial","1080","1920","/Users/justina/Downloads/lexical_decision","160","550","825","700","400","0","550","600","585","1","","1111","1101","legacy","xpyriment","0001","1000","n","433","0","20","50","25","50","50","50","50","50","zaal","11","200","7584","NA","7678","NA","NA","NA","1722","14048","7675","245714","249015","249014","1787","249603","1795","7675","14048","NA","NA","NA","NA","NA","13313","250037","249603","NA","249014","LexicalDecision"
"No","533","0","LF","25","experimental","0","1","LF","2","0","0","n","trial","1080","1920","/Users/justina/Downloads/lexical_decision","161","550","850","700","400","0","850","825","569","1","0","1111","1101","legacy","xpyriment","0","","m","533","0","20","50","25","50","50","25","25","25","gidsje","11","200","7584","NA","7678","NA","NA","NA","1722","14048","7675","251287","250153","250152","1787","250724","1795","7675","14048","NA","NA","NA","NA","NA","13313","251258","250724","NA","250152","LexicalDecision"
"No","630","1","Pseudo","-50","experimental","0","1","Pseudo","3","1","1","m","trial","1080","1920","/Users/justina/Downloads/lexical_decision","162","550","850","650","400","0","650","700","438","1","0","1111","1101","legacy","xpyriment","1111","1111","m","630","0","20","50","25","50","50","50","50","50","schont","11","200","7584","NA","7678","NA","NA","NA","1722","14048","7675","251287","253426","253425","1787","253866","1795","7675","14048","NA","NA","NA","NA","NA","13313","254496","253866","NA","253425","LexicalDecision"
"No","477","0","HF","50","experimental","0","1","HF","1","0","0","n","trial","1080","1920","/Users/justina/Downloads/lexical_decision","163","600","850","650","400","0","600","550","483","10","0","1111","1101","legacy","xpyriment","10","1","m","477","0","20","50","25","50","50","50","50","50","aspect","11","200","7584","NA","7678","NA","NA","NA","1722","14048","7675","255603","254611","254610","1787","255098","1795","7675","14048","NA","NA","NA","NA","NA","13313","255575","255098","NA","254609","LexicalDecision"
"No","400","0","Random","25","experimental","1","1","Random","4","0","0","m","trial","1080","1920","/Users/justina/Downloads/lexical_decision","164","600","850","650","425","0","425","400","441","10","0","1111","","legacy","xpyriment","","1101","None","400","1","20","50","25","50","25","25","25","50","neuiks","11","200","7584","NA","7678","NA","NA","NA","1722","14048","7675","258615","257743","257742","1787","258186","1795","7675","14048","NA","NA","NA","NA","NA","13313","258586","258186","NA","257742","LexicalDecision"
"No","425","0","Random","25","experimental","0","1","Random","4","0","0","m","trial","1080","1920","/Users/justina/Downloads/lexical_decision","165","600","850","650","450","0","450","425","473","10","0","1111","0","legacy","xpyriment","0","","None","425","1","20","50","25","50","25","25","25","25","tetozn","11","200","7584","NA","7678","NA","NA","NA","1722","14048","7675","261683","260754","260753","1787","261230","1795","7675","14048","NA","NA","NA","NA","NA","13313","261655","261230","NA","260753","LexicalDecision"
"No","463","0","LF","25","experimental","0","1","LF","2","0","0","n","trial","1080","1920","/Users/justina/Downloads/lexical_decision","166","600","875","650","450","0","875","850","445","10","0","1111","0","legacy","xpyriment","00","0","m","463","0","20","50","25","50","25","25","25","25","barons","11","200","7584","NA","7678","NA","NA","NA","1722","14048","7675","264763","263822","263821","1787","264271","1795","7675","14048","NA","NA","NA","NA","NA","13313","264735","264271","NA","263821","LexicalDecision"
"No","450","0","Random","25","experimental","0","1","Random","4","0","0","m","trial","1080","1920","/Users/justina/Downloads/lexical_decision","167","600","875","650","475","0","475","450","474","10","0","1111","0","legacy","xpyriment","00","0","None","450","1","20","50","25","50","25","25","25","25","oasj","11","200","7584","NA","7678","NA","NA","NA","1722","14048","7675","267858","266902","266901","1787","267380","1795","7675","14048","NA","NA","NA","NA","NA","13313","267830","267379","NA","266901","LexicalDecision"
"No","449","1","Random","-25","experimental","0","1","Random","4","1","1","m","trial","1080","1920","/Users/justina/Downloads/lexical_decision","168","600","875","650","450","0","450","475","439","10","0","1111","1","legacy","xpyriment","01","0","m","449","0","20","50","25","50","25","25","25","25","etubrls","11","200","7584","NA","7678","NA","NA","NA","1722","14048","7675","267858","269997","269996","1787","270440","1795","7675","14048","NA","NA","NA","NA","NA","13313","270890","270440","NA","269996","LexicalDecision"
"No","455","1","HF","-50","experimental","0","1","HF","1","1","1","n","trial","1080","1920","/Users/justina/Downloads/lexical_decision","169","550","875","650","450","0","550","600","413","101","0","1111","1","legacy","xpyriment","101","10","n","455","0","20","50","25","50","25","50","50","50","bewoog","11","200","7584","NA","7678","NA","NA","NA","1722","14048","7675","267858","271005","271004","1787","271421","1795","7675","14048","NA","NA","NA","NA","NA","13313","271877","271421","NA","271004","LexicalDecision"
"No","317","1","Random","-25","experimental","0","1","Random","4","1","1","m","trial","1080","1920","/Users/justina/Downloads/lexical_decision","170","550","875","650","425","0","425","450","479","101","0","1111","11","legacy","xpyriment","11","1","m","317","0","20","50","25","50","25","25","25","25","uetijps","11","200","7584","NA","7678","NA","NA","NA","1722","14048","7675","267858","271993","271992","1787","272474","1795","7675","14048","NA","NA","NA","NA","NA","13313","272792","272474","NA","271992","LexicalDecision"
"No","418","1","LF","-25","experimental","0","1","LF","2","1","1","n","trial","1080","1920","/Users/justina/Downloads/lexical_decision","171","550","850","650","425","0","850","875","488","101","1","1111","11","legacy","xpyriment","01","0","n","418","0","20","50","25","50","25","25","25","25","punk","11","200","7584","NA","7678","NA","NA","NA","1722","14048","7675","267858","272906","272905","1787","273397","1795","7675","14048","NA","NA","NA","NA","NA","13313","273816","273397","NA","272905","LexicalDecision"
"No","343","1","Random","-25","experimental","0","1","Random","4","1","1","m","trial","1080","1920","/Users/justina/Downloads/lexical_decision","172","550","850","650","400","0","400","425","520","101","1","1111","111","legacy","xpyriment","111","11","m","343","0","20","50","25","50","25","25","25","25","elipskn","11","200","7584","NA","7678","NA","NA","NA","1722","14048","7675","267858","273931","273931","1787","274455","1795","7675","14048","NA","NA","NA","NA","NA","13313","274799","274455","NA","273930","LexicalDecision"
"No","354","1","LF","-25","experimental","0","1","LF","2","1","1","n","trial","1080","1920","/Users/justina/Downloads/lexical_decision","173","550","825","650","400","0","825","850","584","101","11","1111","111","legacy","xpyriment","11","1","n","354","0","20","50","25","50","25","25","25","25","lolly's","11","200","7584","NA","7678","NA","NA","NA","1722","14048","7675","267858","274916","274915","1787","275503","1795","7675","14048","NA","NA","NA","NA","NA","13313","275858","275502","NA","274915","LexicalDecision"
"No","359","0","LF","25","experimental","0","1","LF","2","0","0","n","trial","1080","1920","/Users/justina/Downloads/lexical_decision","174","550","850","650","400","0","850","825","409","101","110","1111","111","legacy","xpyriment","110","11","m","359","0","20","50","25","50","25","25","25","25","kalfje","11","200","7584","NA","7678","NA","NA","NA","1722","14048","7675","276773","275973","275972","1787","276386","1795","7675","14048","NA","NA","NA","NA","NA","13313","276746","276386","NA","275972","LexicalDecision"
"No","479","1","Pseudo","-50","experimental","0","1","Pseudo","3","1","1","m","trial","1080","1920","/Users/justina/Downloads/lexical_decision","175","550","850","600","400","0","600","650","467","101","110","1111","111","legacy","xpyriment","1111","1111","m","479","0","20","50","25","50","25","50","50","50","doorten","11","200","7584","NA","7678","NA","NA","NA","1722","14048","7675","276773","278915","278914","1787","279384","1795","7675","14048","NA","NA","NA","NA","NA","13313","279864","279384","NA","278914","LexicalDecision"
"No","400","0","Random","25","experimental","0","1","Random","4","0","0","m","trial","1080","1920","/Users/justina/Downloads/lexical_decision","176","550","850","600","425","0","425","400","583","101","110","1111","1110","legacy","xpyriment","1110","111","None","400","1","20","50","25","50","25","25","25","25","pisjuets","11","200","7584","NA","7678","NA","NA","NA","1722","14048","7675","280998","279980","279979","1787","280567","1795","7675","14048","NA","NA","NA","NA","NA","13313","280967","280567","NA","279979","LexicalDecision"
"No","350","0","LF","25","experimental","0","1","LF","2","0","0","n","trial","1080","1920","/Users/justina/Downloads/lexical_decision","177","550","875","600","425","0","875","850","398","101","1100","1111","1110","legacy","xpyriment","1100","110","m","350","0","20","50","25","50","25","25","25","25","forums","11","200","7584","NA","7678","NA","NA","NA","1722","14048","7675","283920","283139","283139","1787","283542","1795","7675","14048","NA","NA","NA","NA","NA","13313","283893","283542","NA","283138","LexicalDecision"
"No","378","1","HF","-50","experimental","0","1","HF","1","1","1","n","trial","1080","1920","/Users/justina/Downloads/lexical_decision","178","500","875","600","425","0","500","550","532","1011","1100","1111","1110","legacy","xpyriment","1011","101","n","378","0","20","50","25","50","25","50","50","50","firma","11","200","7584","NA","7678","NA","NA","NA","1722","14048","7675","283920","286062","286061","1787","286599","1795","7675","14048","NA","NA","NA","NA","NA","13313","286978","286598","NA","286061","LexicalDecision"
"No","491","0","Pseudo","50","experimental","0","1","Pseudo","3","0","0","m","trial","1080","1920","/Users/justina/Downloads/lexical_decision","179","500","875","650","425","0","650","600","595","1011","1100","1110","1110","legacy","xpyriment","1110","1111","n","491","0","20","50","25","50","25","50","50","50","mander","11","200","7584","NA","7678","NA","NA","NA","1722","14048","7675","288211","287094","287093","1787","287691","1795","7675","14048","NA","NA","NA","NA","NA","13313","288183","287691","NA","287092","LexicalDecision"
"No","425","1","Random","-25","experimental","0","1","Random","4","1","1","m","trial","1080","1920","/Users/justina/Downloads/lexical_decision","180","500","875","650","400","0","400","425","504","1011","1100","1110","1101","legacy","xpyriment","1101","1110","m","425","0","20","50","25","50","25","25","25","25","iepgjer","11","200","7584","NA","7678","NA","NA","NA","1722","14048","7675","288211","290350","290349","1787","290857","1795","7675","14048","NA","NA","NA","NA","NA","13313","291283","290857","NA","290349","LexicalDecision"
"No","650","0","Pseudo","50","experimental","0","1","Pseudo","3","0","0","m","trial","1080","1920","/Users/justina/Downloads/lexical_decision","181","500","875","700","400","0","700","650","519","1011","1100","1100","1101","legacy","xpyriment","1100","1110","None","650","1","20","50","25","50","25","50","50","50","werkmaas","11","200","7584","NA","7678","NA","NA","NA","1722","14048","7675","292601","291399","291398","1787","291922","1795","7675","14048","NA","NA","NA","NA","NA","13313","292572","291922","NA","291398","LexicalDecision"
"No","567","1","LF","-25","experimental","0","1","LF","2","1","1","n","trial","1080","1920","/Users/justina/Downloads/lexical_decision","182","500","850","700","400","0","850","875","451","1011","1001","1100","1101","legacy","xpyriment","1001","1100","n","567","0","20","50","25","50","25","25","25","25","racebaan","11","200","7584","NA","7678","NA","NA","NA","1722","14048","7675","292601","294740","294739","1787","295194","1795","7675","14048","NA","NA","NA","NA","NA","13313","295762","295194","NA","294739","LexicalDecision"
"No","530","1","Pseudo","-50","experimental","0","1","Pseudo","3","1","1","m","trial","1080","1920","/Users/justina/Downloads/lexical_decision","183","500","850","650","400","0","650","700","567","1011","1001","1001","1101","legacy","xpyriment","1001","1100","m","530","0","20","50","25","50","25","50","50","50","finde","11","200","7584","NA","7678","NA","NA","NA","1722","14048","7675","292601","295876","295875","1787","296448","1795","7675","14048","NA","NA","NA","NA","NA","13313","296978","296447","NA","295875","LexicalDecision"
"No","534","1","Pseudo","-50","experimental","0","1","Pseudo","3","1","1","m","trial","1080","1920","/Users/justina/Downloads/lexical_decision","184","500","850","600","400","0","600","650","426","1011","1001","11","1101","legacy","xpyriment","0011","1001","m","534","0","20","50","25","50","25","50","50","50","melster","11","200","7584","NA","7678","NA","NA","NA","1722","14048","7675","292601","297093","297092","1787","297521","1795","7675","14048","NA","NA","NA","NA","NA","13313","298056","297521","NA","297092","LexicalDecision"
"No","400","0","Random","12","experimental","1","1","Random","4","0","0","m","trial","1080","1920","/Users/justina/Downloads/lexical_decision","185","500","850","600","412","0","412","400","504","1011","1001","11","","legacy","xpyriment","","1101","None","400","1","20","50","25","50","12","12","12","25","lsede","11","200","7584","NA","7678","NA","NA","NA","1722","14048","7675","299108","298170","298169","1787","298679","1795","7675","14048","NA","NA","NA","NA","NA","13313","299079","298678","NA","298169","LexicalDecision"
"No","436","1","HF","-50","experimental","0","1","HF","1","1","1","n","trial","1080","1920","/Users/justina/Downloads/lexical_decision","186","450","850","600","412","0","450","500","546","111","1001","11","","legacy","xpyriment","0111","1011","n","436","0","20","50","25","50","12","50","50","50","zwart","11","200","7584","NA","7678","NA","NA","NA","1722","14048","7675","299108","301249","301248","1787","301797","1795","7675","14048","NA","NA","NA","NA","NA","13313","302234","301797","NA","301248","LexicalDecision"
"No","412","0","Random","12","experimental","0","1","Random","4","0","0","m","trial","1080","1920","/Users/justina/Downloads/lexical_decision","187","450","850","600","424","0","424","412","461","111","1001","11","0","legacy","xpyriment","0","","None","412","1","20","50","25","50","12","12","12","12","o'usd","11","200","7584","NA","7678","NA","NA","NA","1722","14048","7675","303254","302349","302348","1787","302813","1795","7675","14048","NA","NA","NA","NA","NA","13313","303225","302813","NA","302348","LexicalDecision"
"No","447","1","HF","-50","experimental","0","1","HF","1","1","1","n","trial","1080","1920","/Users/justina/Downloads/lexical_decision","188","400","850","600","424","0","400","450","581","1111","1001","11","0","legacy","xpyriment","1111","111","n","447","0","20","50","25","50","12","50","50","50","stemmen","11","200","7584","NA","7678","NA","NA","NA","1722","14048","7675","303254","305390","305389","1787","305974","1795","7675","14048","NA","NA","NA","NA","NA","13313","306422","305973","NA","305389","LexicalDecision"
"No","400","0","HF","50","experimental","0","1","HF","1","0","0","n","trial","1080","1920","/Users/justina/Downloads/lexical_decision","189","450","850","600","424","0","450","400","560","1110","1001","11","0","legacy","xpyriment","1110","1111","None","400","1","20","50","25","50","12","50","50","50","jammer","11","200","7584","NA","7678","NA","NA","NA","1722","14048","7675","307532","306536","306535","1787","307099","1795","7675","14048","NA","NA","NA","NA","NA","13313","307499","307099","NA","306535","LexicalDecision"
"No","439","1","LF","-25","experimental","0","1","LF","2","1","1","n","trial","1080","1920","/Users/justina/Downloads/lexical_decision","190","450","825","600","424","0","825","850","593","1110","11","11","0","legacy","xpyriment","0011","1001","n","439","0","20","50","25","50","12","25","25","25","surfers","11","200","7584","NA","7678","NA","NA","NA","1722","14048","7675","307532","309671","309670","1787","310268","1795","7675","14048","NA","NA","NA","NA","NA","13313","310708","310268","NA","309670","LexicalDecision"
"No","385","1","Random","-12","experimental","0","1","Random","4","1","1","m","trial","1080","1920","/Users/justina/Downloads/lexical_decision","191","450","825","600","412","0","412","424","460","1110","11","11","1","legacy","xpyriment","01","0","m","385","0","20","50","25","50","12","12","12","12","eemeuwez","11","200","7584","NA","7678","NA","NA","NA","1722","14048","7675","307532","310824","310823","1787","311287","1795","7675","14048","NA","NA","NA","NA","NA","13313","311673","311287","NA","310823","LexicalDecision"
"No","412","0","Random","12","experimental","0","1","Random","4","0","0","m","trial","1080","1920","/Users/justina/Downloads/lexical_decision","192","450","825","600","424","0","424","412","459","1110","11","11","10","legacy","xpyriment","10","1","None","412","1","20","50","25","50","12","12","12","12","sgjkreoe","11","200","7584","NA","7678","NA","NA","NA","1722","14048","7675","312688","311787","311786","1787","312249","1795","7675","14048","NA","NA","NA","NA","NA","13313","312661","312249","NA","311786","LexicalDecision"
"No","424","0","Random","12","experimental","0","1","Random","4","0","0","m","trial","1080","1920","/Users/justina/Downloads/lexical_decision","193","450","825","600","436","0","436","424","440","1110","11","11","100","legacy","xpyriment","100","10","None","424","1","20","50","25","50","12","12","12","12","ujitlefs","11","200","7584","NA","7678","NA","NA","NA","1722","14048","7675","315726","314830","314829","1787","315273","1795","7675","14048","NA","NA","NA","NA","NA","13313","315697","315272","NA","314829","LexicalDecision"
"No","376","1","Random","-12","experimental","0","1","Random","4","1","1","m","trial","1080","1920","/Users/justina/Downloads/lexical_decision","194","450","825","600","424","0","424","436","436","1110","11","11","1001","legacy","xpyriment","1001","100","m","376","0","20","50","25","50","12","12","12","12","kelkiej","11","200","7584","NA","7678","NA","NA","NA","1722","14048","7675","315726","317871","317870","1787","318309","1795","7675","14048","NA","NA","NA","NA","NA","13313","318686","318309","NA","317870","LexicalDecision"
"No","316","1","Random","-12","experimental","0","1","Random","4","1","1","m","trial","1080","1920","/Users/justina/Downloads/lexical_decision","195","450","825","600","412","0","412","424","586","1110","11","11","11","legacy","xpyriment","0011","1001","m","316","0","20","50","25","50","12","12","12","12","lssaa","11","200","7584","NA","7678","NA","NA","NA","1722","14048","7675","315726","318800","318799","1787","319389","1795","7675","14048","NA","NA","NA","NA","NA","13313","319706","319389","NA","318799","LexicalDecision"
"No","449","1","Pseudo","-50","experimental","0","1","Pseudo","3","1","1","m","trial","1080","1920","/Users/justina/Downloads/lexical_decision","196","450","825","550","412","0","550","600","463","1110","11","111","11","legacy","xpyriment","111","11","m","449","0","20","50","25","50","12","50","50","50","hege","11","200","7584","NA","7678","NA","NA","NA","1722","14048","7675","315726","319820","319819","1787","320287","1795","7675","14048","NA","NA","NA","NA","NA","13313","320737","320287","NA","319819","LexicalDecision"
"No","340","0","HF","50","experimental","0","1","HF","1","0","0","n","trial","1080","1920","/Users/justina/Downloads/lexical_decision","197","500","825","550","412","0","500","450","552","1100","11","111","11","legacy","xpyriment","1100","1110","m","340","0","20","50","25","50","12","50","50","50","gehad","11","200","7584","NA","7678","NA","NA","NA","1722","14048","7675","321777","320852","320851","1787","321409","1795","7675","14048","NA","NA","NA","NA","NA","13313","321750","321408","NA","320851","LexicalDecision"
"No","412","0","Random","12","experimental","0","1","Random","4","0","0","m","trial","1080","1920","/Users/justina/Downloads/lexical_decision","198","500","825","550","424","0","424","412","588","1100","11","111","110","legacy","xpyriment","110","11","None","412","1","20","50","25","50","12","12","12","12","secjepsh","11","200","7584","NA","7678","NA","NA","NA","1722","14048","7675","324954","323922","323921","1787","324514","1795","7675","14048","NA","NA","NA","NA","NA","13313","324926","324514","NA","323921","LexicalDecision"
"No","438","0","Pseudo","50","experimental","0","1","Pseudo","3","0","0","m","trial","1080","1920","/Users/justina/Downloads/lexical_decision","199","500","825","600","424","0","600","550","545","1100","11","1110","110","legacy","xpyriment","1110","111","n","438","0","20","50","25","50","12","50","50","50","doben","11","200","7584","NA","7678","NA","NA","NA","1722","14048","7675","328113","327099","327098","1787","327646","1795","7675","14048","NA","NA","NA","NA","NA","13313","328085","327646","NA","327098","LexicalDecision"
"No","450","0","HF","50","experimental","0","1","HF","1","0","0","n","trial","1080","1920","/Users/justina/Downloads/lexical_decision","200","550","825","600","424","0","550","500","398","1000","11","1110","110","legacy","xpyriment","1000","1100","m","450","0","20","50","25","50","12","50","50","50","daarna","11","200","7584","NA","7678","NA","NA","NA","1722","14048","7675","331136","330254","330253","1787","330657","1795","7675","14048","NA","NA","NA","NA","NA","13313","331108","330656","NA","330253","LexicalDecision"
"No","450","0","ALL","50","experimental","0","1","Random","4","0","0","m","block_summary","1080","1920","/Users/justina/Downloads/lexical_decision","200","550","825","600","424","0","550","500","398","1000","11","1110","110","legacy","xpyriment","1000","1100","m","450","0","20","50","25","50","12","50","50","50","sraless","11","200","7584","NA","7678","NA","NA","NA","1722","14048","7675","331136","330254","330253","1787","330657","1795","7675","14048","NA","NA","NA","NA","NA","13313","331108","330656","NA","330253","LexicalDecision"
